,heat_MW,p5_MW,p95_MW
2021-01-01 00:00:00,77.08019212540489,61.95121228111565,87.41777119390181
2021-01-01 01:00:00,66.54864497179221,53.8615120481133,78.86040653903426
2021-01-01 02:00:00,85.28531504507926,71.51168070189459,97.98053636782876
2021-01-01 03:00:00,81.0708845686411,70.62059554567571,90.2579008631361
2021-01-01 04:00:00,78.43410140783465,67.51781655749758,86.22440301279279
2021-01-01 05:00:00,108.62684499720895,97.66695636395943,121.723415758435
2021-01-01 06:00:00,198.4320415299116,176.70774997457661,219.24626274625965
2021-01-01 07:00:00,309.52183781294497,285.298158903537,335.18151840702285
2021-01-01 08:00:00,271.8785075590904,250.9245289135807,290.62326118744477
2021-01-01 09:00:00,165.1591222354974,146.1480214955555,178.22634633469116
2021-01-01 10:00:00,129.72933705121844,115.08361779244161,146.45410883806252
2021-01-01 11:00:00,105.48734447332892,90.74625022877856,119.94723261364162
2021-01-01 12:00:00,99.7913544490139,88.22469853546366,113.79972612681718
2021-01-01 13:00:00,126.4845117012707,115.36110027525763,148.4859848456942
2021-01-01 14:00:00,129.49206272344193,111.92978627469844,148.33665347770363
2021-01-01 15:00:00,126.77382952711176,110.11970161429197,148.76409650261024
2021-01-01 16:00:00,166.78161284522764,143.95999119757602,186.2289042671173
2021-01-01 17:00:00,216.85493684711287,193.1030471666175,237.22466196191877
2021-01-01 18:00:00,227.99609315127296,204.63340401786027,247.47298233898186
2021-01-01 19:00:00,216.29114378245012,197.6068127398629,236.65227102174205
2021-01-01 20:00:00,206.27417118752246,188.2761497044685,227.4320015048702
2021-01-01 21:00:00,196.5411256286959,176.36463763895784,225.82604246650303
2021-01-01 22:00:00,154.34590576468224,137.54986013979732,175.92261538161853
2021-01-01 23:00:00,105.85673041358278,93.62552850765681,121.79053517143585
2021-01-02 00:00:00,72.37710673614014,62.3528934899891,82.45646319816822
2021-01-02 01:00:00,54.69353032361814,44.18904644576115,62.92182702199055
2021-01-02 02:00:00,55.24406746151479,46.76127765538293,65.56612931204924
2021-01-02 03:00:00,48.284132511522905,40.05838238684051,55.39460740625631
2021-01-02 04:00:00,51.63219777496055,42.47628255007342,58.74144515102045
2021-01-02 05:00:00,59.92221749958413,46.999935933558156,68.94394972834414
2021-01-02 06:00:00,74.32733292437396,62.65010205314416,88.32130828334164
2021-01-02 07:00:00,228.23277292982962,204.30827014935855,251.5779331426321
2021-01-02 08:00:00,247.8052829273451,228.53467239838207,275.6320673136122
2021-01-02 09:00:00,176.9304441112667,157.08376801409915,195.78534106336488
2021-01-02 10:00:00,143.03606924988284,132.6719113308699,157.28381410906027
2021-01-02 11:00:00,128.44057017852094,119.55732330981154,142.78133317515665
2021-01-02 12:00:00,103.56262459391375,91.81607631878138,121.52983359669967
2021-01-02 13:00:00,109.93124023559943,99.10381970771712,124.40226401929885
2021-01-02 14:00:00,106.87091756235426,92.80245012682293,125.20695222980791
2021-01-02 15:00:00,127.88266377090464,113.00249491794298,152.66011087181784
2021-01-02 16:00:00,145.20322974854508,128.3913959168205,165.8939542145938
2021-01-02 17:00:00,190.52369978553787,171.16805250341088,217.1578452837154
2021-01-02 18:00:00,217.69588617782244,193.59344595989202,240.4672933942052
2021-01-02 19:00:00,190.6701827485957,169.71853537078502,212.16358457746878
2021-01-02 20:00:00,176.1800831421012,153.65283522296815,197.0914935224137
2021-01-02 21:00:00,178.23706155999747,157.6591646578555,198.23161811401474
2021-01-02 22:00:00,125.45538561805512,108.7963232234122,139.1098470817378
2021-01-02 23:00:00,90.06394287128767,77.48567383365997,104.72320319052848
2021-01-03 00:00:00,69.71467720619133,59.65117469175649,80.09991998077405
2021-01-03 01:00:00,63.268219376256056,54.31983265818236,73.20872578450582
2021-01-03 02:00:00,57.795907140711805,46.870852443180056,66.75541478989359
2021-01-03 03:00:00,59.13704047597806,50.47574762815045,66.99834450018052
2021-01-03 04:00:00,78.27179600431515,66.16581162436,86.40931604765997
2021-01-03 05:00:00,77.00311433462582,66.2156961282155,84.26676175633544
2021-01-03 06:00:00,108.14039409650273,93.01331001552273,119.51297380806251
2021-01-03 07:00:00,241.22800416808755,211.855925633012,270.6096051283058
2021-01-03 08:00:00,257.57277995108575,235.66458199290219,287.4722748163559
2021-01-03 09:00:00,181.69936302220808,162.80672909276288,199.5670510664628
2021-01-03 10:00:00,145.6055047548763,132.05719505961775,163.23007923344107
2021-01-03 11:00:00,125.24729580952024,114.61079406590706,140.3876328967526
2021-01-03 12:00:00,111.1352753850396,99.64832413646945,127.15937588913246
2021-01-03 13:00:00,106.45983938698205,94.40199759345107,118.83513567229645
2021-01-03 14:00:00,119.93231525169645,105.44616997763734,137.25629999326594
2021-01-03 15:00:00,130.4312133943812,109.9786213304466,153.89806810762744
2021-01-03 16:00:00,159.99227558992067,144.74664257870347,177.96891469462292
2021-01-03 17:00:00,224.25792912955035,204.49951902677807,255.83233430296602
2021-01-03 18:00:00,246.24183255144635,217.3457174363135,270.4942065877221
2021-01-03 19:00:00,222.4510077535094,200.00498937051074,248.27131032277845
2021-01-03 20:00:00,207.8801718653729,183.25933662503198,228.92292693960493
2021-01-03 21:00:00,211.1963103533433,193.94698044741585,232.20256178787818
2021-01-03 22:00:00,164.65648826619426,149.35308245032624,179.28136690727402
2021-01-03 23:00:00,119.7093539831423,107.27933239794034,131.74803855018976
2021-01-04 00:00:00,88.80324212741945,70.50483250291074,103.57490443354831
2021-01-04 01:00:00,68.68034622489712,55.728857432119575,80.33549618928318
2021-01-04 02:00:00,66.45050905317389,54.69282666162545,77.68355903184991
2021-01-04 03:00:00,68.64997310541763,59.79570961378542,77.12576311343477
2021-01-04 04:00:00,69.69636808032617,60.38182921780557,79.68118040143452
2021-01-04 05:00:00,81.12771062137386,70.69724842782844,89.75297609237535
2021-01-04 06:00:00,154.14636448090653,130.24215597758493,179.11771000603736
2021-01-04 07:00:00,286.2718023187536,262.8840602292046,312.6077046994792
2021-01-04 08:00:00,229.08824301050115,203.88658099867482,247.74844192796635
2021-01-04 09:00:00,134.33286816163033,119.88820458092715,147.13490757290924
2021-01-04 10:00:00,102.27450501242099,92.3991036275141,116.30073836404134
2021-01-04 11:00:00,92.12397183538705,81.20090885380206,113.37323996171678
2021-01-04 12:00:00,78.9573333604425,67.98988283444517,94.60516548803376
2021-01-04 13:00:00,102.34774864898736,91.56855963312269,124.93501909759473
2021-01-04 14:00:00,112.85774175334817,100.84591489739745,132.23717152717222
2021-01-04 15:00:00,106.58283986091688,95.14431578463525,123.69620657060429
2021-01-04 16:00:00,163.98802847445245,152.11140150591027,179.2756596448229
2021-01-04 17:00:00,212.52556565059464,187.51040811180204,234.14014198081978
2021-01-04 18:00:00,221.87182191004564,200.896844420802,237.94069982259788
2021-01-04 19:00:00,224.84003184160628,203.46775749092475,246.4273149660747
2021-01-04 20:00:00,219.06688718204782,199.41020918939302,238.8539974778042
2021-01-04 21:00:00,201.21549647307947,183.5852235426734,222.143236890238
2021-01-04 22:00:00,162.66904872113747,148.61286667155258,184.89371029740082
2021-01-04 23:00:00,130.51782366180515,116.60452314884505,145.21763295061572
2021-01-05 00:00:00,70.31464597352652,54.07781844918606,82.11424131614305
2021-01-05 01:00:00,58.252268039791105,43.49527442954439,68.33462946863261
2021-01-05 02:00:00,64.94727385169642,51.663018937312025,75.81929732137473
2021-01-05 03:00:00,62.94719705300866,50.78491882410166,70.02644757264396
2021-01-05 04:00:00,68.3998151653034,56.94917069076891,78.3727282033853
2021-01-05 05:00:00,99.88335778738019,84.5928621934128,115.01512279464613
2021-01-05 06:00:00,175.5880827167731,157.47663302130348,200.35699354141144
2021-01-05 07:00:00,275.3298884320677,251.69739867255086,302.5410333074567
2021-01-05 08:00:00,233.0563950876228,210.45659131977646,248.88366068331084
2021-01-05 09:00:00,120.38420097360417,103.21821467425325,131.02908263344912
2021-01-05 10:00:00,90.47769170933854,78.36835982506763,106.51051837845307
2021-01-05 11:00:00,72.22923644592807,62.83262878576556,81.4048751773236
2021-01-05 12:00:00,83.0441630277543,71.48532251501562,96.25654879611048
2021-01-05 13:00:00,99.87209992721488,84.48987362842048,114.95087874026522
2021-01-05 14:00:00,120.20409250097111,105.64072070446032,142.1386081355484
2021-01-05 15:00:00,119.55229988746211,104.48146564656685,138.2910150261623
2021-01-05 16:00:00,158.34826058521384,136.18575109507563,176.06453869331207
2021-01-05 17:00:00,220.86818703425828,196.02059598436347,240.3029357775629
2021-01-05 18:00:00,239.50783050558513,217.1015327398079,259.6035856842658
2021-01-05 19:00:00,222.65160402454322,200.70638922264695,244.53700503642813
2021-01-05 20:00:00,228.60393338673018,211.67854133393578,249.39497443345888
2021-01-05 21:00:00,210.49859396808623,193.0900393485866,232.46266268141434
2021-01-05 22:00:00,182.27372206824163,166.33540483359604,206.31905299489395
2021-01-05 23:00:00,127.6737337546415,115.35801150720653,144.1296003731676
2021-01-06 00:00:00,94.12806348983383,82.27907661132434,107.51925417031923
2021-01-06 01:00:00,81.68476220120627,69.17230162246665,95.13510055283214
2021-01-06 02:00:00,83.66271247819863,67.05618320763078,96.28664260973002
2021-01-06 03:00:00,80.21153439779273,70.12405298298104,91.76582243119623
2021-01-06 04:00:00,72.86815358841224,63.3601120406372,79.470978322727
2021-01-06 05:00:00,104.62740549545997,94.03527786620339,120.03107908052739
2021-01-06 06:00:00,165.34135724905272,144.11153706795767,193.0455347652512
2021-01-06 07:00:00,297.55673396446633,273.9552825115679,326.0446182018572
2021-01-06 08:00:00,244.4238470746673,222.03743987422448,260.7837086093367
2021-01-06 09:00:00,150.71439968568436,129.20351990233246,166.47816094867443
2021-01-06 10:00:00,120.14985049937228,109.80231120419013,131.40533904057807
2021-01-06 11:00:00,125.07161185170582,110.16712783070055,142.26846778191214
2021-01-06 12:00:00,108.84664005313527,95.69646077487583,123.54697033216746
2021-01-06 13:00:00,125.47073361403147,111.57827693960274,145.20699996720475
2021-01-06 14:00:00,114.20025535371771,99.191770053281,130.54459472816103
2021-01-06 15:00:00,112.09673443191502,99.23249682535143,126.6433964727972
2021-01-06 16:00:00,180.23082617926832,160.8549676075965,198.16796580001824
2021-01-06 17:00:00,235.5100043695401,211.7239704167402,260.7391631571807
2021-01-06 18:00:00,237.04633174478897,212.7679509245683,254.3505527308446
2021-01-06 19:00:00,247.04108451380878,225.97042896970677,272.82732660028654
2021-01-06 20:00:00,222.9096710184154,202.25127695919696,243.2458086467988
2021-01-06 21:00:00,211.45973726599107,194.50584994605148,234.0879792615277
2021-01-06 22:00:00,161.1568156350417,138.31479828912876,185.7738116107134
2021-01-06 23:00:00,119.19934056128338,105.04859231993528,135.9634509091182
2021-01-07 00:00:00,76.24041467618935,62.83347314989946,90.10792089076483
2021-01-07 01:00:00,58.77344531537316,46.79958570097891,68.08570407288619
2021-01-07 02:00:00,64.52532725934448,51.76588953956261,76.267824667946
2021-01-07 03:00:00,63.50216251396616,55.56633480046723,70.20747318187541
2021-01-07 04:00:00,74.43414095670177,65.6215407029511,85.80300854550428
2021-01-07 05:00:00,79.7852373906452,70.05934595350084,89.59407883025979
2021-01-07 06:00:00,175.42128202575307,154.96195854632685,201.03539574946257
2021-01-07 07:00:00,266.4955646895943,245.08747962379832,292.70920765430265
2021-01-07 08:00:00,225.43347283537707,203.94416666771122,241.52647454958088
2021-01-07 09:00:00,126.38430760993221,110.89677812427931,139.14913553042
2021-01-07 10:00:00,101.25192876340687,90.02890470907586,116.2363653476094
2021-01-07 11:00:00,93.82424559768694,81.82250435112331,110.76984495147387
2021-01-07 12:00:00,94.83673214419115,82.71385889716254,109.6486026536272
2021-01-07 13:00:00,99.47436515944032,85.91711243487366,118.95966979115448
2021-01-07 14:00:00,107.20865941804793,93.7100746477227,127.91873239402688
2021-01-07 15:00:00,94.68192649278417,82.37463010388342,110.31582241956899
2021-01-07 16:00:00,170.92824342396187,154.58460236532838,186.23664991325052
2021-01-07 17:00:00,238.2057207490427,213.05062849985796,257.8507011327665
2021-01-07 18:00:00,241.25886468744997,216.22296033132946,259.7037452241404
2021-01-07 19:00:00,234.62491625552335,214.70795812861385,254.5139572323451
2021-01-07 20:00:00,233.92103145606282,215.4842358219412,252.8856883024549
2021-01-07 21:00:00,220.31190546317455,201.6452077394369,240.0416446045893
2021-01-07 22:00:00,188.75292905208283,173.0883082722902,210.69180263027513
2021-01-07 23:00:00,120.23367511640814,107.8836389524666,133.79241195701442
2021-01-08 00:00:00,99.97342479724793,84.87924891897896,111.5872812531868
2021-01-08 01:00:00,85.867979710138,69.81835160245923,99.93953719180088
2021-01-08 02:00:00,88.93164661460517,73.32390542157289,102.62623021924807
2021-01-08 03:00:00,84.76269225740829,74.04928838150781,93.39865231004177
2021-01-08 04:00:00,96.93993873670905,86.03388789987577,105.67859617426116
2021-01-08 05:00:00,103.90284034578087,93.53097223439529,115.08705030970611
2021-01-08 06:00:00,164.49021711793188,140.77659510351302,193.83920715216644
2021-01-08 07:00:00,296.2548565722462,273.70384344343466,327.67398066931025
2021-01-08 08:00:00,261.5107376735054,241.72749613749943,280.91725897294094
2021-01-08 09:00:00,155.62663022580537,140.09921123661647,174.1704626424033
2021-01-08 10:00:00,112.27636843071751,97.90226612629526,124.9838276709142
2021-01-08 11:00:00,86.45866807420607,73.98082748791747,99.13579903076456
2021-01-08 12:00:00,83.55750067419432,72.40817899056876,99.6421331595264
2021-01-08 13:00:00,107.21086868829926,93.48441239872325,129.30034525086833
2021-01-08 14:00:00,114.09708076439802,99.12441582684305,130.76110016327632
2021-01-08 15:00:00,109.53771319200385,96.98517186570413,121.7353807510231
2021-01-08 16:00:00,165.53288221286832,150.94728673333302,178.179864650565
2021-01-08 17:00:00,223.64358845927998,199.47997428696917,244.22659686535425
2021-01-08 18:00:00,254.2534634396303,231.2311961809203,275.72601569465695
2021-01-08 19:00:00,226.4551257910172,202.02542799634682,250.56210514741895
2021-01-08 20:00:00,227.82430964650806,211.81979575191232,248.2014471916506
2021-01-08 21:00:00,208.0138669697087,192.36043350815382,230.09984135710565
2021-01-08 22:00:00,159.51117190609241,143.08718800461855,180.0037815188743
2021-01-08 23:00:00,120.06717271572435,107.8390891386302,134.11493589171891
2021-01-09 00:00:00,80.93302837447072,67.44490782375787,90.06249351416794
2021-01-09 01:00:00,63.921863563289364,52.7532432348784,73.12364968961042
2021-01-09 02:00:00,61.99756545830875,51.998790877557,70.50545129239532
2021-01-09 03:00:00,64.46272894144285,54.44383526047336,74.65565185900898
2021-01-09 04:00:00,69.50531985837581,58.228633085053694,75.75275069828379
2021-01-09 05:00:00,75.61979510874072,63.705532649314634,86.6420770156878
2021-01-09 06:00:00,90.31083798612256,75.43711748772085,102.80129824829963
2021-01-09 07:00:00,240.9199840496571,215.49129099760356,271.1036639724592
2021-01-09 08:00:00,243.93429553494553,222.90434902848432,270.9163998844255
2021-01-09 09:00:00,184.5538851156867,166.37845301346505,206.5144711137071
2021-01-09 10:00:00,141.25907249227808,128.08726964934252,155.4167448137524
2021-01-09 11:00:00,119.66146008812755,110.26518421210282,135.77894818801624
2021-01-09 12:00:00,110.57908989298338,99.89473267405634,129.46465254638366
2021-01-09 13:00:00,114.93752823440194,103.419751527147,132.102140692368
2021-01-09 14:00:00,116.53090417939,104.12582796025137,131.2430110283846
2021-01-09 15:00:00,126.05334184480543,112.80603716692396,140.4944494883321
2021-01-09 16:00:00,149.1219897982151,135.48425786842373,168.44580471162044
2021-01-09 17:00:00,200.0456983738178,183.6100113875984,223.12924934062266
2021-01-09 18:00:00,224.17125658971148,200.401377939762,244.72318770396
2021-01-09 19:00:00,199.6841601432266,179.55486060985731,221.75515290521264
2021-01-09 20:00:00,181.02186661084832,157.6829575079008,202.04751326046636
2021-01-09 21:00:00,216.91788176579212,198.5528651329368,236.93973209871365
2021-01-09 22:00:00,154.96767940017045,140.70464750516678,169.49735331601627
2021-01-09 23:00:00,120.87758413316557,108.34082578694692,135.9597073623199
2021-01-10 00:00:00,80.4136354331562,68.59289762360515,87.70733156477677
2021-01-10 01:00:00,74.65726444954555,61.93671669288883,85.04485581819165
2021-01-10 02:00:00,81.97910323317207,69.84154407421079,93.94330805635079
2021-01-10 03:00:00,73.43476123325672,64.50432927706983,81.41909125093349
2021-01-10 04:00:00,69.94573854189754,60.99458166076439,77.58014528538288
2021-01-10 05:00:00,81.06971515235642,67.46417250405273,91.07299005851519
2021-01-10 06:00:00,109.74096627132296,94.58379481543268,122.12471262245094
2021-01-10 07:00:00,261.4370791127716,238.4255730284141,286.30055943051406
2021-01-10 08:00:00,275.1977028545425,254.514795270182,298.04354775610994
2021-01-10 09:00:00,185.51730366170565,168.78003774888128,203.03397414231526
2021-01-10 10:00:00,130.45546176872574,119.84831281936316,144.68455057211688
2021-01-10 11:00:00,112.93067088657335,102.0409477401708,126.06032147800518
2021-01-10 12:00:00,95.50261762928689,85.25939287248487,107.20835640439019
2021-01-10 13:00:00,107.42734066835402,97.07215953927913,124.8006233776875
2021-01-10 14:00:00,110.45736833334789,96.28066142774304,124.22383739142143
2021-01-10 15:00:00,137.29964060414832,122.00086591979638,157.26038424210242
2021-01-10 16:00:00,158.7669621946339,143.93008885963098,177.71878687685137
2021-01-10 17:00:00,241.92131942094025,222.82348432715082,269.26593012499336
2021-01-10 18:00:00,259.60841521980865,231.38944179393678,280.8666799968456
2021-01-10 19:00:00,229.17340589432962,209.79446790642697,255.21782580574933
2021-01-10 20:00:00,208.64319222654652,189.25077905559678,227.71055510088271
2021-01-10 21:00:00,217.53197574221042,193.31833200992816,239.0375252861052
2021-01-10 22:00:00,154.38373593389235,141.90287979949804,166.81446333011985
2021-01-10 23:00:00,125.7944052088377,113.05799824319317,139.27765075659275
2021-01-11 00:00:00,107.68070221003256,92.00131325904903,125.53228883947274
2021-01-11 01:00:00,67.47494213449619,56.36452837096803,77.68992836810077
2021-01-11 02:00:00,77.30867084451373,64.21992256670646,90.22533635859082
2021-01-11 03:00:00,63.339848949087205,56.01777899745001,72.10687849107778
2021-01-11 04:00:00,70.94670452557075,61.37937876680861,79.26647537064625
2021-01-11 05:00:00,90.14440054344317,76.21239698460931,99.71144004075785
2021-01-11 06:00:00,161.01591059879178,142.45970046587928,186.33386859582743
2021-01-11 07:00:00,296.1809504638737,269.97039334006007,321.8779814855161
2021-01-11 08:00:00,249.90234757607834,228.2602786095891,265.2576960545064
2021-01-11 09:00:00,152.9735275236848,137.324836508079,164.71059080795303
2021-01-11 10:00:00,118.51718190150038,103.68179220021085,130.7099257133269
2021-01-11 11:00:00,96.81251955678059,85.05066434889798,108.34251042329453
2021-01-11 12:00:00,115.84093730892702,99.52828295650957,135.26223024703364
2021-01-11 13:00:00,127.82003773283046,112.59836628247646,148.893245913812
2021-01-11 14:00:00,123.72177506376005,111.20957745667583,143.75003707182813
2021-01-11 15:00:00,119.50208752423745,109.35238045804651,133.03293691479055
2021-01-11 16:00:00,175.66892026982995,162.14555685730457,190.4925855327315
2021-01-11 17:00:00,246.65499131851945,221.61505525058453,266.98303602721
2021-01-11 18:00:00,255.34105860751296,232.7950576743216,277.73106642619007
2021-01-11 19:00:00,240.49166143514174,216.91943671790287,262.6376989971827
2021-01-11 20:00:00,237.48585190280943,218.77230878094414,260.54873623392695
2021-01-11 21:00:00,229.935714427239,213.46961566829455,253.70230117151908
2021-01-11 22:00:00,181.41881670012822,162.9277937320725,204.92377133395385
2021-01-11 23:00:00,132.18079530907727,117.84125082415345,145.35167109105086
2021-01-12 00:00:00,113.4910503627524,97.14055983076244,128.30464918326985
2021-01-12 01:00:00,84.14250033993379,71.5089334946593,96.93834933514192
2021-01-12 02:00:00,88.14658506787114,74.92327100941182,100.87540528697059
2021-01-12 03:00:00,87.25613365692223,73.59885220305141,98.40357924826857
2021-01-12 04:00:00,86.3548173740405,73.30483447482138,97.68461927575265
2021-01-12 05:00:00,111.61772974565932,95.0070028756703,128.17174239049552
2021-01-12 06:00:00,173.23011786088958,152.83751540073868,201.99588878500657
2021-01-12 07:00:00,300.84239569117597,275.72501521252633,325.150231750346
2021-01-12 08:00:00,259.6234614442389,238.9396539356216,275.6217259176393
2021-01-12 09:00:00,127.306783825995,113.047258874987,135.85212545994332
2021-01-12 10:00:00,95.34375753084127,83.65002150951909,108.4491616980895
2021-01-12 11:00:00,94.70727127119417,78.79163975165784,110.3800587092138
2021-01-12 12:00:00,102.18306620258737,91.16698213503699,115.5599286248946
2021-01-12 13:00:00,131.537105356544,116.86481065047519,154.0522237036964
2021-01-12 14:00:00,134.36499067587602,120.19507562560415,153.78488867654434
2021-01-12 15:00:00,128.7912935309859,115.61234548823617,146.35107635442915
2021-01-12 16:00:00,202.4441914989464,184.81817820369199,219.70794908426984
2021-01-12 17:00:00,243.8100793819642,219.79482898081102,261.9285058127744
2021-01-12 18:00:00,252.84938918765047,228.65670389130554,274.1074870930089
2021-01-12 19:00:00,239.89009406458314,217.82762994071564,259.8439673781707
2021-01-12 20:00:00,231.5977867844761,211.04363431914337,251.7122516529221
2021-01-12 21:00:00,214.25125635521974,195.2792173934816,235.75000071368072
2021-01-12 22:00:00,178.59489088972416,155.53426966187016,200.3603079179872
2021-01-12 23:00:00,136.06925737900096,123.18810693467094,152.52553784955037
2021-01-13 00:00:00,99.73838838183127,84.67753461714094,111.53023018341683
2021-01-13 01:00:00,78.54883482093759,66.91580618263471,88.76447674881425
2021-01-13 02:00:00,87.71123657579975,74.76520097317189,100.6658876664171
2021-01-13 03:00:00,84.43628550232445,76.48963916199598,92.62616456450195
2021-01-13 04:00:00,89.56341613736706,78.27200506442463,96.68245995170659
2021-01-13 05:00:00,117.25935413620998,103.64879867659592,137.64146039465894
2021-01-13 06:00:00,197.82502122853765,176.38854120044482,224.65288562403643
2021-01-13 07:00:00,323.65776245164216,298.96436379204823,349.24058867170817
2021-01-13 08:00:00,279.25302686243623,257.3206234806649,299.4745553509428
2021-01-13 09:00:00,172.79601877733015,152.6707872575911,188.95184944002824
2021-01-13 10:00:00,118.14348431550638,103.95718936640847,131.70766953752656
2021-01-13 11:00:00,109.35786418061875,93.72962654889373,127.74577288075075
2021-01-13 12:00:00,101.91813171553619,90.2914057869918,124.96152322154825
2021-01-13 13:00:00,126.79730754774903,112.00915745440422,145.67279559988575
2021-01-13 14:00:00,130.16546703469615,115.34657801701077,146.43634988520157
2021-01-13 15:00:00,127.29334462997069,113.03662246411368,141.38606134500603
2021-01-13 16:00:00,193.5236725558013,176.48519865953236,215.80972730646732
2021-01-13 17:00:00,246.0455928890813,224.26977081104152,265.1335546029705
2021-01-13 18:00:00,258.4465535984885,236.23800766205926,276.7272582946302
2021-01-13 19:00:00,242.6193075053531,224.3800124194199,262.3689178266405
2021-01-13 20:00:00,237.37986995189772,217.26505953902924,256.07250968107667
2021-01-13 21:00:00,219.705785598183,198.84582764772802,240.3608665505651
2021-01-13 22:00:00,189.43314554281994,171.97362588456036,209.09160003484126
2021-01-13 23:00:00,131.0608977881707,120.41210255917888,143.83282799204616
2021-01-14 00:00:00,96.13980042131304,79.86420623823777,108.99312701038527
2021-01-14 01:00:00,82.63905725407395,69.9794379161991,94.61809896107187
2021-01-14 02:00:00,98.2379041871701,81.96438892160172,110.93008854914493
2021-01-14 03:00:00,99.0721987307207,85.85731338556346,109.74000104581555
2021-01-14 04:00:00,93.43186901095854,84.14820039613969,101.45309930917409
2021-01-14 05:00:00,107.0288475183288,96.2593253824514,118.80944263407818
2021-01-14 06:00:00,201.14635951878236,177.32214350817947,228.80964338894898
2021-01-14 07:00:00,326.6918057965403,301.56490263595225,356.09506389824674
2021-01-14 08:00:00,288.2011292105804,265.3013081100202,304.6458446285298
2021-01-14 09:00:00,159.8307003081685,142.4059065558056,169.77047457971207
2021-01-14 10:00:00,125.39023714099476,110.35850208039939,142.09668126100496
2021-01-14 11:00:00,105.45490381732847,92.53022563549467,119.29334618511756
2021-01-14 12:00:00,121.03797150583078,102.01964531874957,141.72205527009893
2021-01-14 13:00:00,144.31644236931336,132.09752038484126,165.42338835770784
2021-01-14 14:00:00,145.20301514205852,128.9352032607495,164.78320812715071
2021-01-14 15:00:00,129.28690628000703,115.85380545215322,149.64366556933973
2021-01-14 16:00:00,203.11910856235193,188.20959087923566,223.63400432849187
2021-01-14 17:00:00,261.94801119834295,242.90404931275177,279.44438710797255
2021-01-14 18:00:00,276.23960572435914,249.79544423016935,293.6560351936129
2021-01-14 19:00:00,267.8285167037029,246.68024629420168,289.2486650188488
2021-01-14 20:00:00,262.41577321034373,240.32849701916376,279.94755241368745
2021-01-14 21:00:00,243.55609424852273,225.7546711189067,264.0336289261859
2021-01-14 22:00:00,200.61058333986733,183.31213449636908,221.42105969421007
2021-01-14 23:00:00,158.4434776484345,148.14259579673435,174.11007122015363
2021-01-15 00:00:00,109.49078867190792,93.59533075569291,124.65211006089262
2021-01-15 01:00:00,103.37017610231756,88.503272065427,118.70518222764865
2021-01-15 02:00:00,108.63594453529761,92.33905623587512,122.14293269636485
2021-01-15 03:00:00,102.75593095129925,91.3192454012539,112.19230665890773
2021-01-15 04:00:00,109.68556359312369,96.01087600937079,122.08148788541243
2021-01-15 05:00:00,119.48133770269483,107.84134680784555,134.3253076473
2021-01-15 06:00:00,191.27058989708834,167.1522534201027,220.56654754796688
2021-01-15 07:00:00,335.40757381879973,301.200699805474,376.2391465579731
2021-01-15 08:00:00,311.2984134086016,289.88205160097976,333.11459091398757
2021-01-15 09:00:00,165.80044286927446,150.3813783922322,176.12169400197465
2021-01-15 10:00:00,119.86647775644353,105.68532065559326,132.31963102804556
2021-01-15 11:00:00,109.11890223932909,97.82918407359044,120.7473428039315
2021-01-15 12:00:00,95.41984252950822,82.13701872414744,108.21648163326377
2021-01-15 13:00:00,115.25465152998547,101.61508979789203,132.48826010586592
2021-01-15 14:00:00,123.58437554553255,106.54535792288887,142.80184809390744
2021-01-15 15:00:00,122.4465365623022,106.4539476541888,139.99292722490264
2021-01-15 16:00:00,213.4427365784816,199.44088676005265,232.78054615966698
2021-01-15 17:00:00,266.7147542541402,243.9738001744681,285.75109199111546
2021-01-15 18:00:00,270.36534088993704,244.54826197858404,288.8365699609525
2021-01-15 19:00:00,272.93185678929524,251.36556037158172,292.6039283448977
2021-01-15 20:00:00,266.59050440264946,247.58314307904593,288.8436103760645
2021-01-15 21:00:00,250.76581872627239,231.57618895343336,276.4534139877734
2021-01-15 22:00:00,210.03114058729258,196.54941843615302,233.26770376286635
2021-01-15 23:00:00,160.1255077980675,143.27284146969194,171.67883265233058
2021-01-16 00:00:00,114.02037934153739,96.4147467320397,125.93134674630832
2021-01-16 01:00:00,91.7574674520288,79.53193406220744,99.86430925216877
2021-01-16 02:00:00,90.6965646269698,79.03894308630791,99.26924152727354
2021-01-16 03:00:00,98.36147349316043,86.85877333555695,108.01930564980817
2021-01-16 04:00:00,104.36837839097785,93.47863488220125,114.67274981960487
2021-01-16 05:00:00,116.24664009273533,101.18670178420224,130.919745662992
2021-01-16 06:00:00,152.09014208036734,139.31169655449835,164.64349832702374
2021-01-16 07:00:00,303.26060207909995,281.2231721039462,332.90352881294615
2021-01-16 08:00:00,335.36036133097616,309.7980974163375,371.86900953940454
2021-01-16 09:00:00,231.9187625628717,214.52145272088705,250.68338613458158
2021-01-16 10:00:00,168.7859963972946,155.09250221827554,183.48773593569726
2021-01-16 11:00:00,140.8159955946203,126.59817192733331,156.93065901717625
2021-01-16 12:00:00,132.99367868872469,122.32497219136103,148.81400153244326
2021-01-16 13:00:00,141.85986185229208,130.92008494636616,161.75761966195523
2021-01-16 14:00:00,142.45301432328407,128.59777353567236,165.5115796449233
2021-01-16 15:00:00,157.42460706829064,141.86861698612236,179.66623271674987
2021-01-16 16:00:00,215.68577706921855,201.59736058145663,236.81738874965697
2021-01-16 17:00:00,273.48963162483085,249.968739192121,298.98000208790535
2021-01-16 18:00:00,292.4303132692192,262.8778069791023,316.47431320429513
2021-01-16 19:00:00,304.10814604633117,282.23804247324705,325.8883642864608
2021-01-16 20:00:00,257.40252720624073,234.83923236914146,277.2768167563316
2021-01-16 21:00:00,261.7757210938498,244.70595827835083,280.67187506013835
2021-01-16 22:00:00,197.37939972428381,182.53244094289494,214.2877429520581
2021-01-16 23:00:00,172.49906448346206,159.12150948584488,192.3291274237694
2021-01-17 00:00:00,133.08386834654343,117.77460189648527,149.84902402430808
2021-01-17 01:00:00,107.9882458720461,95.48983901176088,123.34670035277118
2021-01-17 02:00:00,110.99200529476927,94.37442384661962,128.31531707326067
2021-01-17 03:00:00,105.41791326938358,94.09902810054072,114.96447555706568
2021-01-17 04:00:00,126.14198163639816,114.4976398935005,144.8190416229347
2021-01-17 05:00:00,125.11429008737494,112.16407687070546,137.242212785306
2021-01-17 06:00:00,149.28121090711534,135.3993451954436,167.70332060015153
2021-01-17 07:00:00,291.55367754505136,260.8310190129374,323.33119846545617
2021-01-17 08:00:00,323.40117576615364,298.165715415576,356.31168462312706
2021-01-17 09:00:00,257.98119154231466,236.52094064393827,278.67051000533434
2021-01-17 10:00:00,215.57031328590668,199.65312288271286,233.0002814643601
2021-01-17 11:00:00,184.85688066165025,172.88913850699612,203.3279928730862
2021-01-17 12:00:00,168.02646591935155,154.5582337874694,190.97765610213537
2021-01-17 13:00:00,188.6596128847756,175.49789406164982,212.49750828749038
2021-01-17 14:00:00,187.79897980703134,173.79745736603542,209.61008977653367
2021-01-17 15:00:00,186.33151310654054,171.6870737180009,209.4756904004427
2021-01-17 16:00:00,206.72068480148283,193.43707595500058,226.05287385714394
2021-01-17 17:00:00,275.6743120594354,257.31296333699567,295.3725684387924
2021-01-17 18:00:00,295.38142123004997,268.38331987765224,316.1423316706965
2021-01-17 19:00:00,269.03312678109097,243.46872690135945,296.23407527445767
2021-01-17 20:00:00,254.934604412407,235.15362398609076,275.1533108412373
2021-01-17 21:00:00,248.78031345751708,229.14135831297665,269.86793510466595
2021-01-17 22:00:00,182.67116578015947,168.18530380416752,195.6195120784286
2021-01-17 23:00:00,146.38151354410928,133.4811296821114,156.62515936001236
2021-01-18 00:00:00,119.51467876133327,105.38380108879016,139.89474482507933
2021-01-18 01:00:00,95.54628789425688,80.27153696723396,108.02301985864689
2021-01-18 02:00:00,113.12823094946353,98.58040603850338,129.58428951884173
2021-01-18 03:00:00,102.87543246051267,90.09795731994988,111.3897896820653
2021-01-18 04:00:00,99.03516565666426,87.83835557514679,106.68330237952327
2021-01-18 05:00:00,119.99538297171044,108.35302795661833,131.96730482992342
2021-01-18 06:00:00,199.00567648858228,183.37645567812606,221.98046081618344
2021-01-18 07:00:00,313.3155746831865,287.00442559193505,335.6985374115819
2021-01-18 08:00:00,281.99111757021626,261.17575913013735,299.97063992992076
2021-01-18 09:00:00,175.20756358327952,156.65686551071815,190.99991343820372
2021-01-18 10:00:00,134.48215669631546,118.01634184730122,149.94059608987115
2021-01-18 11:00:00,126.7421206149503,113.25737268203164,139.83706720461123
2021-01-18 12:00:00,119.7577716556737,108.39871762940406,132.54636584339798
2021-01-18 13:00:00,139.42843220261648,125.24839530437819,159.38081171983146
2021-01-18 14:00:00,139.28298462795914,124.11482958809692,156.08445113008642
2021-01-18 15:00:00,142.55162505305418,125.98007089808159,158.08881696428568
2021-01-18 16:00:00,240.36813165036722,222.7057149702831,265.27804499007857
2021-01-18 17:00:00,285.83254320951806,259.51843684180074,308.6874857392627
2021-01-18 18:00:00,302.33316499331204,274.91410427926144,327.29057741901363
2021-01-18 19:00:00,300.1723712368095,278.32848562610747,322.36150544396986
2021-01-18 20:00:00,297.10654910431066,273.28687146603835,318.2081767451527
2021-01-18 21:00:00,288.2868713789548,269.6100388202549,316.8679954272227
2021-01-18 22:00:00,233.13383179469264,217.88415961682148,256.5855427353689
2021-01-18 23:00:00,173.23953693682674,158.1926425822449,186.82769960335136
2021-01-19 00:00:00,164.4512542738891,150.1430597014809,178.94218018389628
2021-01-19 01:00:00,134.332425313829,117.06723045761431,145.86704794434786
2021-01-19 02:00:00,148.87747791495593,130.95205612768683,165.3307943727888
2021-01-19 03:00:00,142.29975231638068,127.78626237775934,152.31420260851922
2021-01-19 04:00:00,151.56727038248897,136.5111127537149,162.3126933627496
2021-01-19 05:00:00,165.28339990326785,151.0466893346365,176.49120246007686
2021-01-19 06:00:00,269.47349180815365,247.74950785429988,300.98938217906385
2021-01-19 07:00:00,377.4468821487881,356.71786676763685,406.95806146437434
2021-01-19 08:00:00,356.04831172267853,328.3697716305649,374.6913716329116
2021-01-19 09:00:00,219.58087989976158,197.20313653080748,237.41439128938558
2021-01-19 10:00:00,169.2092284070443,151.77208555339948,186.16917618216968
2021-01-19 11:00:00,136.23998853443226,123.46032833875432,148.32482406397352
2021-01-19 12:00:00,140.20123683062016,128.97352084052744,155.2986705779471
2021-01-19 13:00:00,149.6418835769337,134.96661684363744,169.04893575360504
2021-01-19 14:00:00,138.45404208123531,122.7314744303628,159.385979913582
2021-01-19 15:00:00,144.36547769301134,128.30963581043054,163.2405873264652
2021-01-19 16:00:00,232.1173338580204,216.07914953383184,250.73247558233032
2021-01-19 17:00:00,300.7137122775905,270.79429381156575,318.4201590436518
2021-01-19 18:00:00,340.5707236127596,317.06612424626525,357.80769944897924
2021-01-19 19:00:00,331.5423689557545,308.99259251055304,352.8125663155733
2021-01-19 20:00:00,315.5291893754591,290.75501354084537,339.7846789577799
2021-01-19 21:00:00,326.5113684292661,308.3073289026275,351.24871414030986
2021-01-19 22:00:00,274.7233688619912,258.8645720591319,298.0843870571644
2021-01-19 23:00:00,210.09715605932655,195.4476632558542,228.17127224779907
2021-01-20 00:00:00,175.07171625340914,158.4854367125153,194.96932288602736
2021-01-20 01:00:00,160.99300036836237,145.0875569192139,180.15398556544926
2021-01-20 02:00:00,175.620537197863,156.23127787335198,191.21953940272908
2021-01-20 03:00:00,167.48696756641175,155.84845649911318,183.273611585733
2021-01-20 04:00:00,165.47384763348734,151.64034061769024,177.97336088474856
2021-01-20 05:00:00,179.68687693032734,164.96485612153657,192.3318601985886
2021-01-20 06:00:00,282.47245309827963,262.1932432127298,311.17359637667005
2021-01-20 07:00:00,409.4066421268731,380.127397921327,434.3512650779999
2021-01-20 08:00:00,359.1791184105708,333.7862132725733,375.6514839261125
2021-01-20 09:00:00,225.90504336190807,199.0735423279653,242.77777487865262
2021-01-20 10:00:00,183.0915348589572,162.6781591962706,207.16430428246028
2021-01-20 11:00:00,149.6314023610225,134.13268300703407,167.1328801148915
2021-01-20 12:00:00,150.6835744207363,137.61828638165412,172.0893758625467
2021-01-20 13:00:00,143.1804395459191,129.99325836796677,163.74854597456994
2021-01-20 14:00:00,149.68687581102466,132.32622876656635,172.54721243884487
2021-01-20 15:00:00,127.71637308665126,113.13312060591366,139.1380071016723
2021-01-20 16:00:00,229.93979155068712,211.00886307809628,246.7811742334453
2021-01-20 17:00:00,324.8943948476182,302.0304568583292,344.4764758267489
2021-01-20 18:00:00,325.6077557547446,303.1187043585385,345.11969620134397
2021-01-20 19:00:00,342.77444326346534,320.3249368339313,360.4417185056752
2021-01-20 20:00:00,344.5510334387611,322.5570416737945,364.5641575432319
2021-01-20 21:00:00,309.58178888642226,289.5346811025104,334.6476706870281
2021-01-20 22:00:00,263.7143825887131,243.5278893187098,284.5639779242058
2021-01-20 23:00:00,220.94636307778433,202.9900463446844,234.3595217890482
2021-01-21 00:00:00,166.74069852416278,149.0094137735514,181.91092357421184
2021-01-21 01:00:00,148.8465148659372,131.13381271333208,162.35706442798562
2021-01-21 02:00:00,169.68683322337503,151.37741606286235,185.06862943858195
2021-01-21 03:00:00,155.4636036353563,139.9194309885948,164.8786704751137
2021-01-21 04:00:00,125.81100136598265,111.99025913657043,132.88687517396858
2021-01-21 05:00:00,144.7190119607295,127.60503970872665,156.4853507659078
2021-01-21 06:00:00,226.50766766931253,201.82924433174563,253.64525722066992
2021-01-21 07:00:00,367.5922191267619,337.68768901460214,399.4109845649631
2021-01-21 08:00:00,308.4240828343066,283.9328220949781,326.2223780103686
2021-01-21 09:00:00,217.4921450343889,197.83454791926357,229.50823333859327
2021-01-21 10:00:00,174.45367441591915,152.9894683035671,192.17186159896022
2021-01-21 11:00:00,150.234139428717,133.24827851508783,168.1583975735451
2021-01-21 12:00:00,138.24455651110307,124.34678697175342,158.6268694056356
2021-01-21 13:00:00,144.54884799405832,129.64757428159567,161.1051868273983
2021-01-21 14:00:00,142.9566193327958,128.665780830662,160.83382965039243
2021-01-21 15:00:00,135.40693029831792,121.48235593095285,150.3539029791266
2021-01-21 16:00:00,232.31872770091803,215.4470410424437,254.17074423791786
2021-01-21 17:00:00,278.66772848552745,253.86590783220058,297.3507326496901
2021-01-21 18:00:00,288.49723545978685,264.92721480484204,309.5661580797539
2021-01-21 19:00:00,286.66127160187506,267.8915157140327,306.5664371945831
2021-01-21 20:00:00,275.5266192718859,256.3761707013823,295.9865204623178
2021-01-21 21:00:00,261.55065741286114,242.86775609158008,287.5312181446324
2021-01-21 22:00:00,204.85349751752656,186.83338639245554,226.51559968816025
2021-01-21 23:00:00,154.04535407722187,141.05925567557878,166.6970876554807
2021-01-22 00:00:00,115.98605818028217,105.87327826778707,129.74962919746886
2021-01-22 01:00:00,98.55199701160502,86.66680492965023,108.35802469203803
2021-01-22 02:00:00,106.38974787278215,91.07949889998636,122.23995920188406
2021-01-22 03:00:00,97.69972854735585,87.2176743250876,105.20355395418059
2021-01-22 04:00:00,106.07681811312754,95.29605788710732,114.63584892813488
2021-01-22 05:00:00,125.45957085980613,110.0823687581346,143.37240636780186
2021-01-22 06:00:00,205.55395453600644,183.28667875817717,231.99040804345947
2021-01-22 07:00:00,314.55489100164414,290.13277267520687,339.84081861643915
2021-01-22 08:00:00,275.15975232195086,255.0947661472201,291.89915269975614
2021-01-22 09:00:00,181.8312011995076,164.30041588281722,197.74057669274197
2021-01-22 10:00:00,149.76597166888146,133.016119488289,168.96108615842434
2021-01-22 11:00:00,149.44147901943393,135.399338544363,163.71405986915778
2021-01-22 12:00:00,144.77049436843805,130.97694949457428,157.5738791344166
2021-01-22 13:00:00,167.93147132949173,152.21960663045087,190.06987004589882
2021-01-22 14:00:00,158.5592562555445,144.27612799929105,178.93675258702024
2021-01-22 15:00:00,113.03755221892133,101.95885137443244,124.83314129100198
2021-01-22 16:00:00,165.8951909734013,153.98792536478769,180.08321437589066
2021-01-22 17:00:00,243.59471765124047,218.82822812268708,270.15045405566076
2021-01-22 18:00:00,263.9733842110498,236.35527713642037,285.7927885139969
2021-01-22 19:00:00,259.4268143554967,240.81908658685543,279.9272242864415
2021-01-22 20:00:00,255.0721848039639,235.83937063456906,272.2479743329652
2021-01-22 21:00:00,236.7696236564498,217.53305006641125,259.795424292149
2021-01-22 22:00:00,199.29668288407512,183.31836712914068,220.03742997556208
2021-01-22 23:00:00,133.9392766813394,121.01509604887417,148.47873238495646
2021-01-23 00:00:00,121.5542747950731,104.43912748614804,135.226556435947
2021-01-23 01:00:00,89.68599504435117,78.84179028594545,98.2255657589481
2021-01-23 02:00:00,96.41001784731746,84.88016388720645,108.80655486490016
2021-01-23 03:00:00,94.86490708029476,83.7134742692891,104.12182231057675
2021-01-23 04:00:00,101.02590482269325,85.936288454633,115.49914405889987
2021-01-23 05:00:00,111.84126868208487,98.53851665490944,122.2191247652408
2021-01-23 06:00:00,135.8496981239448,121.8609202845853,152.90253183530797
2021-01-23 07:00:00,293.8905720130748,267.67516175412015,319.835034478756
2021-01-23 08:00:00,321.88201674219107,301.1260664749662,347.7944248741487
2021-01-23 09:00:00,194.13168012934003,175.52362901071163,211.77174729054983
2021-01-23 10:00:00,146.33034773857958,130.8239241619512,161.54082151990326
2021-01-23 11:00:00,123.5511632884327,109.84425749497369,136.96933471956697
2021-01-23 12:00:00,109.66681341923977,95.44002456166781,128.63531999156058
2021-01-23 13:00:00,115.59716851192071,103.82001651634717,139.6111125281974
2021-01-23 14:00:00,117.9277152365454,106.70035463287032,135.65466752029894
2021-01-23 15:00:00,142.34945035746054,125.979525013953,162.3323858372409
2021-01-23 16:00:00,168.45108666240702,153.76813895497273,189.4485709692582
2021-01-23 17:00:00,244.10745144468132,223.9389895533491,272.6278049455607
2021-01-23 18:00:00,262.4081216320292,236.22943311421935,283.41222901078254
2021-01-23 19:00:00,232.9493603478447,212.8721569334936,256.54372537818836
2021-01-23 20:00:00,214.8333058389368,194.0442698917501,236.89347415093954
2021-01-23 21:00:00,221.16225887890508,202.68975412712376,241.73329168788473
2021-01-23 22:00:00,163.24863346766344,148.23261120265025,178.89541908731388
2021-01-23 23:00:00,125.17362586710121,111.52159008144723,140.98175133481695
2021-01-24 00:00:00,93.28216628554287,81.39097837932306,105.12403712487631
2021-01-24 01:00:00,77.57024185357037,68.43558743967317,86.4910364486834
2021-01-24 02:00:00,80.27753630204843,66.52413472028614,91.0182421831049
2021-01-24 03:00:00,69.86318450977225,60.86641935634205,77.38715443052014
2021-01-24 04:00:00,73.81136576493451,62.4474149452883,80.8658489297357
2021-01-24 05:00:00,62.788177048711695,54.19158917692003,69.19258407411802
2021-01-24 06:00:00,88.40566536746772,76.12614743960596,100.33160333067647
2021-01-24 07:00:00,229.01055985992159,196.80859011533047,256.53689368201583
2021-01-24 08:00:00,261.066432683959,239.7563016234532,285.23352764860704
2021-01-24 09:00:00,187.46373822331984,168.5858664020747,201.84313753427975
2021-01-24 10:00:00,146.67079690378085,136.08412647590072,161.93183748512078
2021-01-24 11:00:00,120.83006405602664,110.98503847272178,136.01544020376227
2021-01-24 12:00:00,97.80158164882126,89.82117812813019,113.81600079989795
2021-01-24 13:00:00,115.56797681531258,105.84353168117875,131.47006374384338
2021-01-24 14:00:00,120.32215990792906,109.67460577560698,137.23778362561654
2021-01-24 15:00:00,124.35055395640336,109.88499301730516,141.45352378878766
2021-01-24 16:00:00,139.3385355717581,127.50868405832239,157.80795898044033
2021-01-24 17:00:00,194.8390431296822,176.3161194591465,216.76702573928745
2021-01-24 18:00:00,226.8438656250389,200.6966951402082,247.7515613385403
2021-01-24 19:00:00,206.6222611964051,186.73526652147854,227.50188895896875
2021-01-24 20:00:00,184.55415361412616,165.49671869666923,203.1482655352726
2021-01-24 21:00:00,184.07198224565383,169.98056971720112,204.2851083521862
2021-01-24 22:00:00,139.75515914942693,129.04381526017858,153.27270155363536
2021-01-24 23:00:00,94.59935268152465,81.97328219040558,102.7950204026023
2021-01-25 00:00:00,77.4325490936597,60.51129290418691,88.11216997489396
2021-01-25 01:00:00,56.080062402008444,46.668362597420895,65.87215116847483
2021-01-25 02:00:00,61.828122409420885,50.93060055977214,71.97858315687837
2021-01-25 03:00:00,60.50757872898118,53.14058616892893,67.42918757297649
2021-01-25 04:00:00,67.30191516187772,57.84430918477464,74.45562383659187
2021-01-25 05:00:00,84.29000898559273,74.66599436610414,95.43687429804861
2021-01-25 06:00:00,159.11493526633672,142.3155215560662,182.46852460865216
2021-01-25 07:00:00,264.43650687275226,238.3100985954188,290.1566600616825
2021-01-25 08:00:00,240.02811844924017,220.7782913247005,257.3825915214079
2021-01-25 09:00:00,114.99454128739099,102.84289987494384,130.9306292236467
2021-01-25 10:00:00,82.08169990495908,70.49827858322148,92.99098731870934
2021-01-25 11:00:00,79.10120938456868,65.7633492674905,90.68056417643623
2021-01-25 12:00:00,61.76604318678976,53.288438062505556,69.25297635998984
2021-01-25 13:00:00,109.07609238674266,93.78994936997196,128.0142547465399
2021-01-25 14:00:00,104.99790327716775,94.58169362674558,117.90057805314326
2021-01-25 15:00:00,94.37117545757943,82.10644578473381,113.08528136265522
2021-01-25 16:00:00,140.7830328039701,127.25309538540904,157.4264268372725
2021-01-25 17:00:00,206.04418403795813,180.44012581942116,228.08724716884177
2021-01-25 18:00:00,211.81845513341509,188.49730749545307,231.48934406180936
2021-01-25 19:00:00,213.83169544235582,195.6566272257214,231.7305743151502
2021-01-25 20:00:00,203.28537757379425,184.87892480089883,221.4110570395942
2021-01-25 21:00:00,188.74383480564484,170.04734328820211,207.61962025386322
2021-01-25 22:00:00,163.64032693105656,143.64189855335974,185.17499573796024
2021-01-25 23:00:00,122.76073724138443,108.91789903776605,134.94717003056408
2021-01-26 00:00:00,91.22490887877001,79.38566252699336,102.81465674464143
2021-01-26 01:00:00,73.32764198504657,61.356616704989015,80.52668500444084
2021-01-26 02:00:00,85.46322958833449,74.15615973924264,97.68035464814317
2021-01-26 03:00:00,90.50508357197556,81.22565611581841,98.5810068693029
2021-01-26 04:00:00,76.45591484224352,68.19839661584724,84.00786395064931
2021-01-26 05:00:00,89.25908545844585,77.989459592507,95.98410057771916
2021-01-26 06:00:00,170.6608133953174,144.78788208368542,201.3235962152605
2021-01-26 07:00:00,285.7230164285659,260.00021923469836,312.54795011309045
2021-01-26 08:00:00,232.25573351598175,215.3239053899323,252.15357571501406
2021-01-26 09:00:00,127.3239632275406,113.38880784592634,141.43032693658532
2021-01-26 10:00:00,100.19243887982101,89.25859583268286,112.35224461488217
2021-01-26 11:00:00,94.55642172704225,83.73275149485818,107.9813197756254
2021-01-26 12:00:00,101.4826702856244,88.36029000566579,115.7078706383836
2021-01-26 13:00:00,140.80204307191366,128.20751452901942,159.9547349079328
2021-01-26 14:00:00,138.4388634313889,123.52866207166869,157.68344964604034
2021-01-26 15:00:00,110.52283106918217,95.65102436375467,122.54673590403195
2021-01-26 16:00:00,159.67380296945564,145.91438930554864,179.99434370573584
2021-01-26 17:00:00,207.56474032742608,186.20991350617365,226.19686807364172
2021-01-26 18:00:00,220.5268066995763,198.80697306245375,238.5115096341627
2021-01-26 19:00:00,211.33440179900748,194.3328099342571,232.47601063206872
2021-01-26 20:00:00,191.8558657212226,173.38576238499672,212.0716948743854
2021-01-26 21:00:00,183.59606053922332,164.71039149022275,205.821130918624
2021-01-26 22:00:00,145.8458987773283,131.33723930129875,166.44174351659896
2021-01-26 23:00:00,117.92261175612965,106.41171884962847,134.91501757176968
2021-01-27 00:00:00,73.90034186681292,65.3697484564304,83.44747100732684
2021-01-27 01:00:00,53.6582789568491,42.935454818935234,62.11229418080186
2021-01-27 02:00:00,56.193338545671644,42.53932723385419,66.46095619178708
2021-01-27 03:00:00,54.931623926517396,45.911906088361214,61.03992161633995
2021-01-27 04:00:00,56.72704939669033,47.336007106597954,63.51150245767567
2021-01-27 05:00:00,62.17106991896159,53.796244600236484,70.27860088270297
2021-01-27 06:00:00,141.46110767100487,119.08171894958541,168.54470866101119
2021-01-27 07:00:00,233.94370533777743,213.95319907734242,259.48684821410774
2021-01-27 08:00:00,205.38254809199748,187.0530519694772,225.9181713470604
2021-01-27 09:00:00,123.51780655948237,108.42551830600634,136.20564183181244
2021-01-27 10:00:00,98.84375393101769,86.74618456681921,113.55865367000368
2021-01-27 11:00:00,88.56233906102892,76.87279325010523,100.98844398634621
2021-01-27 12:00:00,92.25627531675227,81.34836485837894,103.94396042554445
2021-01-27 13:00:00,104.68582603943373,91.44491558594586,121.07068633121824
2021-01-27 14:00:00,111.95261638514997,96.18116078955018,126.83987773876859
2021-01-27 15:00:00,104.93507662619801,91.89523702614952,122.72292434333022
2021-01-27 16:00:00,135.48158534720363,125.31500832585009,151.57203670229578
2021-01-27 17:00:00,208.52405243189682,186.43442405591082,224.14261893610438
2021-01-27 18:00:00,213.68165163243546,190.23249049044318,229.32417690872174
2021-01-27 19:00:00,211.38819934969555,193.4412547398532,229.73741148512445
2021-01-27 20:00:00,215.91509916621192,194.9821441200113,232.78440840574808
2021-01-27 21:00:00,199.7026451281029,180.1240456143674,223.2063883683923
2021-01-27 22:00:00,159.29886356632488,141.96699701802896,181.481249207145
2021-01-27 23:00:00,119.36570048398224,105.82506257162423,133.1230173601338
2021-01-28 00:00:00,84.89820279807041,68.56095334226207,96.55177252778948
2021-01-28 01:00:00,73.29384235922481,60.38075700022732,84.55781176970925
2021-01-28 02:00:00,87.52223761020711,71.55858905130899,99.53048634104194
2021-01-28 03:00:00,88.1716179142818,76.55716246436612,95.81912571391415
2021-01-28 04:00:00,91.94346221854416,80.40843558489367,102.13074676002898
2021-01-28 05:00:00,111.72868076432086,99.91813152024484,124.12782514386517
2021-01-28 06:00:00,196.97968422435355,176.71237655404988,219.96433579142902
2021-01-28 07:00:00,318.5837655746879,291.9400731530522,342.15517194240897
2021-01-28 08:00:00,292.3795366123836,268.62935364031046,313.12445802662376
2021-01-28 09:00:00,139.37496909793242,123.54718952474593,151.82925230319032
2021-01-28 10:00:00,105.83542380974177,91.78544486825955,123.29967231806424
2021-01-28 11:00:00,92.6949281172733,79.7948712470998,112.01237443404843
2021-01-28 12:00:00,84.7481292110773,74.29445727590117,97.46757901634312
2021-01-28 13:00:00,95.89219851604885,82.53036876022804,114.29351214019232
2021-01-28 14:00:00,95.6174157425045,78.98255282650337,110.41972812193323
2021-01-28 15:00:00,96.2325609552232,85.8046418528715,109.35457290607971
2021-01-28 16:00:00,164.07764003927275,146.34710735125202,183.0954671241314
2021-01-28 17:00:00,229.47633255284742,206.29581969732274,248.69168248141327
2021-01-28 18:00:00,240.39546190016117,215.29469398601074,263.8166101904443
2021-01-28 19:00:00,221.7912753846223,202.2413213733064,239.9215795256952
2021-01-28 20:00:00,214.73013622797353,195.63470581487,233.77650370144517
2021-01-28 21:00:00,192.32950925804496,174.89749599933407,213.8108894751546
2021-01-28 22:00:00,157.3981905749475,142.39864433937007,176.14929792637577
2021-01-28 23:00:00,112.01067705814921,98.18577180420587,123.5899439926883
2021-01-29 00:00:00,81.4747492138794,70.38946443094133,95.14300855715851
2021-01-29 01:00:00,58.603813371427215,48.125729762569584,68.24819606771602
2021-01-29 02:00:00,66.11497576110305,52.225586333613535,77.0655208721106
2021-01-29 03:00:00,62.285789118077254,54.550688025082955,72.25891095683087
2021-01-29 04:00:00,58.55067583996589,50.49081303716092,67.69322366271432
2021-01-29 05:00:00,76.20345532178354,69.41165813260416,86.97595861527967
2021-01-29 06:00:00,139.34188729973195,124.94549191716894,167.55597181089504
2021-01-29 07:00:00,250.66115280429568,228.29466185134348,280.8277298888672
2021-01-29 08:00:00,215.8087271721763,195.94092613495076,232.91243042515129
2021-01-29 09:00:00,132.62965667734036,118.21671325241452,144.39428448467393
2021-01-29 10:00:00,102.42512332262949,90.77212576933876,115.21246554197793
2021-01-29 11:00:00,91.75933886744654,81.77634981574195,102.68663493449185
2021-01-29 12:00:00,92.87745980734964,83.0402542308849,101.73564998071825
2021-01-29 13:00:00,113.35090718959053,100.50338654148395,130.49392125890213
2021-01-29 14:00:00,112.95502706829711,98.7782722351336,125.61311115411567
2021-01-29 15:00:00,101.52235184151546,86.46759267953166,113.34329508000816
2021-01-29 16:00:00,144.88293568509255,130.97991587760617,158.46830238141328
2021-01-29 17:00:00,205.4771444159881,179.0239787090705,224.3910420102125
2021-01-29 18:00:00,203.37120190826738,178.7454871497352,223.49399598129042
2021-01-29 19:00:00,199.05801497334312,178.9811096643218,218.71955915987334
2021-01-29 20:00:00,198.06344638648432,180.23482071627146,217.75193084300773
2021-01-29 21:00:00,178.15651646536986,162.45248477536612,202.00634213066166
2021-01-29 22:00:00,148.10721188332738,131.47196750033135,168.59596178718735
2021-01-29 23:00:00,101.87536447885331,90.83513905965928,117.74441715734186
2021-01-30 00:00:00,65.70775882694072,53.21810086612442,72.97180991969235
2021-01-30 01:00:00,51.053581569569324,41.717784952989575,56.88779514890093
2021-01-30 02:00:00,50.391432658756656,41.770942308961764,56.682301382414
2021-01-30 03:00:00,62.003013313909385,51.64591802029959,69.21240056290361
2021-01-30 04:00:00,70.82528252987589,56.10100272381877,83.5547616418786
2021-01-30 05:00:00,71.22269969585564,61.722499428683506,78.67671248980601
2021-01-30 06:00:00,94.96900898045453,78.8348967328336,107.30722581555641
2021-01-30 07:00:00,229.01741511898814,202.04770341774133,254.59852531184393
2021-01-30 08:00:00,266.6976232925352,247.6724953580841,296.8184166688265
2021-01-30 09:00:00,181.13573542233462,162.62503231765209,197.57297573357297
2021-01-30 10:00:00,144.0418541112164,131.9690303535598,158.0928296105463
2021-01-30 11:00:00,120.71610760457231,109.09447517537592,135.10689821171096
2021-01-30 12:00:00,96.53759063942181,86.43502902110532,111.45889837090508
2021-01-30 13:00:00,95.53934626226034,85.64258123147737,107.94507662161658
2021-01-30 14:00:00,95.69915963234736,83.99577785130002,108.67845184990006
2021-01-30 15:00:00,110.8778617029643,99.18273872539336,124.15364221039063
2021-01-30 16:00:00,158.11678081671607,146.39301315189368,173.39187337916883
2021-01-30 17:00:00,221.7502286335344,197.22315133082665,244.7400038373008
2021-01-30 18:00:00,252.11569331225584,221.6683233463368,276.05595026594494
2021-01-30 19:00:00,240.42929408567963,226.2617566763773,257.889717477137
2021-01-30 20:00:00,215.86455662456382,198.58079958589812,235.28579401264477
2021-01-30 21:00:00,213.4551621813401,195.2593627545497,232.93429815518675
2021-01-30 22:00:00,161.94191127945967,145.55613068031664,176.8684277661111
2021-01-30 23:00:00,129.2897719043324,114.41691422071916,142.23442117387856
2021-01-31 00:00:00,92.0674994062036,80.70923458026995,98.73751019728213
2021-01-31 01:00:00,80.85548822982224,70.20462190427833,88.96195171488274
2021-01-31 02:00:00,78.80640369196871,67.92782327049272,86.75129626696038
2021-01-31 03:00:00,83.63398054755247,72.4820147390153,94.83254943542632
2021-01-31 04:00:00,86.20274902572332,73.88649723775242,97.0045851018782
2021-01-31 05:00:00,79.1819987437288,68.53529161587306,87.47301553219523
2021-01-31 06:00:00,108.92935236864953,96.76145507803851,119.60377119023312
2021-01-31 07:00:00,257.92850728134124,223.89776846411513,285.2011615385983
2021-01-31 08:00:00,256.3057227323257,227.3524448355696,282.5577792526457
2021-01-31 09:00:00,196.52355105607973,178.77232163016504,213.40848420876074
2021-01-31 10:00:00,159.94790057802433,145.65259809788674,179.9240580409087
2021-01-31 11:00:00,131.41599050523013,118.97379109990308,147.3336824810789
2021-01-31 12:00:00,104.8773596935322,92.45872338682044,117.94422914771867
2021-01-31 13:00:00,102.38144190615678,91.90923442198802,117.33307605363898
2021-01-31 14:00:00,107.50310683637784,96.57806244144278,120.59323902557352
2021-01-31 15:00:00,111.20404735933472,95.65867284530616,131.5702389093221
2021-01-31 16:00:00,126.74472042967956,115.31414914439644,140.04092314524826
2021-01-31 17:00:00,186.31839275318265,168.47140546575616,209.39616791794907
2021-01-31 18:00:00,202.9731180966439,176.84516795993892,222.48484219961256
2021-01-31 19:00:00,179.52617243282452,161.98561467252506,196.2503607265674
2021-01-31 20:00:00,164.3251530256662,145.73258943396092,180.70330263746317
2021-01-31 21:00:00,175.7517071555042,157.84566185395244,198.5002191745764
2021-01-31 22:00:00,118.47795959397345,106.65708847750957,129.72299019062547
2021-01-31 23:00:00,99.56867269576773,87.38781842391312,111.30432686119602
2021-02-01 00:00:00,74.95751549626654,64.98809357023173,84.81747428827092
2021-02-01 01:00:00,48.759766523661725,38.90034591164398,57.00315288913795
2021-02-01 02:00:00,52.8407076550619,41.505238878493444,63.35619958360205
2021-02-01 03:00:00,49.909663447570146,43.59397435887516,55.66227983066245
2021-02-01 04:00:00,57.50309252448334,50.60470713376836,68.26525665145635
2021-02-01 05:00:00,55.1130006197814,47.94903318094327,62.534266866169396
2021-02-01 06:00:00,96.6555896092317,83.55145786792687,111.49553713220291
2021-02-01 07:00:00,184.43149304731378,161.560329202882,203.93417442868343
2021-02-01 08:00:00,176.29824509319573,155.65874046128624,189.81409650179293
2021-02-01 09:00:00,114.26062838989398,102.85945006508541,123.25304841850615
2021-02-01 10:00:00,79.22133611087295,68.9386569675541,88.67404444665668
2021-02-01 11:00:00,73.15132921787243,64.4183694558584,79.69742569243245
2021-02-01 12:00:00,78.59436191552886,66.91681688444574,89.22685674573488
2021-02-01 13:00:00,78.48356094203761,65.67398278987457,93.67812240589657
2021-02-01 14:00:00,70.02149663401153,56.486527599569825,82.32239557435503
2021-02-01 15:00:00,58.993501575491045,51.26928961149975,67.35521266194887
2021-02-01 16:00:00,120.48331923470454,107.44516058582843,131.38582958100798
2021-02-01 17:00:00,150.2289073066728,135.369765214895,157.42196905132005
2021-02-01 18:00:00,158.64039175661603,140.7079996077049,172.9555755138992
2021-02-01 19:00:00,159.1096050141298,140.5985843646399,170.1989543940622
2021-02-01 20:00:00,156.78929934563158,143.9598049828325,168.31495763189844
2021-02-01 21:00:00,148.99302482974144,132.54444979595456,166.49445525515986
2021-02-01 22:00:00,121.24626306259022,108.76158275589435,135.38801481658106
2021-02-01 23:00:00,93.55079193753029,81.9086884968412,103.12254516841071
2021-02-02 00:00:00,67.96581870081089,54.43178341524359,75.77436325054379
2021-02-02 01:00:00,56.92225695538641,48.06080619570133,63.9184018208336
2021-02-02 02:00:00,64.08815995578149,52.298072469835056,74.89633073637799
2021-02-02 03:00:00,62.33596423756876,52.95821506907336,68.00656464788355
2021-02-02 04:00:00,58.341510759822796,50.33316972863157,64.29258590158948
2021-02-02 05:00:00,67.46759863226463,57.685425476846746,75.71834013518469
2021-02-02 06:00:00,117.18885944691613,100.82572432019003,130.69938033176666
2021-02-02 07:00:00,209.51256384492936,187.24543905172982,228.03802116856212
2021-02-02 08:00:00,194.332210649101,176.61349218618065,208.71865765697459
2021-02-02 09:00:00,118.45547419774357,101.84297582898381,126.95233626187012
2021-02-02 10:00:00,79.39528611527085,69.37444298630913,86.64493821482883
2021-02-02 11:00:00,56.03546319410561,48.898130836213724,63.22647290819174
2021-02-02 12:00:00,54.842933794103445,47.50797957243972,62.129197694526695
2021-02-02 13:00:00,74.96417923251786,62.06800482655847,89.52872194524268
2021-02-02 14:00:00,70.59370947554547,54.09949680137215,82.70814087888634
2021-02-02 15:00:00,76.07721406533905,62.13001494877389,86.77325542753505
2021-02-02 16:00:00,139.3107512022457,124.22972977231161,150.68009138896238
2021-02-02 17:00:00,176.18945846295244,159.47484270842824,184.61276859216665
2021-02-02 18:00:00,186.88968148435833,169.65670950461018,203.8289524949047
2021-02-02 19:00:00,187.22194778847287,171.51497360695836,197.55826739644368
2021-02-02 20:00:00,189.47266367881048,176.0385699856078,202.75712090103
2021-02-02 21:00:00,175.75348413980862,157.36248921080852,194.0883619373092
2021-02-02 22:00:00,142.45311754420692,127.8547924887179,157.4045330108045
2021-02-02 23:00:00,119.91465385256926,106.01142248280574,131.417423635731
2021-02-03 00:00:00,91.42682122888765,79.47945039675476,103.94585418618945
2021-02-03 01:00:00,74.81265564800046,62.353817046031864,83.20733029294436
2021-02-03 02:00:00,85.91872956349087,71.65488832407077,97.4219636601942
2021-02-03 03:00:00,81.57584633711373,69.79516007028576,88.48508152010845
2021-02-03 04:00:00,91.31882945908197,79.07993161059652,99.19269156504127
2021-02-03 05:00:00,99.74730491461776,86.9071108310404,109.31296817427918
2021-02-03 06:00:00,143.70301348109294,129.05097316772859,156.1103760065921
2021-02-03 07:00:00,248.73928147103751,224.79346835016423,269.73867899169767
2021-02-03 08:00:00,222.9940648693174,203.85194445751048,236.08103186322958
2021-02-03 09:00:00,133.8541090827197,119.47726174892391,144.87019658330073
2021-02-03 10:00:00,79.2292000809676,67.85312740984945,87.49989507601636
2021-02-03 11:00:00,64.62407325030438,55.83080713551128,70.83158381349314
2021-02-03 12:00:00,70.75871023349661,60.63118508683163,82.55691184696194
2021-02-03 13:00:00,91.53211240869386,76.19125098103964,105.77658560300122
2021-02-03 14:00:00,91.83962742360765,78.94960357519555,104.39303177384244
2021-02-03 15:00:00,72.77307323095303,61.62315537767798,78.87298974450471
2021-02-03 16:00:00,148.7545786256819,137.6394794661257,161.3174011949903
2021-02-03 17:00:00,174.49832740751654,159.87338000695559,182.4315158772721
2021-02-03 18:00:00,192.93941380166933,176.35785475595222,208.30429067331775
2021-02-03 19:00:00,191.30660493897747,175.5795056727546,202.69805460393385
2021-02-03 20:00:00,186.16608088336267,171.43551757620506,199.4058342236908
2021-02-03 21:00:00,180.2888632811084,163.24434756660742,199.07951607615337
2021-02-03 22:00:00,141.7678196057612,129.16066287485444,157.97930828221766
2021-02-03 23:00:00,117.63326958189289,105.12662731510778,132.31947931218733
2021-02-04 00:00:00,105.88981042764527,93.05611010981417,118.24480001290453
2021-02-04 01:00:00,78.82411182625934,68.1322512995413,88.09230228670786
2021-02-04 02:00:00,87.05207954822973,75.32665061223555,98.46523599640517
2021-02-04 03:00:00,74.99902151584861,64.48577311311722,80.8860205445141
2021-02-04 04:00:00,69.27871965263179,59.11739024190798,74.79444940800624
2021-02-04 05:00:00,80.40986028591053,70.96360486517484,88.55237017538226
2021-02-04 06:00:00,118.40681422198774,101.80250523966728,132.29378364377249
2021-02-04 07:00:00,214.85451630913664,194.1093726592167,236.1368300382585
2021-02-04 08:00:00,196.07094187303719,176.5965605255821,209.9178062740343
2021-02-04 09:00:00,106.75516022447705,94.89884538532131,114.88035424287824
2021-02-04 10:00:00,90.28866673604911,80.21935707782848,101.64025040294435
2021-02-04 11:00:00,72.61763881911594,63.42118736245186,80.92407429359749
2021-02-04 12:00:00,62.98135388074762,54.74122373642265,71.89902844429368
2021-02-04 13:00:00,67.01272208807825,56.46488481278975,79.87100366711988
2021-02-04 14:00:00,68.98504019004227,53.98102584135529,82.39939068275459
2021-02-04 15:00:00,63.44768138360588,52.72781001259651,72.59464300415088
2021-02-04 16:00:00,109.12867255985557,97.10156309677208,119.76106289020375
2021-02-04 17:00:00,156.92733160271402,142.76409038553982,164.53065435947724
2021-02-04 18:00:00,167.21408778113587,152.8204456309603,182.49178851287442
2021-02-04 19:00:00,163.92243110714668,146.0652304745471,175.2612954163742
2021-02-04 20:00:00,154.74479816723695,140.1023593290049,167.31366046693032
2021-02-04 21:00:00,136.77273213956022,121.7347263002732,151.92543803745278
2021-02-04 22:00:00,113.4519127884319,99.3338235596729,124.73257006648429
2021-02-04 23:00:00,88.12601806145047,74.94227169903722,98.89751035098281
2021-02-05 00:00:00,66.24661872760504,55.623179349265065,74.03564698308922
2021-02-05 01:00:00,55.36204392353587,46.37703958939416,62.65462615471391
2021-02-05 02:00:00,63.02186820654616,51.10087529972304,72.95924818544302
2021-02-05 03:00:00,54.426236286488155,45.64280778425156,59.962733156659084
2021-02-05 04:00:00,56.73351156914771,48.31252908581875,62.05707208650894
2021-02-05 05:00:00,64.37685180981572,55.68764729472424,71.5119704870014
2021-02-05 06:00:00,109.30587739224863,94.58614166680862,118.5337764527228
2021-02-05 07:00:00,198.72236008813567,177.20480116160755,220.30982375839486
2021-02-05 08:00:00,184.58382560142775,170.31161350587163,200.44878846718325
2021-02-05 09:00:00,108.59636057933602,95.69105951318211,115.92761075551921
2021-02-05 10:00:00,83.94045141855352,72.02069324463109,91.27097513406696
2021-02-05 11:00:00,79.60398052366575,70.40860269411237,87.23736784297026
2021-02-05 12:00:00,80.44387522443394,70.59542881768586,89.68029417192174
2021-02-05 13:00:00,104.32492052319846,92.54033854302288,118.90010190119222
2021-02-05 14:00:00,96.57769366024637,83.42557910348685,111.41146913069211
2021-02-05 15:00:00,70.54664205228336,62.033622049713735,77.90235813891027
2021-02-05 16:00:00,121.48011912359846,109.904294677582,131.9069951055177
2021-02-05 17:00:00,167.7020437577712,156.43907578433658,178.8004953023832
2021-02-05 18:00:00,173.31741316883122,155.70255360254507,187.61702323283694
2021-02-05 19:00:00,164.23534216633922,149.21912759841393,174.8714566674397
2021-02-05 20:00:00,160.1760621319036,147.27274955310898,172.6541452219438
2021-02-05 21:00:00,151.7652159274334,133.60765484839044,169.07238520796912
2021-02-05 22:00:00,117.17779529872226,105.5365163467189,129.53618861688324
2021-02-05 23:00:00,92.56302882067459,81.66663524499518,102.14744593452784
2021-02-06 00:00:00,70.76992805883138,59.98838016428005,79.31946598552737
2021-02-06 01:00:00,51.73064532056835,44.48442902245031,57.76768379087908
2021-02-06 02:00:00,55.552148517485676,45.91835221786256,63.64079151451702
2021-02-06 03:00:00,56.12036275900893,48.16321137298492,63.03013051080653
2021-02-06 04:00:00,60.14010767935603,50.560741799298086,70.19036716005866
2021-02-06 05:00:00,65.70955058931699,56.61903028356733,72.4021197157856
2021-02-06 06:00:00,79.49410226361539,66.15980044387148,91.65701175525437
2021-02-06 07:00:00,184.87687665886025,160.33935941372968,206.39094333923748
2021-02-06 08:00:00,186.00076838774362,169.74272689536303,203.95779415008155
2021-02-06 09:00:00,147.22187941002815,133.06652038542083,158.3794166573446
2021-02-06 10:00:00,123.74342234940049,113.65305390670017,136.23760630874725
2021-02-06 11:00:00,98.56560696204534,90.04764390659129,107.92234737884557
2021-02-06 12:00:00,82.9136621619414,74.16000552119277,91.11268781130131
2021-02-06 13:00:00,89.06542273876615,79.10193759264872,99.92383796969474
2021-02-06 14:00:00,99.45209945964524,86.30771710113352,107.93279747706801
2021-02-06 15:00:00,96.14753784565714,81.60234367262046,107.60893877346714
2021-02-06 16:00:00,106.72967971685951,93.02909640010712,121.51190682453415
2021-02-06 17:00:00,160.6806235196657,142.39019731528182,176.1268510982661
2021-02-06 18:00:00,174.45957210128617,157.68418155528784,187.185355887103
2021-02-06 19:00:00,160.16915903660524,144.2390977495696,173.37045032163266
2021-02-06 20:00:00,151.56376590803356,142.00704547646035,161.26678638314615
2021-02-06 21:00:00,147.02648343502912,134.5785865172821,158.29827420982994
2021-02-06 22:00:00,106.97728906747467,100.13125779896502,115.19915866303488
2021-02-06 23:00:00,103.93813343339345,94.04337347270976,114.01217099752073
2021-02-07 00:00:00,85.08274902843459,73.51687706464524,93.03429891580862
2021-02-07 01:00:00,74.93097770462236,65.66031927176974,83.31760139120136
2021-02-07 02:00:00,66.1132655965775,56.363492265661144,74.12192670213892
2021-02-07 03:00:00,72.0947755916021,63.55089093649148,80.22707479338676
2021-02-07 04:00:00,73.23067873320242,63.796612936767794,81.87838032117928
2021-02-07 05:00:00,80.09661177780033,68.71207313529884,90.92239816784571
2021-02-07 06:00:00,101.98772427643885,89.37583591368065,112.7471573960943
2021-02-07 07:00:00,206.52393968011754,180.0325939291129,225.36176635761154
2021-02-07 08:00:00,204.78148400964469,184.84500812818627,221.56385110957132
2021-02-07 09:00:00,141.7575950864863,125.54097724407004,155.24182718827487
2021-02-07 10:00:00,101.86683613703576,92.885539667417,110.51619130484956
2021-02-07 11:00:00,85.96260250480803,77.8676088300052,94.02167524208437
2021-02-07 12:00:00,71.27131973289774,61.15991306524806,79.93366085889576
2021-02-07 13:00:00,71.67298629264207,62.49032878474891,80.47553004361929
2021-02-07 14:00:00,80.05058803359645,68.55261475815072,92.05398667535499
2021-02-07 15:00:00,96.34749910003517,83.01231147257415,106.78987291425274
2021-02-07 16:00:00,125.22364795131733,115.57413695089963,138.03243796610653
2021-02-07 17:00:00,176.07679943743832,158.12777139743395,189.82208200106857
2021-02-07 18:00:00,196.15261154060647,176.0623471338694,210.04416966155097
2021-02-07 19:00:00,168.1774324520893,151.11537875872432,181.24027399637745
2021-02-07 20:00:00,150.84966500046272,137.2667650307137,160.32887991651748
2021-02-07 21:00:00,149.29808030481308,135.34149802818212,161.28134637015188
2021-02-07 22:00:00,105.6640890990072,96.0432147445292,117.1605598932503
2021-02-07 23:00:00,79.47033838376095,71.3049949066093,87.15242477263219
2021-02-08 00:00:00,94.81044128197743,79.13253151515163,108.51843636702522
2021-02-08 01:00:00,67.40700277196935,56.26261988530481,77.16923104533025
2021-02-08 02:00:00,68.32186968662499,56.132586613599074,79.18816868045884
2021-02-08 03:00:00,68.58741001214531,59.3618364212788,76.32560414050305
2021-02-08 04:00:00,63.779241156321355,56.2005317702484,69.11169029859902
2021-02-08 05:00:00,73.47385630664684,64.72834540614089,80.03028611441636
2021-02-08 06:00:00,115.94102348042298,100.53630245544115,130.61429010344963
2021-02-08 07:00:00,220.98756611796338,199.90474307777316,240.41360850599997
2021-02-08 08:00:00,176.85343863568764,157.73844014051176,191.06217576643348
2021-02-08 09:00:00,91.0480960557929,80.9111597109738,96.40941499553838
2021-02-08 10:00:00,72.20170802664092,60.5309201789615,83.85721929221886
2021-02-08 11:00:00,63.706776774862334,56.40987115002491,71.85205201588029
2021-02-08 12:00:00,64.28860544022122,55.72687705495555,72.1827827389787
2021-02-08 13:00:00,72.97929695718815,57.97092113281285,88.00650937179061
2021-02-08 14:00:00,79.91734175231014,65.55200583698256,93.44906647738297
2021-02-08 15:00:00,82.88890442969749,72.47890400752787,91.10741518110939
2021-02-08 16:00:00,143.3960397474048,129.90841917486168,156.41594093463203
2021-02-08 17:00:00,174.51507306138788,160.81495888250862,182.2608813546126
2021-02-08 18:00:00,179.06315178551978,161.36708445576727,192.5660548963464
2021-02-08 19:00:00,175.77221070103278,160.3619211332479,187.5089545511707
2021-02-08 20:00:00,181.62941660361946,169.38001254441207,192.8707155073891
2021-02-08 21:00:00,165.97746390516872,148.99258876108954,183.8316247299987
2021-02-08 22:00:00,130.35455067818523,118.21939861485917,144.14415143425356
2021-02-08 23:00:00,101.22093061516725,89.12623603573982,113.65775267351971
2021-02-09 00:00:00,84.2397898052895,72.354963268507,94.49509274995415
2021-02-09 01:00:00,80.7371609793555,69.85796371790138,89.59965097421524
2021-02-09 02:00:00,84.6903247664253,71.9448657192044,96.77060940106244
2021-02-09 03:00:00,80.87263777099855,72.0946080976005,87.18187147744214
2021-02-09 04:00:00,80.2822260337241,70.97492414261933,86.4005544289293
2021-02-09 05:00:00,88.72368573093043,75.9514907653385,99.37608020632406
2021-02-09 06:00:00,130.0889219519298,112.57547924383019,145.7433414324284
2021-02-09 07:00:00,244.3733838542046,220.5766758321635,268.12083177578484
2021-02-09 08:00:00,215.4965787135234,192.78539717887676,230.23350604256353
2021-02-09 09:00:00,140.60979937685374,130.52426985476603,147.84302667943092
2021-02-09 10:00:00,119.23081285893122,109.42535144452678,128.44611543271225
2021-02-09 11:00:00,95.27916448034021,84.70754762157986,106.35707724577671
2021-02-09 12:00:00,84.26429028810192,74.33302852075951,94.55688980750428
2021-02-09 13:00:00,87.98904846428536,73.69678673008242,103.67086173506466
2021-02-09 14:00:00,88.21332839513916,77.19904388639073,99.63933458722359
2021-02-09 15:00:00,87.71137871589079,79.90942500811404,95.90414683323033
2021-02-09 16:00:00,154.6160573995339,143.48867516510944,168.16533702742893
2021-02-09 17:00:00,193.70572163026776,179.17175601622222,203.60435250036744
2021-02-09 18:00:00,214.4509808457617,198.0409068908344,230.67353726580788
2021-02-09 19:00:00,198.9345802033064,181.37951591103067,211.28897655047533
2021-02-09 20:00:00,193.04008800597185,179.61089068846127,205.92411165116005
2021-02-09 21:00:00,181.76285474705276,163.7071178173657,199.94960313490282
2021-02-09 22:00:00,155.53629029726693,142.82328299587218,170.76125075233085
2021-02-09 23:00:00,124.76784906757551,111.5709361935265,138.16981309277733
2021-02-10 00:00:00,97.11936004763295,86.13432269083202,106.99162025046982
2021-02-10 01:00:00,76.67113925901367,66.87803295438103,85.99066307891464
2021-02-10 02:00:00,91.49917220923084,79.46758823542616,103.07266689573567
2021-02-10 03:00:00,82.76859587185143,72.91520944593182,90.42550458225762
2021-02-10 04:00:00,85.46587008738206,75.86019258463851,93.58627473991433
2021-02-10 05:00:00,100.13483819810861,88.72170112350494,113.25628710160868
2021-02-10 06:00:00,147.344496858396,134.04437572863245,165.5646993500624
2021-02-10 07:00:00,237.90412926349146,215.8002945889398,256.9860579523456
2021-02-10 08:00:00,203.6165235961254,182.3137360716295,218.23329726920662
2021-02-10 09:00:00,111.85701381746242,99.9063887392433,119.10986450654401
2021-02-10 10:00:00,94.89167974624742,85.19055862131252,103.401032261498
2021-02-10 11:00:00,83.66231164172626,74.59899252327278,89.64296418076444
2021-02-10 12:00:00,91.58800826045616,79.07047294731356,101.40383522770914
2021-02-10 13:00:00,106.53183126471345,92.5942589849955,124.47912208934567
2021-02-10 14:00:00,101.0170326490265,87.21437286056594,112.90268717469084
2021-02-10 15:00:00,78.58821711829248,67.87345954867489,85.4134677316797
2021-02-10 16:00:00,122.03970907726885,111.62763759264821,133.50551952062233
2021-02-10 17:00:00,199.97626084443155,186.73358732646366,207.80379260771508
2021-02-10 18:00:00,211.37767812716197,194.04789537824192,226.1119332798679
2021-02-10 19:00:00,212.76241666928348,198.1771431120432,224.7431549980177
2021-02-10 20:00:00,208.80778872461445,195.46706355303272,220.73208677678875
2021-02-10 21:00:00,202.5775080030062,183.47104101223206,222.442394289139
2021-02-10 22:00:00,168.80625371103804,154.15706440893112,181.69678771622003
2021-02-10 23:00:00,139.1421669980907,123.44342506625141,150.80804665210752
2021-02-11 00:00:00,120.85463221901895,108.3940715305432,131.29084549069094
2021-02-11 01:00:00,119.02271615177686,106.43804710459852,130.5373292053937
2021-02-11 02:00:00,129.98645406308,117.98732400928654,143.12133579826502
2021-02-11 03:00:00,127.15341932216646,115.42207184036026,134.0114490544091
2021-02-11 04:00:00,129.2874347136983,119.9601581037213,138.88455400445778
2021-02-11 05:00:00,134.8277907023028,122.60085230221212,145.2775384644673
2021-02-11 06:00:00,198.18356025660788,184.07758323433163,209.74010387704953
2021-02-11 07:00:00,329.3979579422882,307.7261236436508,351.41827364107263
2021-02-11 08:00:00,265.9891996901386,245.80023905544647,281.78986092733675
2021-02-11 09:00:00,152.61657543623295,139.87097915963787,160.5988940819253
2021-02-11 10:00:00,94.78197082415215,82.02047573797931,103.13082095790675
2021-02-11 11:00:00,81.2165540180026,72.06197426182815,88.61301671695082
2021-02-11 12:00:00,68.46428646140866,60.283329150058215,75.57315702009073
2021-02-11 13:00:00,89.09419265628472,75.23052566843978,104.86923175048781
2021-02-11 14:00:00,94.49507241253512,83.92284853741369,108.6145302369207
2021-02-11 15:00:00,85.97111479102767,75.60318851727911,96.17211982760203
2021-02-11 16:00:00,137.45613773547007,123.96593363755898,150.18882062995084
2021-02-11 17:00:00,216.20243784890786,201.51759393253135,227.62028039383378
2021-02-11 18:00:00,214.99546100716742,196.81093992985384,229.26461708342578
2021-02-11 19:00:00,215.77181552363723,200.53959589943696,226.246894643804
2021-02-11 20:00:00,227.11270950722005,213.1888441888091,240.19869547998098
2021-02-11 21:00:00,203.16609054222351,186.17792513374138,224.02518007121216
2021-02-11 22:00:00,174.1312218739092,160.74343640514383,191.3606559182134
2021-02-11 23:00:00,143.3792373934239,132.7592077429072,158.74900886531455
2021-02-12 00:00:00,109.66060393637453,99.62184150200994,118.32769491924215
2021-02-12 01:00:00,101.47051090463576,89.99459339542548,112.17251651812593
2021-02-12 02:00:00,105.3829412923916,94.10014409960078,117.43502273445506
2021-02-12 03:00:00,101.64457243940637,94.03855333543193,109.35489636456813
2021-02-12 04:00:00,100.90058803525898,93.28404000131975,109.36984949916852
2021-02-12 05:00:00,118.76871780234953,105.68669229162508,131.29157571127055
2021-02-12 06:00:00,160.64560494329203,141.30333155945178,178.56189102701856
2021-02-12 07:00:00,273.9362891155182,254.67352051952508,296.753239111169
2021-02-12 08:00:00,226.08361558466066,207.71026509495897,242.77301151137289
2021-02-12 09:00:00,133.76517357926195,122.28505504169568,140.0193177640854
2021-02-12 10:00:00,98.44447211368282,88.52718444790135,107.13229154850578
2021-02-12 11:00:00,92.5747801711528,83.06373827905132,98.65763066286183
2021-02-12 12:00:00,96.58614928274714,88.3752074208391,108.10153862942545
2021-02-12 13:00:00,111.57453151786635,93.8192241299454,125.87155796227523
2021-02-12 14:00:00,120.22190965249987,103.52597915484327,134.88686244105753
2021-02-12 15:00:00,105.86957168072848,93.02843076695534,115.53113200916084
2021-02-12 16:00:00,152.2824117600691,141.357840109121,166.4299825914488
2021-02-12 17:00:00,209.7399729639656,196.30092908510713,219.34295460474561
2021-02-12 18:00:00,211.2786384351638,194.63597157348244,226.9732317561095
2021-02-12 19:00:00,210.91349755620857,192.98721000226365,223.1305549866766
2021-02-12 20:00:00,204.91124065281056,193.60098163290365,218.2523039205964
2021-02-12 21:00:00,198.14660645405567,179.78456545467202,219.9497937050032
2021-02-12 22:00:00,161.58695347606022,148.36902010188462,177.22995639170207
2021-02-12 23:00:00,129.71726042594364,119.7730529336085,141.61334799488262
2021-02-13 00:00:00,115.7233605050465,105.20916385330015,126.34145106049742
2021-02-13 01:00:00,96.33386274444238,85.29008257598386,103.27970840878902
2021-02-13 02:00:00,101.55004831849439,91.43374427617628,110.13675297897812
2021-02-13 03:00:00,96.26207915580133,87.66421278306477,104.36424238997805
2021-02-13 04:00:00,100.87260694683017,91.83145759653904,109.5787853302209
2021-02-13 05:00:00,101.74325794634841,93.2504702898426,109.86043522984332
2021-02-13 06:00:00,128.0112206091568,112.51450246883851,142.66865580577112
2021-02-13 07:00:00,254.45351845112253,223.59268067959928,283.38389811708754
2021-02-13 08:00:00,254.6303464227409,230.78321333738742,270.99909044110507
2021-02-13 09:00:00,207.86628272542072,196.39988541527023,224.68648642332732
2021-02-13 10:00:00,170.57066842029718,159.6911739386679,182.75560768674288
2021-02-13 11:00:00,151.35723423825476,143.04942216553582,162.35283023454167
2021-02-13 12:00:00,137.34936588584804,124.64261053763391,150.58760100872175
2021-02-13 13:00:00,142.26729768568487,130.35846796893009,156.5154984721137
2021-02-13 14:00:00,149.62597282331006,136.48402396913946,162.0492497058804
2021-02-13 15:00:00,161.10734023762663,148.4004081917165,174.91725348587653
2021-02-13 16:00:00,170.85250152149402,158.81916314928733,183.92759068804816
2021-02-13 17:00:00,221.63626483933288,201.62263454059766,235.46219687878533
2021-02-13 18:00:00,242.87271841570825,225.97131797849502,256.53693660887427
2021-02-13 19:00:00,224.73345233066723,206.58982503562612,238.92450454487795
2021-02-13 20:00:00,208.1962507558083,194.73980059959706,218.943647267789
2021-02-13 21:00:00,207.74352353490042,195.69158007776008,221.454541039893
2021-02-13 22:00:00,167.62492725746668,155.25712778696376,180.22083524970262
2021-02-13 23:00:00,138.99133596841602,124.49940308793401,148.69508897974205
2021-02-14 00:00:00,115.26227452990037,105.5666549999268,126.23129540253804
2021-02-14 01:00:00,108.8576000674248,99.13233877718565,120.54502171291813
2021-02-14 02:00:00,104.14606918758021,94.92777761608227,115.92122971329734
2021-02-14 03:00:00,106.85043418775236,97.54256179485012,116.12664780339223
2021-02-14 04:00:00,109.70392998698046,101.00592267777817,118.32281300592993
2021-02-14 05:00:00,115.69855099162999,105.16639653528864,126.21677223473773
2021-02-14 06:00:00,150.0181525719111,138.13650887094232,165.69873853510887
2021-02-14 07:00:00,259.8949415373321,234.62098812746365,282.80127813831035
2021-02-14 08:00:00,260.36564807404835,240.2402214542793,278.4584373018182
2021-02-14 09:00:00,176.75939961224384,161.63349456534527,192.16337893079637
2021-02-14 10:00:00,141.6834942251468,130.6951900409782,155.3287999793088
2021-02-14 11:00:00,127.74400733890684,118.02504512538317,138.10054031755328
2021-02-14 12:00:00,110.67211196803312,99.72134239165803,119.94392042528115
2021-02-14 13:00:00,110.66162110985124,99.98814590740187,120.75573898404397
2021-02-14 14:00:00,110.8459416469974,96.65066726020798,122.66285138100055
2021-02-14 15:00:00,120.5472601378593,106.6321466267627,131.32910143371853
2021-02-14 16:00:00,148.24110179892978,137.4955176662381,159.45603567310786
2021-02-14 17:00:00,217.1378121304889,195.73945165728168,233.4217608315612
2021-02-14 18:00:00,245.33180125116212,227.0913188406016,262.81502664716515
2021-02-14 19:00:00,229.42740916014935,212.4791126442554,242.32452341472455
2021-02-14 20:00:00,217.1159528246657,202.5695908169194,229.77278038896918
2021-02-14 21:00:00,218.22629424980622,204.6502734377476,232.92000186771784
2021-02-14 22:00:00,178.9864200609899,169.09556796631918,190.43956307390732
2021-02-14 23:00:00,148.75731666555578,133.42447565062565,162.328867317451
2021-02-15 00:00:00,143.1029367110758,129.9615319627219,156.4083453340894
2021-02-15 01:00:00,119.01247142660743,109.32290801127537,129.13318434201196
2021-02-15 02:00:00,135.116032995476,123.53548731711341,149.4534252030762
2021-02-15 03:00:00,127.20618835617778,118.4841614660578,136.55275515657576
2021-02-15 04:00:00,131.593994913549,121.68612899043339,141.04526323321238
2021-02-15 05:00:00,142.90342436999896,131.28657909431337,154.87097528040925
2021-02-15 06:00:00,197.81305432907314,184.35015582501006,212.22096273836098
2021-02-15 07:00:00,302.375510051572,280.218713941397,324.50170493620004
2021-02-15 08:00:00,246.61105155214233,230.4430639574046,263.7985140564718
2021-02-15 09:00:00,142.77735135528303,128.2139448277903,152.1196668201296
2021-02-15 10:00:00,110.99148943197477,98.55132335280186,121.28030379466603
2021-02-15 11:00:00,97.50097941045723,88.28877722112225,106.71434557642843
2021-02-15 12:00:00,116.14152837339276,103.03654379074469,132.1302174236673
2021-02-15 13:00:00,106.3619107643149,92.45090813852937,120.27194726078507
2021-02-15 14:00:00,114.6824933133841,97.95359375109919,129.81570029391915
2021-02-15 15:00:00,111.78272628067366,100.82176876576695,120.51817932037869
2021-02-15 16:00:00,158.57170471367428,144.04784248442527,171.67176794977877
2021-02-15 17:00:00,227.83611478139755,212.16502876136448,240.18006265502842
2021-02-15 18:00:00,249.4719798989858,233.11032585313765,264.17294758015885
2021-02-15 19:00:00,240.1418003494136,221.87733701118896,251.8379293799553
2021-02-15 20:00:00,237.8080782382467,222.06945365806132,250.90254587399238
2021-02-15 21:00:00,231.40955407356853,214.09776813703633,251.4981999153213
2021-02-15 22:00:00,191.4326947425147,177.94909905122884,207.2113101897963
2021-02-15 23:00:00,167.13533173762622,153.59440383105343,181.11902860839422
2021-02-16 00:00:00,146.04458189411434,133.36767858378218,159.54460870150376
2021-02-16 01:00:00,144.2259878804363,131.8430219046384,155.55235758982064
2021-02-16 02:00:00,149.8857261001627,136.16109493763315,164.47670240006258
2021-02-16 03:00:00,145.35962235996394,135.0925157277059,155.19360368699614
2021-02-16 04:00:00,151.69204735452794,141.09301261503163,160.98292630051515
2021-02-16 05:00:00,155.07680368911463,142.66534276107205,165.61933506949234
2021-02-16 06:00:00,217.2488370722349,200.90465308644875,237.86022015815863
2021-02-16 07:00:00,351.41266954705964,328.03460535405776,374.3433332542635
2021-02-16 08:00:00,289.7371742505851,271.50675227774366,306.03998105350996
2021-02-16 09:00:00,158.23344345368028,142.26440315537246,168.18898700460826
2021-02-16 10:00:00,120.0425787748298,108.7502814117533,130.62180687202547
2021-02-16 11:00:00,100.9557383382404,88.54294870296329,109.93794067524144
2021-02-16 12:00:00,93.27783018354525,81.77853288048284,101.99271072105243
2021-02-16 13:00:00,107.96022311182064,94.3133820502312,124.26707133740354
2021-02-16 14:00:00,107.98936302291494,95.77854748771657,119.78984243809984
2021-02-16 15:00:00,108.71987816700212,99.11184614683796,118.31838843725713
2021-02-16 16:00:00,143.95234157206838,133.5607529325397,156.02480805211698
2021-02-16 17:00:00,229.40241766140454,214.57713524771577,237.56014647285676
2021-02-16 18:00:00,238.00286200850945,217.7878687433252,253.6990222712656
2021-02-16 19:00:00,237.93023254985624,218.86539833634538,251.18028869876747
2021-02-16 20:00:00,227.92575427662555,215.4723428213963,242.28053274771023
2021-02-16 21:00:00,215.16564044247124,199.46538469010773,231.05967663842472
2021-02-16 22:00:00,171.36238673526424,156.8673407714029,189.77166424058626
2021-02-16 23:00:00,151.9934679310089,139.66529264865326,164.8406913953662
2021-02-17 00:00:00,108.9976763522098,99.34921053856668,118.82537704636769
2021-02-17 01:00:00,105.24422324250273,94.77446220292026,114.16217431370005
2021-02-17 02:00:00,113.10594673609604,101.0653787345003,125.26933488600116
2021-02-17 03:00:00,106.4942504665074,98.8542106266035,113.69237646375828
2021-02-17 04:00:00,109.58630676610255,102.0015708963156,115.53724742884025
2021-02-17 05:00:00,123.20933745858225,113.18686803793743,132.96728495755667
2021-02-17 06:00:00,159.67655301008702,147.68518778109964,171.05998648345098
2021-02-17 07:00:00,256.78984935068087,240.3559093178031,272.7416236840094
2021-02-17 08:00:00,227.75155754649495,211.7097012552173,243.4331670846246
2021-02-17 09:00:00,155.91470811522237,141.76950953289992,165.18223948746746
2021-02-17 10:00:00,121.37700624239021,110.52407476901789,130.53163039894784
2021-02-17 11:00:00,107.10095591343105,99.48873242186326,115.80143981011913
2021-02-17 12:00:00,129.92017456155511,116.76504950598823,143.27851526744723
2021-02-17 13:00:00,143.82126785701615,132.26744292277036,159.8425164917226
2021-02-17 14:00:00,154.17750535427223,140.40602127892456,169.6666565645317
2021-02-17 15:00:00,154.51810567623068,141.33621763299735,163.22237511990141
2021-02-17 16:00:00,185.94148368996045,173.53338733316943,198.33735174752027
2021-02-17 17:00:00,223.3489187938097,208.34774406497525,232.55611581307696
2021-02-17 18:00:00,238.98409648691052,221.5533912532134,254.07100213076066
2021-02-17 19:00:00,228.32124253511077,211.26966192361746,241.22465923187158
2021-02-17 20:00:00,227.1016335777743,215.1216929452245,239.75850427325656
2021-02-17 21:00:00,216.3097912616076,197.67865331509867,238.17693707263984
2021-02-17 22:00:00,171.5006617713059,158.09917578678696,187.916018313805
2021-02-17 23:00:00,143.7421728539437,131.71080315089884,154.56344714407706
2021-02-18 00:00:00,116.86610212634845,104.9396478642748,128.4174154797243
2021-02-18 01:00:00,110.36066697007229,99.05074617777808,122.1117462901296
2021-02-18 02:00:00,116.99745485576072,102.60242881534744,129.01207104363095
2021-02-18 03:00:00,111.65631080936441,102.49813954883263,119.73170184900604
2021-02-18 04:00:00,106.1322119742013,97.81589316074513,114.66954475144497
2021-02-18 05:00:00,118.85934148945142,109.91597777054952,130.23914810641702
2021-02-18 06:00:00,159.0457635796952,145.71693525227914,171.05918489653993
2021-02-18 07:00:00,291.64332321447307,270.4296706803363,317.26891236831386
2021-02-18 08:00:00,249.45024586110603,227.2311183360862,264.76948911722315
2021-02-18 09:00:00,156.72129699129104,147.38715247046306,167.29829676057793
2021-02-18 10:00:00,126.89029139177778,118.00817087895707,137.11109104849146
2021-02-18 11:00:00,112.54579482661258,102.01247119498305,121.71356409248784
2021-02-18 12:00:00,104.6675397116984,95.18742111595368,114.79952745869988
2021-02-18 13:00:00,107.31523504503645,95.83829887912087,119.63921555582563
2021-02-18 14:00:00,95.75464915174707,81.66699316526568,110.60882810809126
2021-02-18 15:00:00,96.60132085489953,87.48884219848038,106.96551457101967
2021-02-18 16:00:00,142.49109409538784,131.0314457384763,155.89660808626587
2021-02-18 17:00:00,225.81076673252244,213.28105748881833,235.1030252985239
2021-02-18 18:00:00,248.64300581683074,231.90465252799493,261.0201840246056
2021-02-18 19:00:00,236.20875351771983,218.52645768951052,246.98324898563294
2021-02-18 20:00:00,231.74326269667583,218.71083173384346,243.97983192989062
2021-02-18 21:00:00,230.96473520398845,212.9632366917389,253.2112937611583
2021-02-18 22:00:00,190.99997550041584,177.5961547796551,204.85694313728436
2021-02-18 23:00:00,160.47102079160942,146.8065936388813,175.81247514141432
2021-02-19 00:00:00,125.82390549502814,115.72455764210889,136.0792613049876
2021-02-19 01:00:00,132.1573258764493,120.55337460408911,142.5626305192026
2021-02-19 02:00:00,128.23498280548316,112.69565488638214,143.67254205204236
2021-02-19 03:00:00,133.5732127465651,123.89211062827407,141.7602191967788
2021-02-19 04:00:00,149.56356352918996,137.88865175669716,160.6251021115877
2021-02-19 05:00:00,164.32888742863256,151.89661216300317,176.4767564742857
2021-02-19 06:00:00,203.1962216655542,188.37671481105642,220.4748844246133
2021-02-19 07:00:00,303.49637273341364,282.50118178825574,320.8282125524387
2021-02-19 08:00:00,242.001440705638,222.95160476249555,259.31534877143093
2021-02-19 09:00:00,138.6778845034781,125.5157707779087,147.90678203468488
2021-02-19 10:00:00,94.49798496786477,85.61701833024833,104.42693235967333
2021-02-19 11:00:00,79.02960517304886,71.13211686066867,86.3885879447015
2021-02-19 12:00:00,85.09813335242072,74.75145084591456,94.62724223840256
2021-02-19 13:00:00,83.92430075977862,72.61859999743079,97.11734589212679
2021-02-19 14:00:00,100.98264503739232,85.80659614555462,112.76312531246317
2021-02-19 15:00:00,102.42738084396687,93.63194333141755,111.99488085271088
2021-02-19 16:00:00,160.11607823102392,146.89005576882326,171.89872986918692
2021-02-19 17:00:00,220.43746563440354,206.7773176889613,231.54400725574362
2021-02-19 18:00:00,213.7655789198647,197.72976876663236,226.57690152469345
2021-02-19 19:00:00,202.18132704479768,185.44260551350158,212.43500542798307
2021-02-19 20:00:00,192.53579225530186,180.00585106871497,203.90555699904004
2021-02-19 21:00:00,182.4360444797615,164.5678992936979,202.33878351441666
2021-02-19 22:00:00,142.36230821100418,128.52494148565992,154.16418641385894
2021-02-19 23:00:00,112.833722490554,99.78289741969866,122.91932552996748
2021-02-20 00:00:00,83.96247741552958,71.18773138894844,93.44881906728953
2021-02-20 01:00:00,77.59500557039725,70.52394502770387,84.24473812137464
2021-02-20 02:00:00,76.05039962103108,68.85393575844176,82.18449578330056
2021-02-20 03:00:00,76.83941991589853,69.5476404315602,82.64458903025115
2021-02-20 04:00:00,85.32384911309859,77.82353864239013,93.28670361205165
2021-02-20 05:00:00,83.87544895035694,74.19142002419976,89.51163441263915
2021-02-20 06:00:00,100.11480874282054,88.26264455033457,109.44844236074678
2021-02-20 07:00:00,204.40135060994731,179.8626485533158,227.7617529594224
2021-02-20 08:00:00,211.19120430456374,192.61536338345633,233.88630728519965
2021-02-20 09:00:00,156.72851235092216,143.41964360888147,172.08998273938585
2021-02-20 10:00:00,116.1912685909742,105.10634790137081,125.79307727905794
2021-02-20 11:00:00,94.28208827769691,84.88892024586904,102.79103862386258
2021-02-20 12:00:00,96.72766638895888,87.13307321177192,103.50946071921798
2021-02-20 13:00:00,112.4533549248994,102.52152131114154,122.93599293020887
2021-02-20 14:00:00,117.54598008291926,104.96529384851718,128.06731096590943
2021-02-20 15:00:00,126.37853303695853,113.69526709464627,141.3970527631167
2021-02-20 16:00:00,130.51825220368193,117.91183933504816,143.36338057763075
2021-02-20 17:00:00,177.56958229605294,158.72526376792618,192.85305572210615
2021-02-20 18:00:00,186.08486706193204,169.93944018120152,201.42385476182872
2021-02-20 19:00:00,166.22784613914752,150.07498058329293,178.8778496308191
2021-02-20 20:00:00,150.58031084217296,140.78076165644345,159.11962606630843
2021-02-20 21:00:00,154.4257296260548,142.46259340137038,166.2124515250542
2021-02-20 22:00:00,115.85419259589938,105.16097905211944,128.85899682032363
2021-02-20 23:00:00,92.74557232316062,80.82134622858597,101.62149671927622
2021-02-21 00:00:00,77.5152052443999,69.21558343679796,84.75466695998696
2021-02-21 01:00:00,71.80979081975411,63.36941668838298,80.71434230953925
2021-02-21 02:00:00,60.63733738114738,51.90267546666265,67.77216895577607
2021-02-21 03:00:00,56.95424956908344,50.578708069912956,62.14193497511686
2021-02-21 04:00:00,60.16083073371056,52.46431334644667,65.73782159865208
2021-02-21 05:00:00,63.24479016308761,56.741732864322294,68.37166536157528
2021-02-21 06:00:00,75.54005487472789,64.47960888497954,83.83582295693084
2021-02-21 07:00:00,193.35980025253437,170.93274527119627,213.25618839633924
2021-02-21 08:00:00,184.2455401577443,165.83928057294924,203.94713187900996
2021-02-21 09:00:00,146.87045271777757,132.71010042164448,159.04788809853045
2021-02-21 10:00:00,108.85189554769781,97.34895761565048,120.31737289412447
2021-02-21 11:00:00,91.68728272228594,83.35275690458843,101.82030784427523
2021-02-21 12:00:00,86.97851094825067,78.04250203304952,94.44913702713599
2021-02-21 13:00:00,84.12303810757412,76.39588746411144,94.89651245344665
2021-02-21 14:00:00,94.91156552758557,83.27182888418449,105.63333769075741
2021-02-21 15:00:00,107.53244649108349,93.805544683273,125.71838353175816
2021-02-21 16:00:00,96.61717315471715,85.20831532243862,107.34859522901056
2021-02-21 17:00:00,158.3991492762504,143.34091423479305,173.17747635227354
2021-02-21 18:00:00,173.74227067251522,154.9511503557936,189.2862252188969
2021-02-21 19:00:00,156.33036917174564,144.1821147719191,167.213363012131
2021-02-21 20:00:00,143.6239931577705,131.69200106552955,154.99336873271048
2021-02-21 21:00:00,140.57235831945212,126.93792370726254,152.08060495254165
2021-02-21 22:00:00,109.61924746153719,97.87455948812776,121.31854210854725
2021-02-21 23:00:00,90.62935810422694,80.90148313407477,100.36641550595964
2021-02-22 00:00:00,92.62482176349278,81.6022940124031,104.35654369176696
2021-02-22 01:00:00,63.74615014123632,56.97589773524138,70.24078874270137
2021-02-22 02:00:00,69.42369172343095,61.13228289088481,80.74724767013923
2021-02-22 03:00:00,62.72259041524812,56.39106187971784,69.99770360216519
2021-02-22 04:00:00,61.874801793805574,54.4771654156353,67.45585114647898
2021-02-22 05:00:00,71.57804112139374,63.18823804387335,78.8233846440207
2021-02-22 06:00:00,110.42633523921901,98.15653532276814,119.96998325229714
2021-02-22 07:00:00,228.44500770874384,208.98833904785604,249.0723291050092
2021-02-22 08:00:00,207.6156000565804,190.0199474190203,221.8742236682754
2021-02-22 09:00:00,131.11656821970675,118.57223552162262,139.94303258826082
2021-02-22 10:00:00,110.43244037054961,100.58347161463765,118.4637141820612
2021-02-22 11:00:00,104.73121091962133,97.55078254983113,113.64431975261571
2021-02-22 12:00:00,112.72126225270198,102.46962509850482,122.81070006104
2021-02-22 13:00:00,121.11852046857959,110.56814162068997,137.1355780240907
2021-02-22 14:00:00,120.77135494811093,103.53505210064131,134.57974132246213
2021-02-22 15:00:00,101.33293920761777,91.7469184739552,111.15446441672981
2021-02-22 16:00:00,128.5364332606531,114.49868694435214,138.38506436455435
2021-02-22 17:00:00,198.82240486779205,182.97959342170645,207.46915875721362
2021-02-22 18:00:00,209.60225303585918,193.57574906098063,222.22486131441994
2021-02-22 19:00:00,198.3841849644837,181.98243678761594,209.59810808951147
2021-02-22 20:00:00,196.345304164214,185.02641501296677,206.38375494627113
2021-02-22 21:00:00,186.08740517617446,167.99585654792213,203.5187291891128
2021-02-22 22:00:00,155.82403974981835,142.9377342309465,167.48668943402544
2021-02-22 23:00:00,128.95778541319626,116.20574400047067,140.83664296615365
2021-02-23 00:00:00,114.95631502011948,103.1116048964409,127.79838925627483
2021-02-23 01:00:00,102.94415026759326,93.51882395332949,112.16258818318347
2021-02-23 02:00:00,113.95426825735305,104.7055304226843,125.43393114039453
2021-02-23 03:00:00,105.55780186056754,99.34986278141493,115.52843883967691
2021-02-23 04:00:00,120.27093141893164,107.21477142700743,134.38595721518143
2021-02-23 05:00:00,122.89215914393374,114.06470330046146,133.7391137698399
2021-02-23 06:00:00,160.5621093455476,146.1127308349748,171.9059947875006
2021-02-23 07:00:00,281.0654363051813,261.09281341482335,302.238202110534
2021-02-23 08:00:00,205.48546321468385,186.1978163355661,220.2017613439944
2021-02-23 09:00:00,121.01737574804837,110.04409706016814,127.68297723661769
2021-02-23 10:00:00,93.84881347943593,83.09734845999495,102.74094774252106
2021-02-23 11:00:00,77.7130989060838,69.79351566220232,84.51672205958111
2021-02-23 12:00:00,81.88891453953883,72.8612778487056,91.94852659409568
2021-02-23 13:00:00,91.59096209636033,80.77443311529774,109.78069444551832
2021-02-23 14:00:00,91.16205068496447,77.76939088156114,105.34484497123238
2021-02-23 15:00:00,84.53067851480316,76.26505642697123,93.10893268281782
2021-02-23 16:00:00,114.83598557095772,104.0413396594061,123.51683993323341
2021-02-23 17:00:00,202.31104365041526,189.37335826733917,213.22921072128608
2021-02-23 18:00:00,211.1589244326297,194.06834300832497,223.3484220955406
2021-02-23 19:00:00,222.77799180831826,205.0751088402648,234.88986929772997
2021-02-23 20:00:00,210.5451817791941,198.97960750626117,221.64317308045628
2021-02-23 21:00:00,205.60174338610355,187.59090495193203,225.67699424080303
2021-02-23 22:00:00,182.90726016964993,168.78590061572032,196.43768095070544
2021-02-23 23:00:00,161.36964860458758,146.1191436809597,173.28301537905682
2021-02-24 00:00:00,147.1849225248075,134.8949663857986,159.47652327589114
2021-02-24 01:00:00,131.0375347012425,118.71844435452203,142.3913856340992
2021-02-24 02:00:00,151.0765083548638,138.71087567396862,167.80692196905974
2021-02-24 03:00:00,141.64218067511734,133.40538613207576,152.85845463092627
2021-02-24 04:00:00,144.00903149745676,135.05361952558664,154.21975564709123
2021-02-24 05:00:00,151.07165502477866,137.01644886489748,163.3030651998871
2021-02-24 06:00:00,194.15317276734916,178.77593152127062,207.40773197670003
2021-02-24 07:00:00,329.6084275267666,309.4939702661417,350.62168315416335
2021-02-24 08:00:00,260.4143205328249,236.78067700247215,278.55777485501807
2021-02-24 09:00:00,156.36721405330258,145.56271984133187,164.34349938791755
2021-02-24 10:00:00,118.78940049617488,109.59351100185035,131.28571958922208
2021-02-24 11:00:00,101.7476386836743,92.61161389980293,109.7165857264939
2021-02-24 12:00:00,90.46696508786472,82.56275637044894,98.79283617821591
2021-02-24 13:00:00,99.72478498239909,89.3629752370214,115.62144396533732
2021-02-24 14:00:00,103.7169699344772,89.64603201148397,119.48864792355913
2021-02-24 15:00:00,95.81836536200015,87.62116901158834,105.61706785536076
2021-02-24 16:00:00,133.21228663027972,123.07047191307582,142.8427824841654
2021-02-24 17:00:00,227.168610101064,211.96306383796747,236.2807179801381
2021-02-24 18:00:00,242.24639518176565,224.43663458348854,257.0969756549731
2021-02-24 19:00:00,236.43641300121044,220.11321041470845,246.0161347127177
2021-02-24 20:00:00,240.5185508590288,229.30183802126118,250.47821521549494
2021-02-24 21:00:00,265.983733986543,250.05025091505746,286.2222587662346
2021-02-24 22:00:00,210.6549737386257,195.44690314861143,226.04968489466063
2021-02-24 23:00:00,175.90671354513995,164.28919951974052,192.4542618579346
2021-02-25 00:00:00,159.04837059817942,143.70515451311215,171.42648318469554
2021-02-25 01:00:00,138.50818433093607,126.49149314813526,148.41852358139695
2021-02-25 02:00:00,149.1177219598757,137.95963555417168,164.28901697028266
2021-02-25 03:00:00,159.50551171930397,147.41887569961116,169.81745739991007
2021-02-25 04:00:00,147.54241030899428,136.6739253066455,156.22777912189656
2021-02-25 05:00:00,166.19931648964567,152.75694725585922,181.00605866515
2021-02-25 06:00:00,210.83796811641875,195.10563423198772,224.1732849749337
2021-02-25 07:00:00,324.63882738149954,304.18905919637297,347.68061312593295
2021-02-25 08:00:00,239.99079213516262,218.63571735197226,257.13333216947717
2021-02-25 09:00:00,166.66218726689164,153.5248631948681,175.10468402884933
2021-02-25 10:00:00,128.20862329043948,117.57431665425325,138.6316207433598
2021-02-25 11:00:00,99.21729174381055,91.00816424821731,107.37780427032325
2021-02-25 12:00:00,100.94877599593028,91.85961132916566,110.63950754058102
2021-02-25 13:00:00,117.4636693072919,107.60698870301633,131.91356216181777
2021-02-25 14:00:00,125.4661503932417,107.569145748688,139.6102832974563
2021-02-25 15:00:00,123.96286199330751,112.78241088446619,134.1006152968305
2021-02-25 16:00:00,182.11503764907906,168.74386458178176,196.18475376557535
2021-02-25 17:00:00,220.06964207362722,204.37180109885043,230.70138115913616
2021-02-25 18:00:00,251.14478385755416,234.30618818268331,262.9371527644969
2021-02-25 19:00:00,244.3145940214401,227.68203093248005,255.28150389984512
2021-02-25 20:00:00,237.24428696774302,225.54804986008463,248.36291705916733
2021-02-25 21:00:00,233.9014341174756,216.26343976779555,253.80523588912635
2021-02-25 22:00:00,196.95953979181877,183.49106931404083,211.31267631360038
2021-02-25 23:00:00,160.6813844003115,147.54645278225297,174.46435694074864
2021-02-26 00:00:00,139.6739912023639,125.4962328928158,154.03116727425808
2021-02-26 01:00:00,117.25789419716214,104.46416274584526,125.44036596589861
2021-02-26 02:00:00,129.85785127111947,117.85560502811104,143.5298668298891
2021-02-26 03:00:00,129.6554576774687,119.61451182674317,136.24367891733752
2021-02-26 04:00:00,125.83476734313832,116.94995008439038,133.70103976065383
2021-02-26 05:00:00,143.76923498551415,131.5467215298025,154.43327365508193
2021-02-26 06:00:00,193.3634712011487,179.11394316231375,211.803440000182
2021-02-26 07:00:00,292.8569592524334,273.83398345369983,313.22833244083745
2021-02-26 08:00:00,257.68288705593903,240.90694824596025,275.21743473567057
2021-02-26 09:00:00,169.5406803790079,153.78208600107922,180.36192637308332
2021-02-26 10:00:00,120.80706816157148,108.62109828789703,131.8770766661046
2021-02-26 11:00:00,102.1165047835648,93.75950376906836,112.20573990120099
2021-02-26 12:00:00,103.50603305909516,93.73802574620935,114.92293794914028
2021-02-26 13:00:00,113.96750868035659,102.11363061330884,126.4571130734112
2021-02-26 14:00:00,121.44442124088384,111.44601083767512,136.10517163708582
2021-02-26 15:00:00,117.53702810433334,109.02505439523699,128.0290694503089
2021-02-26 16:00:00,150.6553557243874,138.44042410474302,165.14790001195155
2021-02-26 17:00:00,226.78491194384304,212.7520693872564,237.3836758605471
2021-02-26 18:00:00,241.41300408629223,224.8790244972672,253.75029940852238
2021-02-26 19:00:00,230.29571706742976,215.97638232535036,240.58790968076758
2021-02-26 20:00:00,236.1987769176894,226.9142260274394,248.12980166242548
2021-02-26 21:00:00,214.04087793082203,197.45095609749524,231.7051633986615
2021-02-26 22:00:00,180.49047365269823,168.13906177930062,194.73043093696194
2021-02-26 23:00:00,143.13137845714908,132.35753381029704,153.0612571283686
2021-02-27 00:00:00,114.77683070382714,103.0698478385349,124.2969580724007
2021-02-27 01:00:00,112.80214360499214,102.17428480150345,122.74903747510383
2021-02-27 02:00:00,107.08140031592087,98.80164470623461,116.04975814672235
2021-02-27 03:00:00,118.4903915396769,110.15131842168904,128.91380470460675
2021-02-27 04:00:00,121.22650549381719,109.54847885968184,132.47262223403436
2021-02-27 05:00:00,123.19126580035923,112.66627546349088,133.81770380967666
2021-02-27 06:00:00,138.08944334123126,123.76451622515974,148.54653912258595
2021-02-27 07:00:00,265.9167030045487,242.43791704895182,291.1066950602557
2021-02-27 08:00:00,243.43444003328844,223.30717892385692,261.21869823976556
2021-02-27 09:00:00,197.8865518538587,186.12880185675584,213.12033518877786
2021-02-27 10:00:00,159.37080267876408,147.92514060605336,169.98353806692847
2021-02-27 11:00:00,143.8511084843417,136.33553316000433,154.17324888712434
2021-02-27 12:00:00,133.6320420797339,122.51159320736117,142.04062962597757
2021-02-27 13:00:00,134.1463085329689,121.43891652960303,144.190100688264
2021-02-27 14:00:00,143.93228824125438,130.86447800131018,157.98593632131195
2021-02-27 15:00:00,146.0791716618758,130.53553268182918,165.556374026274
2021-02-27 16:00:00,163.43343323369183,151.42005105802085,177.9572125497357
2021-02-27 17:00:00,223.8533781921343,207.98122257725817,236.72230270471738
2021-02-27 18:00:00,253.92067972356224,236.0447269869443,269.11794935630877
2021-02-27 19:00:00,221.16893495515063,205.78385639265133,235.0056187381698
2021-02-27 20:00:00,217.86475514310976,207.4715337486674,229.73629693491225
2021-02-27 21:00:00,214.1129677749709,201.40735792453648,226.54532381193312
2021-02-27 22:00:00,175.03301010995062,164.12411097397444,188.27389501731923
2021-02-27 23:00:00,144.89614354482296,134.30687596881876,153.22296710883958
2021-02-28 00:00:00,122.1843965502779,111.64593993580573,133.8513099233997
2021-02-28 01:00:00,112.27791577750592,102.81198899271568,120.23633734726134
2021-02-28 02:00:00,117.85814331536095,108.18390986225393,126.93799976773774
2021-02-28 03:00:00,107.74837782741419,98.86698985052413,116.24816199126909
2021-02-28 04:00:00,129.35070467691912,119.55585237300879,142.70107637059607
2021-02-28 05:00:00,129.95690021948639,118.85689306879837,138.99452472197888
2021-02-28 06:00:00,153.6380392577429,140.92189401822245,168.49094083173438
2021-02-28 07:00:00,263.92792589435066,238.8681069549556,291.6330262788073
2021-02-28 08:00:00,253.446377127301,239.44246349303813,274.6460907953189
2021-02-28 09:00:00,194.8482533883846,180.68168295424465,213.8518185542867
2021-02-28 10:00:00,144.87724677962,131.5075186553373,156.52001336128507
2021-02-28 11:00:00,133.0033478624749,123.06673387058417,144.04309465399805
2021-02-28 12:00:00,122.27033091400085,113.40378718717457,133.06138199761116
2021-02-28 13:00:00,126.40860077242282,116.44637928077903,139.13356716485424
2021-02-28 14:00:00,123.92986664417671,111.61979505100327,137.21783200124645
2021-02-28 15:00:00,125.44734622554101,111.22580962432716,139.9249201639068
2021-02-28 16:00:00,157.7868476075955,143.93388973788396,171.13385378995778
2021-02-28 17:00:00,209.3923753307968,191.84335106755242,224.21040416985207
2021-02-28 18:00:00,258.5970621442728,244.53421867519674,270.8352991861422
2021-02-28 19:00:00,232.8587986082593,216.8621434534659,247.49761949613406
2021-02-28 20:00:00,217.75950253408175,204.31402167636503,226.46634203763625
2021-02-28 21:00:00,214.82054558155923,203.38402808650326,226.62373792000804
2021-02-28 22:00:00,170.40270806149707,159.70496326936575,184.5722941478684
2021-02-28 23:00:00,144.84556587322396,133.06424468659122,156.43919153104378
2021-03-01 00:00:00,120.66588788420198,111.16536109879002,134.76170528349707
2021-03-01 01:00:00,102.91426844235323,95.55947544899578,110.6235986233075
2021-03-01 02:00:00,126.06428979026609,111.28005815205277,142.16807166367485
2021-03-01 03:00:00,111.47305228549115,103.8197581671217,120.01525651584518
2021-03-01 04:00:00,111.0902185965646,103.59838214551034,117.32690330051112
2021-03-01 05:00:00,125.96291686254693,113.87668153045568,138.3421016542642
2021-03-01 06:00:00,167.37346694390618,150.5819058062234,182.9234293685751
2021-03-01 07:00:00,246.92250457443674,229.1541251728696,268.7508059473526
2021-03-01 08:00:00,195.97455802964262,177.87686245960685,211.4157505719
2021-03-01 09:00:00,144.29092959781494,134.29705422348985,155.93814830208916
2021-03-01 10:00:00,113.08365918132773,105.54711322901521,123.04865697802595
2021-03-01 11:00:00,100.1429462106658,93.57522779182428,108.4823770316079
2021-03-01 12:00:00,108.27091307360615,102.15373012820444,116.69108333133859
2021-03-01 13:00:00,116.071850332058,105.26800529802009,128.82638702843852
2021-03-01 14:00:00,130.6587777211038,109.62040867763469,146.89305799059895
2021-03-01 15:00:00,116.9590699038541,107.93464582873533,125.79620962780585
2021-03-01 16:00:00,155.8309144629376,144.70257314507793,169.75844887644007
2021-03-01 17:00:00,169.85834158839498,158.03856823609482,177.47364077855372
2021-03-01 18:00:00,158.3346486508406,144.43445269001595,171.94941451848717
2021-03-01 19:00:00,151.4128247357444,139.20760024761177,160.5271969255643
2021-03-01 20:00:00,147.25849777703516,134.8540355996717,157.01349276068012
2021-03-01 21:00:00,144.19928330130747,129.18274850956388,159.23612419204073
2021-03-01 22:00:00,112.94065290268627,102.92782053862793,122.45323034590965
2021-03-01 23:00:00,100.07794716943856,90.59359058721293,112.95066565462278
2021-03-02 00:00:00,78.05041192065828,69.45396393780551,86.09958156570585
2021-03-02 01:00:00,65.81199514702345,58.362289225256355,73.56499179224775
2021-03-02 02:00:00,70.05862237484077,58.17316285506568,82.84283220225772
2021-03-02 03:00:00,67.92215781215806,63.73180276607327,72.1802415446769
2021-03-02 04:00:00,65.96373373608522,60.560419942347416,70.52199784030877
2021-03-02 05:00:00,77.21910431226586,69.78894128578465,83.61991897712417
2021-03-02 06:00:00,120.28302122698462,104.4795177531692,133.91003773392956
2021-03-02 07:00:00,199.2930558623319,184.08363702963925,219.23660821617545
2021-03-02 08:00:00,136.36661379276734,118.52561340722569,150.05765468749024
2021-03-02 09:00:00,82.81640891464863,74.26308997573665,90.30826554343983
2021-03-02 10:00:00,62.0489039350119,54.4662938105249,68.82361847795815
2021-03-02 11:00:00,53.77750402251836,48.81743265775542,60.71441754547057
2021-03-02 12:00:00,56.70150888538298,50.29643283689846,63.706060086784944
2021-03-02 13:00:00,64.54587947981584,54.36875065388468,75.85839542648446
2021-03-02 14:00:00,62.133626138380755,49.10411580382389,75.13092937544735
2021-03-02 15:00:00,58.72071965068705,51.20105027765705,68.43591014834043
2021-03-02 16:00:00,84.90292036609388,74.97756090894029,94.52899337367404
2021-03-02 17:00:00,153.03159334259647,137.56634606512634,163.33269639201458
2021-03-02 18:00:00,149.8564242380008,133.77638919011497,162.8869218366897
2021-03-02 19:00:00,133.63162511836188,121.04221241143041,143.85111538571059
2021-03-02 20:00:00,137.90812479760874,127.53098760567298,145.22037977890824
2021-03-02 21:00:00,136.30584535045296,120.85449077434973,149.75816945644027
2021-03-02 22:00:00,116.37670873458865,105.31833963465482,127.85873006986003
2021-03-02 23:00:00,100.43721682969021,91.81931784041672,111.25318987773134
2021-03-03 00:00:00,80.91449152917852,73.49845370738751,88.14203174697604
2021-03-03 01:00:00,61.41781055058084,53.17994164682459,70.19443516836056
2021-03-03 02:00:00,63.54714580744206,53.71599937256112,75.49715550065952
2021-03-03 03:00:00,54.10361147070586,48.187941215280354,59.26903194763949
2021-03-03 04:00:00,57.91834505020168,52.19541157537785,63.83908534182406
2021-03-03 05:00:00,59.40035609098981,55.27236708547065,65.32606724701131
2021-03-03 06:00:00,97.95941712930208,87.5400499032448,112.33742982191798
2021-03-03 07:00:00,162.65609775067068,144.6049366447879,179.6081800952065
2021-03-03 08:00:00,130.99889994291593,113.68031482812926,144.08557429993058
2021-03-03 09:00:00,84.84076269998118,77.13240121979719,91.91955283945515
2021-03-03 10:00:00,61.55305388070255,54.95579768029635,68.76099136118786
2021-03-03 11:00:00,48.653938483703776,43.044357241634955,54.17975808348602
2021-03-03 12:00:00,56.03359541064405,49.51889531806385,63.62388683880568
2021-03-03 13:00:00,63.73160075944768,54.678450222639384,73.23125239841103
2021-03-03 14:00:00,88.66920188650234,77.09586873409684,101.91027633313897
2021-03-03 15:00:00,71.6324348075189,65.26335054112404,79.90075290811887
2021-03-03 16:00:00,107.7676413315721,92.9625595723577,117.9976506090968
2021-03-03 17:00:00,135.7980254394803,123.74359966996538,144.7120518988629
2021-03-03 18:00:00,141.9055179095968,128.84217057247,154.33533565397235
2021-03-03 19:00:00,141.4350133554287,129.70068281136224,151.85333907653862
2021-03-03 20:00:00,144.33594349263308,132.92140414487815,153.49762651198972
2021-03-03 21:00:00,146.10792297840098,130.40846216450404,159.42417528126524
2021-03-03 22:00:00,120.41916735524214,109.76045627024241,131.854859778097
2021-03-03 23:00:00,109.2427816154002,99.35330183466569,120.64730297451169
2021-03-04 00:00:00,85.57968218222084,77.09167508810664,94.8155217824996
2021-03-04 01:00:00,75.94252011924725,67.649571336173,85.84183797079606
2021-03-04 02:00:00,83.24062916280631,72.11311741793894,96.81025003195953
2021-03-04 03:00:00,79.48544791088007,72.36000551062453,84.564990449066
2021-03-04 04:00:00,89.37105221317594,80.81035223123031,96.98349527377371
2021-03-04 05:00:00,97.28824999735052,92.7248756925693,105.1907248645109
2021-03-04 06:00:00,137.97039806874938,122.29425052066573,148.85431122886678
2021-03-04 07:00:00,194.9460047616196,178.11829588046479,212.93698798531483
2021-03-04 08:00:00,146.70858880293477,131.67383021241,160.16069983666284
2021-03-04 09:00:00,81.60190807342315,73.44199457291904,87.24387959405347
2021-03-04 10:00:00,64.11702580558388,56.371057007894066,70.63408076204139
2021-03-04 11:00:00,56.505153553968896,50.800449797548865,62.70274957705089
2021-03-04 12:00:00,56.288600220709185,50.06872799456464,62.38851141755782
2021-03-04 13:00:00,66.6773717185748,55.61056206599152,78.40093970149472
2021-03-04 14:00:00,82.43176516703367,71.59435566372252,95.44838331674516
2021-03-04 15:00:00,89.5511964844329,81.60232817012215,100.63609315988792
2021-03-04 16:00:00,123.71307227985481,114.75539026302984,135.58376064503693
2021-03-04 17:00:00,169.90819150402018,157.52965707579446,182.2329552030101
2021-03-04 18:00:00,175.60649521363027,162.25235121376986,185.8229961419829
2021-03-04 19:00:00,174.6208369650898,161.19149457511844,183.31686358253094
2021-03-04 20:00:00,174.23907327459384,164.92544883892958,182.66467635753637
2021-03-04 21:00:00,181.91893556983896,162.0368300005252,197.34023298448722
2021-03-04 22:00:00,153.60902237065875,142.10916688204767,165.8201592802007
2021-03-04 23:00:00,145.99390113625861,136.62700243957278,160.0610437373767
2021-03-05 00:00:00,127.81442248707584,117.62945316787187,139.40548240241537
2021-03-05 01:00:00,113.42726545281626,102.45989287320725,126.04059865531967
2021-03-05 02:00:00,115.3425068902086,102.36298217882465,130.43630377293027
2021-03-05 03:00:00,105.43482818958566,97.49698612460251,111.63900711933314
2021-03-05 04:00:00,105.4530780746771,97.55891570055444,111.15519963081628
2021-03-05 05:00:00,123.33029108231493,114.42971286027878,133.25137972394737
2021-03-05 06:00:00,150.67154770504112,141.62853702431727,164.95220644253868
2021-03-05 07:00:00,216.1157259669757,195.21026395291412,240.05481247816167
2021-03-05 08:00:00,171.88682102938057,156.01148254852714,187.65367441225672
2021-03-05 09:00:00,105.60105882083455,96.28433671158433,113.36773174551382
2021-03-05 10:00:00,84.1313790743461,75.6850672076558,92.36936541371209
2021-03-05 11:00:00,75.15188716974015,68.8694483083502,82.62944063371299
2021-03-05 12:00:00,72.7825832906273,66.44586232290914,80.97942332928858
2021-03-05 13:00:00,75.56954575874589,65.43664327286436,86.70415271370248
2021-03-05 14:00:00,71.91251517112184,57.77314180169115,84.3330414770797
2021-03-05 15:00:00,62.18008055047384,55.46420483217847,71.34734822668476
2021-03-05 16:00:00,100.38154618658946,90.68848976470436,111.3179592386437
2021-03-05 17:00:00,170.3908247987146,154.13309719691895,180.87813641626389
2021-03-05 18:00:00,159.564928069072,143.12954363910418,170.97614398941732
2021-03-05 19:00:00,163.1878771622253,151.11996149926762,173.7342583515149
2021-03-05 20:00:00,173.30390634191366,163.34452699975733,181.88303641316054
2021-03-05 21:00:00,171.96901838326178,154.82416475183462,185.7222403638135
2021-03-05 22:00:00,150.03945986623364,138.74677737794332,164.10309369853684
2021-03-05 23:00:00,133.14579205963855,125.04402033773701,147.20525081929142
2021-03-06 00:00:00,130.34151925010065,121.17028341898384,140.28455085450165
2021-03-06 01:00:00,111.81024022950963,104.8335767247468,118.94174856872101
2021-03-06 02:00:00,112.16896270942426,103.65097696855858,119.01616092800222
2021-03-06 03:00:00,125.7065426520352,117.29158916933274,131.79211271362308
2021-03-06 04:00:00,131.400101323405,124.79265942991387,139.04360484026122
2021-03-06 05:00:00,141.5682268875907,133.65626028490433,150.1848639353906
2021-03-06 06:00:00,148.59377407235786,139.6355273310787,159.45683116939142
2021-03-06 07:00:00,222.17274149594385,200.6639657928088,243.83783816927092
2021-03-06 08:00:00,175.85439095573344,154.0849434947332,195.81190450213302
2021-03-06 09:00:00,128.81755181216081,117.46104412658168,141.29982416378692
2021-03-06 10:00:00,90.88159924624362,82.03237642716682,101.84614936798005
2021-03-06 11:00:00,87.63341743272389,80.23599593879263,99.4786160766632
2021-03-06 12:00:00,65.68384817329583,59.47169595167298,72.89753323379921
2021-03-06 13:00:00,62.194584338663745,55.0304013205905,70.9728745804328
2021-03-06 14:00:00,67.10419051205312,57.88826955363495,75.72034236271227
2021-03-06 15:00:00,84.26041266133342,74.98584071722345,96.8500869751481
2021-03-06 16:00:00,112.5347079084188,104.50269141052566,126.50122210050334
2021-03-06 17:00:00,143.47701957333817,132.3062794944074,156.24453175784856
2021-03-06 18:00:00,160.11863502451837,143.60825209882046,172.43560565406375
2021-03-06 19:00:00,149.19908857161687,137.6498477836532,160.49841921352157
2021-03-06 20:00:00,145.001879201668,132.14311880940699,153.0001605293476
2021-03-06 21:00:00,149.06547547117341,136.68906181979955,157.44375514684913
2021-03-06 22:00:00,122.44530987346116,115.25166587740884,130.56225064696824
2021-03-06 23:00:00,105.23517129865134,96.3143552350817,112.80147346556082
2021-03-07 00:00:00,83.56810095368725,75.27043322819772,91.26902503097415
2021-03-07 01:00:00,73.6438535139729,68.45010765067333,80.21784395425544
2021-03-07 02:00:00,73.77452361419303,66.67854336564709,79.11555859633393
2021-03-07 03:00:00,75.5246959861395,68.90266928672722,80.23916247838022
2021-03-07 04:00:00,73.8424876796157,68.16219741502383,78.5498816357292
2021-03-07 05:00:00,78.14059385100592,72.60212029097094,82.06291945029537
2021-03-07 06:00:00,97.9573949001122,89.19841609190857,108.34739266563959
2021-03-07 07:00:00,152.44774509620567,130.26424497132783,172.63195815981507
2021-03-07 08:00:00,143.30587289431622,123.01214053941723,161.2714599353263
2021-03-07 09:00:00,94.44015408115777,87.07583807354409,105.79217179100787
2021-03-07 10:00:00,66.5229376083378,58.570917076459516,77.6179596739355
2021-03-07 11:00:00,64.3100542533409,56.42012500204931,73.50879933908489
2021-03-07 12:00:00,64.29957283924139,58.15725177875476,72.09523918952107
2021-03-07 13:00:00,69.66833179117566,63.86897260915735,78.36253847083816
2021-03-07 14:00:00,74.21345779075494,66.39778721861623,83.67180045899481
2021-03-07 15:00:00,80.56781588923877,69.03598942624289,96.80146937909852
2021-03-07 16:00:00,90.42210484045883,82.32719727567309,101.67255500316617
2021-03-07 17:00:00,130.95264042879344,117.27008925902535,144.03502917523923
2021-03-07 18:00:00,147.76720984567788,133.06804381377125,159.5984140580516
2021-03-07 19:00:00,131.97004059965994,120.10479629835875,142.73133039705345
2021-03-07 20:00:00,129.143304654597,117.24429091068846,136.17805352807977
2021-03-07 21:00:00,135.23050677109174,122.99919277991164,143.7496989002002
2021-03-07 22:00:00,109.67636325000994,101.11891844521101,119.95658235486984
2021-03-07 23:00:00,87.14480851178078,80.7919152289798,94.22485882783347
2021-03-08 00:00:00,96.31969088958049,85.42799296454673,107.20444767426632
2021-03-08 01:00:00,79.12441866097545,72.82398164337444,87.18443950360954
2021-03-08 02:00:00,80.98691273982459,69.42635053985984,92.48530797108548
2021-03-08 03:00:00,79.51969730440669,73.4950288103307,89.79260118804952
2021-03-08 04:00:00,71.8094917206679,67.89283298227797,78.64090111966753
2021-03-08 05:00:00,78.37092688311398,73.19130129269361,86.90780133617852
2021-03-08 06:00:00,107.60531951680042,98.61704257251758,117.79018277764928
2021-03-08 07:00:00,184.2692763458622,168.39842294261877,202.19814203731264
2021-03-08 08:00:00,160.95458931975446,143.29661671200793,174.36396244871602
2021-03-08 09:00:00,95.16248462532451,86.83007211255459,101.28241776339895
2021-03-08 10:00:00,57.79504636582725,52.96309280583073,65.24715946561132
2021-03-08 11:00:00,47.24614704963395,42.730691775738784,53.036896524339554
2021-03-08 12:00:00,48.038175790925195,42.66660122138842,53.75049014852385
2021-03-08 13:00:00,52.40596488953786,45.18068181889452,63.02193943574153
2021-03-08 14:00:00,52.02062607694592,41.76732824087303,63.38594408586727
2021-03-08 15:00:00,40.141862064856575,35.14052110152345,45.95592274567702
2021-03-08 16:00:00,72.07597110167217,62.11715792858946,80.6157544439566
2021-03-08 17:00:00,138.78876571341715,125.90603451519975,148.20450330420277
2021-03-08 18:00:00,137.5003888618748,124.17112235699243,149.6833768744672
2021-03-08 19:00:00,152.766963919405,141.2697843635188,161.61928914587958
2021-03-08 20:00:00,152.54500652849694,142.86471010295685,162.75508496355042
2021-03-08 21:00:00,154.6763923771225,138.54269581274596,168.5466691757038
2021-03-08 22:00:00,122.58381041208703,111.47530893829119,132.76109853960807
2021-03-08 23:00:00,106.53518108399356,99.37158769019219,116.0793658222055
2021-03-09 00:00:00,103.36895821582003,92.23224201327712,113.85953495667731
2021-03-09 01:00:00,88.62702850529286,79.32203462641436,96.76311232959542
2021-03-09 02:00:00,95.39537537728802,81.97886355439404,108.17670585892435
2021-03-09 03:00:00,85.61724420012227,80.04454410582815,90.46802914186877
2021-03-09 04:00:00,92.2122336205444,86.33331887908268,99.28133610742016
2021-03-09 05:00:00,91.70908778504943,85.02712599749037,97.73929847882818
2021-03-09 06:00:00,127.33857654178998,114.89977626121407,140.7230157214553
2021-03-09 07:00:00,176.33188433618096,158.91320520975938,193.55298569120367
2021-03-09 08:00:00,145.02819065070963,129.93639264067366,159.5231779096321
2021-03-09 09:00:00,94.78483920994508,85.13185007696418,103.94283961826311
2021-03-09 10:00:00,76.07473331658171,68.85038511138205,84.35932208732245
2021-03-09 11:00:00,82.70796788529114,74.35406679708639,89.57615873497514
2021-03-09 12:00:00,83.64859963543186,77.61824966820977,89.77902111958848
2021-03-09 13:00:00,91.5692711922392,81.9193045116693,101.11508761098672
2021-03-09 14:00:00,98.06779703234064,86.21676870048132,110.17492076309445
2021-03-09 15:00:00,85.76361772320557,78.5276713505334,95.2738769781573
2021-03-09 16:00:00,110.69611079046095,100.43609007658542,123.8179267678009
2021-03-09 17:00:00,148.73365363774508,135.26874617745997,159.95781643275595
2021-03-09 18:00:00,139.55889360588824,124.34368927825099,152.38795930858095
2021-03-09 19:00:00,133.7083104149828,122.02875389839114,142.67168082626694
2021-03-09 20:00:00,134.7622603915688,124.19066336416873,143.30750764392369
2021-03-09 21:00:00,134.79602317412886,119.61475696234244,145.9921102254501
2021-03-09 22:00:00,115.02240882394685,104.01241760886352,127.15423573887696
2021-03-09 23:00:00,98.4631972945656,90.72026333812204,109.28678066918744
2021-03-10 00:00:00,90.60503750868676,82.95605179964579,98.28142499224734
2021-03-10 01:00:00,72.05412281994016,62.91937365436783,80.31335482552542
2021-03-10 02:00:00,85.02492398577395,72.23549987938875,97.00799763443847
2021-03-10 03:00:00,78.73906470529487,72.7963738489263,83.91209569954178
2021-03-10 04:00:00,80.43548756616,74.1345783208038,85.0003547090049
2021-03-10 05:00:00,98.92932560423803,93.22037969834831,109.18206378348265
2021-03-10 06:00:00,132.93446105548696,119.37615318823629,148.10274252327807
2021-03-10 07:00:00,191.16832061827648,171.5941940097095,209.01282846205413
2021-03-10 08:00:00,153.53094037199548,139.35176832607712,167.44626094399288
2021-03-10 09:00:00,92.11887866559852,83.10299960250754,99.75115758551826
2021-03-10 10:00:00,70.25744224571443,64.09019440019317,77.50851957665984
2021-03-10 11:00:00,55.81056630306954,49.26210970424388,61.52645954092287
2021-03-10 12:00:00,59.3870666591264,52.85631335794333,65.89114550347863
2021-03-10 13:00:00,68.98260949937762,59.45019236742958,82.34651532302239
2021-03-10 14:00:00,62.70100841172452,51.57032475867427,72.9663925198108
2021-03-10 15:00:00,61.00970953644642,51.486167871750844,71.09999264860355
2021-03-10 16:00:00,96.19783585516831,86.66638278532741,106.23464806224518
2021-03-10 17:00:00,155.02801338034402,142.62797325982226,165.47478222962064
2021-03-10 18:00:00,161.57212355199135,148.84505630585443,174.0085501302528
2021-03-10 19:00:00,162.66529255183315,150.8875027452993,172.26563397251581
2021-03-10 20:00:00,167.02052318916614,156.99485970023144,179.10632910267896
2021-03-10 21:00:00,167.0207926955116,150.2086989921617,180.52353671354425
2021-03-10 22:00:00,135.90984678371638,124.85712343857581,147.25087793153082
2021-03-10 23:00:00,121.16405246841404,112.12703794956906,131.3983150507098
2021-03-11 00:00:00,101.57380307928617,93.3608145095349,113.5171937591933
2021-03-11 01:00:00,79.95070560207897,71.53040406043603,87.04904101999273
2021-03-11 02:00:00,81.37160590315214,68.6812393516709,95.5959718202119
2021-03-11 03:00:00,78.6869562422368,72.56646283184561,85.13277353132226
2021-03-11 04:00:00,78.95015861191243,70.98003321009094,84.2865942676648
2021-03-11 05:00:00,82.84826953991738,76.81987366441732,90.36065577461011
2021-03-11 06:00:00,130.44811521112064,115.1074831009709,144.37186466181373
2021-03-11 07:00:00,182.39631937083385,166.93199362672945,200.0932579518122
2021-03-11 08:00:00,171.45596183180496,155.46854985513,185.47678207629545
2021-03-11 09:00:00,107.77450878340294,99.96146993773074,115.29163663002355
2021-03-11 10:00:00,62.53683140220291,56.80566214152981,70.36493079880452
2021-03-11 11:00:00,66.50187389294209,60.53965900200371,73.1093229952663
2021-03-11 12:00:00,87.05582229863738,79.32276046370724,95.60738057933601
2021-03-11 13:00:00,92.40108612191592,80.73760550449737,103.15242585475497
2021-03-11 14:00:00,79.52863616796446,67.06560999322161,91.84677728091266
2021-03-11 15:00:00,65.32273892455028,58.124384033277636,73.41182878738574
2021-03-11 16:00:00,107.55553240750145,96.48662917695155,116.26023116562467
2021-03-11 17:00:00,156.762958159813,145.3227139206783,165.75189437886914
2021-03-11 18:00:00,147.29396495152167,133.04580885506735,158.96788948161537
2021-03-11 19:00:00,144.69071589108609,132.5145090401565,154.0075048792947
2021-03-11 20:00:00,152.80143041446138,144.29334093860362,163.69591339883118
2021-03-11 21:00:00,154.10348397675264,137.8250059066368,168.9131257978569
2021-03-11 22:00:00,124.6356699834586,114.79354081661042,136.2948091294938
2021-03-11 23:00:00,107.79829406771084,100.07014831048959,119.76298726894932
2021-03-12 00:00:00,89.90128491398619,83.18188679909467,98.31275562568672
2021-03-12 01:00:00,74.68058357018883,67.59600604273241,81.71162640761928
2021-03-12 02:00:00,77.20946155504892,66.40353394271979,88.64821507465054
2021-03-12 03:00:00,74.73950295854813,70.85735695780681,80.53814723168223
2021-03-12 04:00:00,75.87294759203387,71.68942755339476,81.99291701927528
2021-03-12 05:00:00,91.65275464888084,86.34747655869373,102.92634383042343
2021-03-12 06:00:00,123.50774266807608,108.60187954270916,135.69263238567305
2021-03-12 07:00:00,168.09721876180197,151.33228652742451,187.26473902118627
2021-03-12 08:00:00,130.87461009217907,113.88018673581696,146.21008201763735
2021-03-12 09:00:00,92.40627002649568,84.20981249486135,98.84308660886593
2021-03-12 10:00:00,87.94742170523425,80.65372142631517,94.71003672250706
2021-03-12 11:00:00,84.3415197509707,78.36490211899194,92.41252046423132
2021-03-12 12:00:00,67.89103176590888,62.16411037253474,76.15722975000858
2021-03-12 13:00:00,75.86761720990467,66.93699866046754,87.87512113366573
2021-03-12 14:00:00,57.17003831476258,46.18088176059499,70.13268007474551
2021-03-12 15:00:00,42.69912164385575,37.7014304977933,49.30803270023372
2021-03-12 16:00:00,72.95400468620542,61.84344665286037,81.60805495785408
2021-03-12 17:00:00,125.61060110159714,115.21641054668412,135.18666648015218
2021-03-12 18:00:00,132.5499100172205,119.36421978877118,144.56580203827681
2021-03-12 19:00:00,125.5208591346935,115.3690120253575,134.1042261745206
2021-03-12 20:00:00,133.51727102674417,125.30476570293472,142.74571684945596
2021-03-12 21:00:00,130.283562247318,113.04664525399963,142.09265500434705
2021-03-12 22:00:00,101.49524217585711,91.59113708636774,111.82422149623038
2021-03-12 23:00:00,103.9591586474676,97.30184834041944,117.29760287591756
2021-03-13 00:00:00,79.45443990950902,70.96126983841914,85.55611673747062
2021-03-13 01:00:00,69.49681215237119,63.58793828064206,74.30036322769173
2021-03-13 02:00:00,66.6978542183148,61.68535679733613,71.08330353552373
2021-03-13 03:00:00,78.1679398879956,73.0798012467975,82.92943221699257
2021-03-13 04:00:00,79.58444266048583,74.34691501305151,84.26915070628382
2021-03-13 05:00:00,85.41175137509212,78.7018008339236,94.72592307753327
2021-03-13 06:00:00,94.42026418905242,87.09405411202982,104.86051610107751
2021-03-13 07:00:00,134.76114636595577,115.20061726681827,148.41473534520094
2021-03-13 08:00:00,129.89533605333082,112.00051931742894,146.80456495291676
2021-03-13 09:00:00,89.84295837032,79.54889411589832,100.33669806733793
2021-03-13 10:00:00,65.2402769636289,58.37679781656125,73.46635014933129
2021-03-13 11:00:00,68.66410661941583,59.20063094959057,79.39779815872592
2021-03-13 12:00:00,49.173136469618264,44.733490508564714,53.7466834573646
2021-03-13 13:00:00,44.971894908806995,39.60809781457789,51.34395279157933
2021-03-13 14:00:00,53.5902823809167,44.90995869384949,63.95373419651557
2021-03-13 15:00:00,54.40232191732795,45.01057110361758,66.37282546775056
2021-03-13 16:00:00,66.31987622951596,59.59560969912038,76.21741938509761
2021-03-13 17:00:00,128.09430935435478,116.58612628912229,141.42248483463848
2021-03-13 18:00:00,141.30628685244812,124.3844029159809,150.85707174276575
2021-03-13 19:00:00,132.70427791609237,121.3982566913412,141.85966078991189
2021-03-13 20:00:00,134.73216429907222,124.66426449232567,146.1083785439932
2021-03-13 21:00:00,138.56764636370866,126.61218785984468,149.25837287382558
2021-03-13 22:00:00,114.74483360863464,106.82134072286911,122.88249806883256
2021-03-13 23:00:00,99.90193813878304,92.28754721889197,108.22931732802617
2021-03-14 00:00:00,87.0525181649759,78.68232696592618,95.37572444237266
2021-03-14 01:00:00,72.95087865517952,66.94538494122665,79.3915401883793
2021-03-14 02:00:00,72.13784244903468,67.78472088750128,77.57651883591552
2021-03-14 03:00:00,68.79488175991172,63.57180467645795,72.50449233734183
2021-03-14 04:00:00,72.12986865270358,67.15407273341788,76.04861521885907
2021-03-14 05:00:00,73.16826648536177,68.15455192132495,77.57004309190074
2021-03-14 06:00:00,88.77361310283908,78.83667430117684,96.13552064611635
2021-03-14 07:00:00,147.21061705841393,128.30741190172097,163.4191701265116
2021-03-14 08:00:00,161.33371653812344,144.15944028501573,180.2179112742665
2021-03-14 09:00:00,118.38064354570783,109.78885429222224,127.92238820259676
2021-03-14 10:00:00,91.08087141805599,82.36102747989707,102.12301614203587
2021-03-14 11:00:00,81.38558792654335,74.00348468973382,91.29742408336524
2021-03-14 12:00:00,60.472481871663774,54.44959328827694,67.34633397789682
2021-03-14 13:00:00,66.28218051626189,59.85105497768915,76.41072448842067
2021-03-14 14:00:00,77.61837921067074,69.85371892023636,87.12021935705629
2021-03-14 15:00:00,103.61932928945805,92.49063138882971,118.98927303234298
2021-03-14 16:00:00,112.79235382893906,104.06538409312903,126.09471136037585
2021-03-14 17:00:00,133.55703972342707,118.9001897967866,145.044533982985
2021-03-14 18:00:00,154.35441394315532,134.34368258597365,166.67091849445106
2021-03-14 19:00:00,136.9444842211573,123.12767784183234,147.59856055794938
2021-03-14 20:00:00,128.7671286003942,115.28394360328348,137.13294897477635
2021-03-14 21:00:00,128.85696706424727,116.98565172619426,138.54815902900324
2021-03-14 22:00:00,99.9779033514189,92.58977195586849,109.8581102524296
2021-03-14 23:00:00,81.86749069601598,76.27476574815255,87.32006286089354
2021-03-15 00:00:00,83.30245991740058,71.18797374872759,94.87424700036097
2021-03-15 01:00:00,64.95974861912201,57.30985582474603,72.5608225242103
2021-03-15 02:00:00,70.56716502333362,60.22642396680878,82.68710088362468
2021-03-15 03:00:00,69.65460425154208,65.13474871215706,76.01272479114778
2021-03-15 04:00:00,66.58329906577038,61.10673216303256,71.49038643275821
2021-03-15 05:00:00,73.63095798892456,67.46399963564639,78.56991601897975
2021-03-15 06:00:00,114.82885659200906,103.39576710822544,121.75225517877176
2021-03-15 07:00:00,168.3121896450487,150.83998999367887,184.44448774210375
2021-03-15 08:00:00,157.0970292659053,142.92349652268445,172.75201736363766
2021-03-15 09:00:00,98.0510703060165,90.49810955326488,109.08680129318937
2021-03-15 10:00:00,83.25270721021502,74.70430314793505,91.5574325772353
2021-03-15 11:00:00,64.48575565147549,59.54738211322333,69.40712999327698
2021-03-15 12:00:00,59.73589588870996,52.99472827151855,65.97706271466508
2021-03-15 13:00:00,74.54457038700454,64.23417138421492,86.38303248827256
2021-03-15 14:00:00,87.96660181892663,78.88387980708717,98.83198765873908
2021-03-15 15:00:00,90.47854894023848,84.46048838596366,99.34151745056941
2021-03-15 16:00:00,109.4758160845826,100.45519020837794,120.63445779807195
2021-03-15 17:00:00,138.4346479606458,126.56942573670639,149.5194859933774
2021-03-15 18:00:00,132.8017552863118,118.66647272259414,144.48124378835018
2021-03-15 19:00:00,129.04293833956055,119.01233934106718,138.60448567668536
2021-03-15 20:00:00,130.8879903085663,122.40497381655791,138.9855579058381
2021-03-15 21:00:00,127.32517722589803,113.51065816105161,138.9969975169382
2021-03-15 22:00:00,100.11895460447795,90.41134412583067,109.70351548331097
2021-03-15 23:00:00,87.82636834598088,79.06336763315076,99.20585309006906
2021-03-16 00:00:00,77.02094357274983,68.37319159202134,83.57991789028233
2021-03-16 01:00:00,63.95581008438208,55.76470363919137,71.94585180683265
2021-03-16 02:00:00,66.98443987724018,55.45229759653089,77.70898293666413
2021-03-16 03:00:00,57.83485502211039,53.60090122519542,61.974752383816
2021-03-16 04:00:00,69.4770856037177,62.886488013994246,74.76269019442816
2021-03-16 05:00:00,76.38492692659774,68.80835133411357,84.52289284626765
2021-03-16 06:00:00,91.78493771058687,82.04344805618044,100.7998718836373
2021-03-16 07:00:00,165.33973855465052,148.84857910640343,182.277259816886
2021-03-16 08:00:00,132.55912172174476,116.74272242559769,146.14404753705443
2021-03-16 09:00:00,85.32555871196182,77.00084799799664,93.19160512957527
2021-03-16 10:00:00,51.784949760320266,45.80490418110483,58.51201142703432
2021-03-16 11:00:00,47.742698860712366,42.66039519647824,53.43505481030698
2021-03-16 12:00:00,45.688981335040566,41.313650670309485,53.30426586380087
2021-03-16 13:00:00,69.94362253978935,61.87784103655581,80.12566545714674
2021-03-16 14:00:00,65.59618239509147,53.332594077240024,77.64979497330714
2021-03-16 15:00:00,54.27575994710167,49.1387586302145,61.20364837115089
2021-03-16 16:00:00,84.90069057371838,76.75474068635798,94.45999689844898
2021-03-16 17:00:00,118.34963764624256,107.89379808149953,125.19355116754815
2021-03-16 18:00:00,121.82931941898232,108.7808144114417,131.56862831167578
2021-03-16 19:00:00,124.30890276173429,113.03149454663892,134.64989281387852
2021-03-16 20:00:00,120.6806929837177,111.74398819317491,128.60585720654316
2021-03-16 21:00:00,120.75883691246727,106.19009210585436,132.9999590924645
2021-03-16 22:00:00,96.85968829861743,86.4919826527584,106.28936504817632
2021-03-16 23:00:00,83.2095919880557,76.78264068859667,92.98521574966925
2021-03-17 00:00:00,65.88042067275211,57.53215497893061,71.5810610100036
2021-03-17 01:00:00,55.7821524785428,47.09486191617574,62.94491033288589
2021-03-17 02:00:00,62.64425737329873,52.65351786219126,72.57036152342394
2021-03-17 03:00:00,56.62225143975889,52.05976196396929,60.1112509033454
2021-03-17 04:00:00,58.147535419893,53.248055215596395,61.68151922077125
2021-03-17 05:00:00,64.04633966548114,58.95037249470314,70.10043054635905
2021-03-17 06:00:00,86.90925890390561,75.51514611612723,97.04057614636511
2021-03-17 07:00:00,164.77216576655047,147.68942843998488,182.29382240840502
2021-03-17 08:00:00,153.6459166876223,139.2914057382267,168.18383314895667
2021-03-17 09:00:00,112.40260009135184,103.37102965982224,117.92294478129848
2021-03-17 10:00:00,91.7503124936119,84.20285913301491,98.16968647138123
2021-03-17 11:00:00,86.3500152431747,79.78186525040165,92.25881907777136
2021-03-17 12:00:00,85.58917717186934,78.98137544705213,92.28209669929765
2021-03-17 13:00:00,105.52900733853718,93.349483841582,119.15104354186563
2021-03-17 14:00:00,109.36047821126526,97.79608025731899,122.51854220705245
2021-03-17 15:00:00,104.06695797795699,97.4490347150761,117.02980904537685
2021-03-17 16:00:00,128.89008671904784,118.33817210424243,139.28531685717985
2021-03-17 17:00:00,145.89935187129635,134.16287626718673,156.00532000632157
2021-03-17 18:00:00,153.90188775948468,139.9140473577002,164.5677718595543
2021-03-17 19:00:00,151.15310466845133,140.3735057776017,160.41493915258084
2021-03-17 20:00:00,149.41492934531735,140.27872379495392,157.2439164212592
2021-03-17 21:00:00,147.2633256612159,132.41762066304824,159.13313000927647
2021-03-17 22:00:00,123.97582788324641,114.16344935117328,135.68661071972195
2021-03-17 23:00:00,104.62699093663426,94.82212171535758,115.84369592380514
2021-03-18 00:00:00,100.62733912489512,93.02662524723858,108.3432306933388
2021-03-18 01:00:00,84.07537956821028,76.47488373559561,91.61565433467658
2021-03-18 02:00:00,95.28950110077803,85.54450023837055,108.37779677911158
2021-03-18 03:00:00,90.44027826261537,84.72653479482302,98.30983007676382
2021-03-18 04:00:00,90.28657493462822,84.69945135284426,97.26602125110658
2021-03-18 05:00:00,106.66724336058346,98.0631043559366,118.52848031443925
2021-03-18 06:00:00,137.6171676863736,124.05140888135351,147.78991899862532
2021-03-18 07:00:00,179.0719639578286,160.4614767589603,195.8268954562361
2021-03-18 08:00:00,147.2370064180278,134.46984523220328,163.68348671656838
2021-03-18 09:00:00,99.01391603976936,91.4161265712452,105.70233949156197
2021-03-18 10:00:00,72.90523887457054,65.89143156005719,81.13293901267218
2021-03-18 11:00:00,69.58662085171001,63.50332216232275,76.54879666806227
2021-03-18 12:00:00,76.79823341779647,68.57737032382725,86.20124331500381
2021-03-18 13:00:00,82.10192233203671,71.35108978027532,93.67300791749491
2021-03-18 14:00:00,94.55979219094598,81.87954341317948,108.3504307094672
2021-03-18 15:00:00,83.60956964534667,76.93123405143827,95.74996375420729
2021-03-18 16:00:00,113.28700466159121,103.06645206237141,122.10799337513502
2021-03-18 17:00:00,151.40277316787368,140.5088539100789,158.97557407622273
2021-03-18 18:00:00,157.68090586223653,142.41511589830554,168.07831078294845
2021-03-18 19:00:00,163.24457354710157,151.7810964038667,172.46795699234033
2021-03-18 20:00:00,158.7785835072482,150.0483684811786,168.279122548345
2021-03-18 21:00:00,154.5330600865457,141.07153974782122,166.66038946104482
2021-03-18 22:00:00,140.9678038910464,130.31869532497294,152.42374249619314
2021-03-18 23:00:00,126.85827298401564,116.7581100322021,138.67382379596623
2021-03-19 00:00:00,108.17218201333222,98.79969074746133,115.8307376018235
2021-03-19 01:00:00,103.49323192918222,92.36262030820413,112.72254372188776
2021-03-19 02:00:00,111.72640023475566,99.08060733452072,126.41057821486582
2021-03-19 03:00:00,110.56344388976224,102.3191440370849,119.32883801628724
2021-03-19 04:00:00,118.20151857819278,110.50837387329274,127.66084697948807
2021-03-19 05:00:00,116.21239172299659,111.10064652657269,122.32506169526616
2021-03-19 06:00:00,155.29998304993674,142.2654845911764,166.91368696329292
2021-03-19 07:00:00,195.9500005323602,177.40319782980117,215.27799176883045
2021-03-19 08:00:00,149.13071132639757,133.16273099014649,160.81260041824686
2021-03-19 09:00:00,95.18521600401142,86.97015076724873,104.0904471655754
2021-03-19 10:00:00,74.79513525667555,67.92155190942378,82.37272419215053
2021-03-19 11:00:00,70.36337826884484,63.22920631461828,76.1954983938515
2021-03-19 12:00:00,80.31143514067665,75.48499903905446,88.47922093193885
2021-03-19 13:00:00,102.22855943482153,94.45841024462943,114.58845601105128
2021-03-19 14:00:00,106.4798955606482,94.17485572503628,120.814175430524
2021-03-19 15:00:00,89.55417611579428,83.68624192961673,95.78655681338255
2021-03-19 16:00:00,115.5679573113628,105.5238611943327,127.75440858245148
2021-03-19 17:00:00,160.27400258493344,150.05277582094635,171.33193695583773
2021-03-19 18:00:00,168.50087808093187,154.93062097152912,180.10857111400534
2021-03-19 19:00:00,165.7291207451386,155.67036475134486,175.41977100789333
2021-03-19 20:00:00,164.0538026151176,155.8048941315067,173.05701306778732
2021-03-19 21:00:00,161.50570876029002,144.14488929069245,177.27168938814077
2021-03-19 22:00:00,140.11665192851876,130.90761219014377,152.2281074252367
2021-03-19 23:00:00,126.93463488364105,119.96849589421933,137.6639075682871
2021-03-20 00:00:00,103.73095534575292,95.51503617516522,108.61752352948973
2021-03-20 01:00:00,93.1437657696233,85.32741278220924,99.61773725563646
2021-03-20 02:00:00,93.46495691281827,86.99069884437601,99.0085664900041
2021-03-20 03:00:00,104.43287005130058,97.50952966592828,112.67767929396277
2021-03-20 04:00:00,111.8466572068677,103.01494095083228,120.0339037557258
2021-03-20 05:00:00,110.13027420617667,102.68271337563783,119.00075975855347
2021-03-20 06:00:00,122.30426580698911,115.02746350069962,131.60247269631722
2021-03-20 07:00:00,181.31854365511066,158.92292111650724,201.69646711903601
2021-03-20 08:00:00,142.04809621062176,123.57924360329227,159.88114587831345
2021-03-20 09:00:00,96.25243022017501,87.59441204857163,105.46661622894752
2021-03-20 10:00:00,86.47116181477713,77.52059545539335,96.7852049962854
2021-03-20 11:00:00,79.72059231544783,71.54070794778188,89.51458659948557
2021-03-20 12:00:00,62.7437869965424,56.98895320125616,69.51565407908133
2021-03-20 13:00:00,74.85052571066957,68.53053873556749,84.15154353702818
2021-03-20 14:00:00,76.31839247663694,68.28699766995904,86.95511738656441
2021-03-20 15:00:00,82.00233097872612,73.2807060442267,95.38206819747329
2021-03-20 16:00:00,97.52581065264079,90.05965856085437,108.78178500712583
2021-03-20 17:00:00,128.22557072269169,116.8792685445171,142.20647791320826
2021-03-20 18:00:00,167.2288058371393,152.04954463563422,178.8914693548242
2021-03-20 19:00:00,161.72789470836207,148.63923945945334,173.815114437977
2021-03-20 20:00:00,166.45924815925827,157.66343513604667,173.37332799994883
2021-03-20 21:00:00,171.6178783230244,159.06550572583015,181.06227869786784
2021-03-20 22:00:00,148.06428077695426,140.89060242773368,159.3288727900938
2021-03-20 23:00:00,129.81239905210825,122.051347749493,140.59090177845295
2021-03-21 00:00:00,106.05081613390382,98.85668646405688,110.26551174249035
2021-03-21 01:00:00,104.38924347323271,97.70123118208878,109.3309583901866
2021-03-21 02:00:00,107.25099097104686,100.30589869847913,112.2744569271502
2021-03-21 03:00:00,109.52788151414204,103.49452991812004,115.63098944490788
2021-03-21 04:00:00,108.33740849362906,100.93366810940357,113.34474525760486
2021-03-21 05:00:00,106.9016550052482,100.53497638262546,112.44405770677763
2021-03-21 06:00:00,118.76770541320461,111.4108244160139,128.87882555909684
2021-03-21 07:00:00,188.57157536016493,165.43804472968992,203.71461207888777
2021-03-21 08:00:00,169.2810979476393,150.17941417519174,188.01977268688205
2021-03-21 09:00:00,129.64589895732158,118.95255425823312,141.55852838787283
2021-03-21 10:00:00,113.97127687513445,103.51807533103765,125.27840692592666
2021-03-21 11:00:00,84.39346042204488,76.55930929698684,93.33753829235448
2021-03-21 12:00:00,74.95659312488162,67.2748876962625,84.09026967891896
2021-03-21 13:00:00,89.88412642270073,84.98935983251316,98.30702656170516
2021-03-21 14:00:00,113.70492072470304,104.06252444973117,123.59145742539236
2021-03-21 15:00:00,122.77321929597039,112.26655348461131,139.02648801164526
2021-03-21 16:00:00,125.93049333501074,118.39820988135274,138.50965665192982
2021-03-21 17:00:00,144.09997533073926,130.80614660224416,157.26217415474483
2021-03-21 18:00:00,159.4706084248587,143.51150723301382,168.82093496663182
2021-03-21 19:00:00,140.4416653987523,128.0578438433409,151.7013655459334
2021-03-21 20:00:00,131.21868588167598,118.6691584767851,139.17623188262004
2021-03-21 21:00:00,135.8565169269063,124.24623266060262,145.89131949391265
2021-03-21 22:00:00,103.76938537970894,97.20911446272791,111.4520301612888
2021-03-21 23:00:00,80.0933238587088,75.63444465594011,87.367251870721
2021-03-22 00:00:00,86.95144338479047,73.22247550282994,96.93765170640924
2021-03-22 01:00:00,69.67760861237039,62.53973238448076,77.07517756550308
2021-03-22 02:00:00,73.0752983036424,63.41988514980194,82.95103242258692
2021-03-22 03:00:00,69.84469630699338,65.10552024985024,73.77530284848898
2021-03-22 04:00:00,79.31800889596066,73.04446645695602,85.99234784975192
2021-03-22 05:00:00,84.564613800054,75.93261771464005,90.10991296342341
2021-03-22 06:00:00,136.62364551102567,126.60797735338883,146.05409820952747
2021-03-22 07:00:00,171.84171784759855,153.26941312362516,186.95044464801018
2021-03-22 08:00:00,136.93748450188886,119.67027064431238,149.65180920921375
2021-03-22 09:00:00,99.38043191788447,91.06490797230146,106.39128970770388
2021-03-22 10:00:00,66.98072375092705,60.00762408198957,73.87634865500134
2021-03-22 11:00:00,57.74904610487422,53.13913292559441,62.16493011959543
2021-03-22 12:00:00,55.67583019762779,49.563968324405124,63.33271480271784
2021-03-22 13:00:00,60.55738019401476,50.942184404439004,70.65975119006379
2021-03-22 14:00:00,59.09381034952494,49.05436235004914,68.47527790705078
2021-03-22 15:00:00,53.7672362187465,48.129211089042435,59.62142522314773
2021-03-22 16:00:00,94.06532162482145,84.383347243315,103.5391575052093
2021-03-22 17:00:00,131.0418379795833,116.75451570982402,140.47346992277636
2021-03-22 18:00:00,179.09509847394503,165.42923672556182,190.5295772386984
2021-03-22 19:00:00,164.57935679158578,154.8564888423983,174.81399137721655
2021-03-22 20:00:00,170.40852761041347,161.49109875798075,178.67022193418225
2021-03-22 21:00:00,167.0660206435626,151.60110951141056,179.08035405517245
2021-03-22 22:00:00,144.39911210898654,134.8940352527319,156.3934062734601
2021-03-22 23:00:00,126.01007156313338,117.6341245511736,137.25516325701054
2021-03-23 00:00:00,108.239478722269,98.92112969267316,117.30542944377481
2021-03-23 01:00:00,98.74074050294037,90.4698990426575,106.5851384515466
2021-03-23 02:00:00,115.07013658874116,100.53517185142366,129.0452639289237
2021-03-23 03:00:00,103.62480336554515,97.59613682555457,109.87606556386143
2021-03-23 04:00:00,106.95656919363412,100.15818410740945,114.41254220876377
2021-03-23 05:00:00,117.45798243814956,108.10245349245598,130.4755571339994
2021-03-23 06:00:00,132.93925039796466,121.39430765859018,140.48154189548572
2021-03-23 07:00:00,205.9236530918426,189.12548618758905,223.29396212743006
2021-03-23 08:00:00,171.5175765056852,157.85056346040432,186.3074436812907
2021-03-23 09:00:00,107.83038382154436,98.79299844542936,114.17887334957345
2021-03-23 10:00:00,86.28787290143259,78.0319038367491,92.73167089701602
2021-03-23 11:00:00,71.8447816426515,65.67759641249641,78.48612397956343
2021-03-23 12:00:00,73.99696154367555,66.92333210250818,85.69056265916265
2021-03-23 13:00:00,82.4897046772008,73.51575754841987,94.93904448395745
2021-03-23 14:00:00,74.62345134374942,63.2892120259693,86.86950530064802
2021-03-23 15:00:00,88.87208309834378,82.98180908331851,99.4273020837503
2021-03-23 16:00:00,122.51598480100992,112.60998331866804,134.40667658424346
2021-03-23 17:00:00,154.60742398576036,142.78427262528783,163.32102185591654
2021-03-23 18:00:00,200.78890613071061,186.13868791185163,211.88556329640875
2021-03-23 19:00:00,182.10852905824396,169.95259607273775,191.24233332781
2021-03-23 20:00:00,185.12024958844214,176.69244356811168,194.71228593143925
2021-03-23 21:00:00,186.67335283487245,170.06527051612164,200.9176565795408
2021-03-23 22:00:00,168.27275928057344,157.40159319789407,181.28828712622968
2021-03-23 23:00:00,146.26752890654166,139.15956796695508,156.44398781596203
2021-03-24 00:00:00,144.01905730805484,131.18853284038755,154.54409649802824
2021-03-24 01:00:00,124.32058941688676,110.79719733395444,133.78864630752128
2021-03-24 02:00:00,133.3512171818426,118.67495360438168,147.34167922273676
2021-03-24 03:00:00,133.54554012933792,123.49719679812993,141.50356490002173
2021-03-24 04:00:00,119.18149728124271,111.05592661364511,124.65334137681342
2021-03-24 05:00:00,128.48410163466156,117.8386354980495,136.2692147156636
2021-03-24 06:00:00,172.63829061101754,156.1087634578062,187.91372084990078
2021-03-24 07:00:00,233.60698513176084,216.41767002793597,253.09618706671446
2021-03-24 08:00:00,211.79549251216613,196.87076356537392,227.56592646801954
2021-03-24 09:00:00,150.14114826562005,142.2889877272307,157.1369187008306
2021-03-24 10:00:00,133.32556319009154,126.52082196479073,143.41868240233
2021-03-24 11:00:00,118.35972667783777,110.77344597790275,128.8373481988969
2021-03-24 12:00:00,113.46879714660652,107.97416603699016,123.34414963192198
2021-03-24 13:00:00,91.86700691182382,83.85066732522657,104.0104302633534
2021-03-24 14:00:00,91.2966829587506,82.12496073826232,104.79180784908402
2021-03-24 15:00:00,83.60894729516744,77.64289120258032,91.82813259063083
2021-03-24 16:00:00,121.59299466744683,109.86048963641507,131.6383315657008
2021-03-24 17:00:00,162.4666128166153,149.6194477423982,171.93519864503563
2021-03-24 18:00:00,205.30210347738608,190.1433527028842,217.98443275365753
2021-03-24 19:00:00,197.23362167720845,185.6005699491606,208.85372224091807
2021-03-24 20:00:00,192.47181000012608,182.03814504254504,201.99626889980902
2021-03-24 21:00:00,197.52663336387886,182.3425503070563,214.84593996228114
2021-03-24 22:00:00,157.96043410623133,147.3852416364188,169.09064830138175
2021-03-24 23:00:00,142.94564879935575,132.35847658284143,154.1152317065163
2021-03-25 00:00:00,144.52537046497784,136.04469994494934,157.75772963353867
2021-03-25 01:00:00,123.25247442203404,113.99030123272632,134.22539229619278
2021-03-25 02:00:00,126.03524155660651,113.63617957362759,140.8966564088244
2021-03-25 03:00:00,118.52610059403375,111.05154091605621,125.0706469235335
2021-03-25 04:00:00,119.760677696145,110.73701901071357,125.59094947778122
2021-03-25 05:00:00,132.36957737931505,124.12926298395861,143.14603062914207
2021-03-25 06:00:00,169.68093185161135,154.66637236903853,182.27275067138848
2021-03-25 07:00:00,199.24565954678323,182.11242441973909,214.8171868659162
2021-03-25 08:00:00,159.58713646347098,144.73090260264394,174.52978322294894
2021-03-25 09:00:00,107.51366950651806,99.21684659286076,115.79352928902685
2021-03-25 10:00:00,93.92161665917608,84.85236256169773,102.7298884681457
2021-03-25 11:00:00,89.87282903756872,83.840261704957,96.21607804647294
2021-03-25 12:00:00,93.23426589440962,86.06222429302659,105.0713721811129
2021-03-25 13:00:00,102.08666745608629,93.28701857078627,114.7757469214235
2021-03-25 14:00:00,114.82345740331456,99.91228586186624,127.26507675822901
2021-03-25 15:00:00,88.93613697684765,81.30194203652205,99.67276450694712
2021-03-25 16:00:00,108.52822344471825,97.74500092519813,120.88457271120315
2021-03-25 17:00:00,164.78104737811609,148.82713932642832,175.3804416864921
2021-03-25 18:00:00,201.82660601506092,186.84048543597135,213.91537475951338
2021-03-25 19:00:00,185.05158538850623,174.3478360526457,194.6536763816566
2021-03-25 20:00:00,190.39931535070733,181.6993981090371,199.32672210450576
2021-03-25 21:00:00,192.9109960718131,175.29220903260244,208.87699919621173
2021-03-25 22:00:00,162.8062609660648,151.23450631016564,173.53463040582156
2021-03-25 23:00:00,142.12290274500225,132.33915492118064,152.67833298037283
2021-03-26 00:00:00,123.99145868099298,116.54418743879656,131.20520940802095
2021-03-26 01:00:00,114.49129163053698,103.68449592089316,126.68096073480405
2021-03-26 02:00:00,119.2800469179736,105.98094280631797,133.13874265088526
2021-03-26 03:00:00,123.9012106444165,115.78585705980908,133.30776759238617
2021-03-26 04:00:00,122.89564457880333,115.19502658471909,131.14492250340982
2021-03-26 05:00:00,127.08914745921257,118.47616565884717,135.2881401592475
2021-03-26 06:00:00,157.82480092842158,145.76611361714853,173.76039014462745
2021-03-26 07:00:00,195.09435713408337,179.00594521229638,212.57742235605141
2021-03-26 08:00:00,157.82103784521289,142.28897338092116,170.0438830461039
2021-03-26 09:00:00,116.09509720803787,105.9806158764524,124.25153499998494
2021-03-26 10:00:00,97.37633337374898,90.62061876494282,104.87666865985281
2021-03-26 11:00:00,83.2857557700797,76.69157403169869,89.03235710393155
2021-03-26 12:00:00,94.82746864430635,85.68982860639355,103.65523615435379
2021-03-26 13:00:00,102.78030010167575,94.06829982222497,114.34591514426822
2021-03-26 14:00:00,114.16954183046424,100.65702464983512,126.53986310587163
2021-03-26 15:00:00,112.86083748210524,102.03251806897809,122.86122400447647
2021-03-26 16:00:00,116.76481953522236,107.91371772752004,125.45631172839435
2021-03-26 17:00:00,150.3037297823029,139.22792975413142,160.64415017440123
2021-03-26 18:00:00,171.07066612766027,157.58329560354537,184.11080473606697
2021-03-26 19:00:00,155.39572349097077,144.89855346080816,164.26585555291274
2021-03-26 20:00:00,158.48661856672246,148.53402591520629,168.5603170617291
2021-03-26 21:00:00,173.38987153247027,158.0823535465943,187.22838654610615
2021-03-26 22:00:00,137.6968393438901,126.04764279030896,148.5165791879523
2021-03-26 23:00:00,123.19154145075119,114.13967956536659,134.44729841273093
2021-03-27 00:00:00,105.03737567364438,95.65398243117006,112.77438390933645
2021-03-27 01:00:00,93.94318555032903,86.3796225146263,100.6770815473724
2021-03-27 02:00:00,88.37147330747811,80.03728172250626,94.2777800671348
2021-03-27 03:00:00,96.31525307311234,89.9896158981906,101.12880981128475
2021-03-27 04:00:00,93.44270602139501,86.30380022902217,97.74946040049551
2021-03-27 05:00:00,94.33358117011603,88.77607285375552,99.72435502823534
2021-03-27 06:00:00,111.7540044891055,105.34368260382627,119.58331747913039
2021-03-27 07:00:00,176.05158495752633,156.11841961212048,192.6281788795212
2021-03-27 08:00:00,160.5215530463226,142.4259146999981,181.18088652174634
2021-03-27 09:00:00,115.92090766483749,107.15528658332188,127.59680763484405
2021-03-27 10:00:00,100.24847849652606,92.42073931654154,110.83009799160067
2021-03-27 11:00:00,82.50153138277878,74.36715517574207,93.30153376534894
2021-03-27 12:00:00,57.75190182280191,52.137840841331766,65.0533232050208
2021-03-27 13:00:00,66.80725292827223,60.61146289754477,74.21061833453135
2021-03-27 14:00:00,74.929027075237,66.716496230839,83.75000426325929
2021-03-27 15:00:00,87.06750617378808,77.30215419925499,100.46930085697429
2021-03-27 16:00:00,121.94730000920954,114.83177576187505,133.94473471788154
2021-03-27 17:00:00,133.56299026984013,119.30530969597355,145.44853842816022
2021-03-27 18:00:00,174.3559448719447,156.16626296440313,185.4352161381106
2021-03-27 19:00:00,150.90850672480246,139.3078562461887,163.9808716484724
2021-03-27 20:00:00,146.1831404285001,134.4476038400957,154.47024710910983
2021-03-27 21:00:00,157.09062846613713,145.10330418999817,166.22245126632612
2021-03-27 22:00:00,134.73297782202076,126.2203731576841,143.85215644867185
2021-03-27 23:00:00,118.72372349926114,110.2146159362223,127.01866677366233
2021-03-28 00:00:00,97.06159829372602,90.15715062447899,102.68125643449565
2021-03-28 01:00:00,97.35601767663397,91.42817330500048,102.41485220960345
2021-03-28 02:00:00,91.91128595320033,85.23472350176992,97.5985242942502
2021-03-28 03:00:00,99.46370465755103,92.80769647232724,104.45215871912916
2021-03-28 04:00:00,113.01693820106256,105.35504818120303,119.47970442065703
2021-03-28 05:00:00,112.23363341158304,105.29511730197108,117.89109618279586
2021-03-28 06:00:00,133.83019427547515,124.0697190317801,146.242501075668
2021-03-28 07:00:00,169.18604241994214,143.55389874001307,196.5078050331751
2021-03-28 08:00:00,152.88076101628778,136.42282992923094,170.15323509295936
2021-03-28 09:00:00,109.8292205894942,98.75063741366846,120.38949383918562
2021-03-28 10:00:00,89.03261567218843,80.35018635616626,99.71044893780623
2021-03-28 11:00:00,86.49450037647289,80.59862786870845,98.05382755714501
2021-03-28 12:00:00,57.81445355732253,52.263521057888596,64.72821237129207
2021-03-28 13:00:00,55.9831458808697,49.59537152568174,63.46749915206922
2021-03-28 14:00:00,55.699196579053215,45.53211207752554,64.92115596304185
2021-03-28 15:00:00,74.0791260033287,65.0593803660918,90.93764724285593
2021-03-28 16:00:00,79.48496097460765,71.8397506662172,91.25804697929493
2021-03-28 17:00:00,111.73444278209146,100.13844422158418,124.50581351403434
2021-03-28 18:00:00,152.43145646384755,138.15214271211852,162.95491587262978
2021-03-28 19:00:00,150.82603924118285,137.87152378756736,160.54119765666067
2021-03-28 20:00:00,150.10058193997563,139.87189292652462,158.7480548507407
2021-03-28 21:00:00,159.00918081159415,148.91727217002918,166.21916563267212
2021-03-28 22:00:00,130.3573971325334,123.28823438394356,137.7126704214172
2021-03-28 23:00:00,119.47689457924992,111.58273065006368,127.07467076266286
2021-03-29 00:00:00,123.65562999071409,110.68529789433285,132.43067782676968
2021-03-29 01:00:00,91.21735498267618,82.65891258060262,98.06433107299337
2021-03-29 02:00:00,92.57786437688513,80.63990285545495,104.88815454107727
2021-03-29 03:00:00,87.85542907193022,81.3647842566295,94.71116532317491
2021-03-29 04:00:00,87.06168497939707,79.91662799210413,92.25618080074676
2021-03-29 05:00:00,93.97748147037426,86.64089444740777,102.11948983562893
2021-03-29 06:00:00,132.43653413739642,122.51310410333323,145.16542508401488
2021-03-29 07:00:00,194.5202840860273,180.36727356558103,211.06242582757721
2021-03-29 08:00:00,177.9364572786837,160.37199553994637,192.71960376653388
2021-03-29 09:00:00,121.51040771046634,112.1364439107571,130.77691917782667
2021-03-29 10:00:00,97.17094075069903,88.74887792433401,105.45374763650855
2021-03-29 11:00:00,89.06866070472486,83.52627642392132,97.4685336069425
2021-03-29 12:00:00,88.51962780492816,80.60463509659337,97.40858333903702
2021-03-29 13:00:00,102.41922746291948,91.11601156937931,115.45978665996114
2021-03-29 14:00:00,74.20296447495375,59.36185336880533,86.50553648902385
2021-03-29 15:00:00,50.74155551222201,44.50848277252876,60.15180581845002
2021-03-29 16:00:00,75.04212520448125,65.20867891828154,83.4575104487751
2021-03-29 17:00:00,116.27128388218819,102.42766799940993,125.56213478188954
2021-03-29 18:00:00,158.19886701811666,145.24991550664478,171.36003018439797
2021-03-29 19:00:00,140.59026826025206,129.71436216496895,150.00314811087532
2021-03-29 20:00:00,142.06741234695602,133.7456887443781,151.99238692971213
2021-03-29 21:00:00,142.7688757900931,128.6080959339575,154.92420177902704
2021-03-29 22:00:00,124.95086159016417,114.19517555203417,134.60056552007185
2021-03-29 23:00:00,111.70657208285945,100.12530683019097,122.50565323894787
2021-03-30 00:00:00,96.43957381108804,85.48800641902702,103.88096837295332
2021-03-30 01:00:00,85.63751046233526,75.6358767193303,95.46571979450773
2021-03-30 02:00:00,91.64511303943416,80.26350329696363,103.39499280198251
2021-03-30 03:00:00,88.04487686273676,82.04142953531229,93.01561453278005
2021-03-30 04:00:00,89.38884505100299,82.630257336061,93.79863054242124
2021-03-30 05:00:00,96.19460383363838,91.3917844627728,103.11853107788309
2021-03-30 06:00:00,128.4443909904062,116.32259602091104,140.08390057699958
2021-03-30 07:00:00,145.23118841685167,129.16993221474746,164.36102396300265
2021-03-30 08:00:00,133.44636211575227,116.2771353734257,146.64705900809702
2021-03-30 09:00:00,77.32254279571305,69.22475417799183,83.9145473448502
2021-03-30 10:00:00,72.7717329146986,65.5903068837764,79.94390951500667
2021-03-30 11:00:00,59.752254662115895,53.02623053633531,68.47342527437435
2021-03-30 12:00:00,53.31037207965069,48.54189572526301,60.18933665388898
2021-03-30 13:00:00,62.6795251849496,55.129827105261874,72.56386760398584
2021-03-30 14:00:00,90.268022695373,78.7339781646609,100.47157523993815
2021-03-30 15:00:00,83.99432780648371,74.23432431573573,94.50606983685701
2021-03-30 16:00:00,110.51467679685098,98.44519430559986,121.38420116255716
2021-03-30 17:00:00,145.61400104435893,132.5767994847432,155.04252517840618
2021-03-30 18:00:00,148.37992224237215,134.9604759783093,160.55909942568317
2021-03-30 19:00:00,135.1089823399182,124.34904389058407,142.9266568465139
2021-03-30 20:00:00,136.76287189060739,126.78517475328758,146.0543451893564
2021-03-30 21:00:00,134.35146034325044,119.00291407802308,146.34849274326518
2021-03-30 22:00:00,110.73689104414107,103.44391458940909,123.9644804465211
2021-03-30 23:00:00,87.33354704477098,79.08122205566733,96.42378233192701
2021-03-31 00:00:00,82.32082196108735,73.73524231505172,87.7343303019582
2021-03-31 01:00:00,68.70541771295716,60.82980872726863,76.47014155546303
2021-03-31 02:00:00,72.88696904749959,62.552746548513035,83.19692792537401
2021-03-31 03:00:00,69.52401689406777,63.67504152232083,74.15069430370681
2021-03-31 04:00:00,66.92602273693936,63.1737405379585,72.69799110737974
2021-03-31 05:00:00,78.26369754581968,70.80838846845714,83.37846337085664
2021-03-31 06:00:00,115.16955922760269,100.50676208125586,126.15706583976595
2021-03-31 07:00:00,154.6192646262816,140.56146970432948,171.01552592898008
2021-03-31 08:00:00,124.19698040617936,110.85115070464485,136.72247329717126
2021-03-31 09:00:00,74.29898559772109,66.74330915645022,80.8538575130966
2021-03-31 10:00:00,50.33269595079154,44.762885555211454,57.39333132847739
2021-03-31 11:00:00,41.478255736747265,35.94770316215274,47.05915957951691
2021-03-31 12:00:00,43.726312649508436,37.613020182378904,48.73296671793257
2021-03-31 13:00:00,48.58191086443224,40.91092818868436,58.41481050855105
2021-03-31 14:00:00,45.24543046519697,35.71783351758426,57.04889909199043
2021-03-31 15:00:00,38.816753111917514,34.081040038487764,45.802086482641926
2021-03-31 16:00:00,56.77260087312863,50.124603201301994,64.55636059524718
2021-03-31 17:00:00,100.63210903054465,89.83156743822482,107.77223601779504
2021-03-31 18:00:00,139.50712992138338,127.17865890170846,150.41447098444817
2021-03-31 19:00:00,139.99501876460505,130.85231672246013,148.81719897341006
2021-03-31 20:00:00,142.16470483946622,133.30468897217528,151.45592491320951
2021-03-31 21:00:00,150.93235469767112,136.4080997070916,162.87794918667515
2021-03-31 22:00:00,128.9939401555512,118.02504667379019,139.59285589707454
2021-03-31 23:00:00,118.04572997600908,109.14708681633758,127.54035429136835
2021-04-01 00:00:00,86.75501556855828,76.51976474879744,96.84244330858056
2021-04-01 01:00:00,85.8827751836875,77.2935628792647,95.72004841571176
2021-04-01 02:00:00,88.64710826588114,81.52757093878951,95.98222772624827
2021-04-01 03:00:00,88.30287904526666,82.10107638780126,93.5143105723809
2021-04-01 04:00:00,88.74303872903394,82.88877168339646,93.69237206544821
2021-04-01 05:00:00,87.95829231049517,82.1511629537992,92.52294712079002
2021-04-01 06:00:00,98.97823443488265,89.248160709375,110.79027201928612
2021-04-01 07:00:00,117.34963037569011,102.61170936795011,133.14935903499827
2021-04-01 08:00:00,95.37050503271024,82.17159371038083,113.37816456021372
2021-04-01 09:00:00,61.755636002542644,55.15533683465153,68.11282109949265
2021-04-01 10:00:00,32.443556481102036,28.84401446798511,37.81954088945151
2021-04-01 11:00:00,27.802188464231115,24.513356486318244,32.21702100387687
2021-04-01 12:00:00,24.819138336775442,21.174620296453696,28.893133802094553
2021-04-01 13:00:00,27.227681453882784,20.43546698216606,36.225818443876605
2021-04-01 14:00:00,20.441715413186376,17.113976516141708,24.76627950349766
2021-04-01 15:00:00,22.759604471111654,19.128795699018333,25.87043993388114
2021-04-01 16:00:00,40.95361255164791,34.72936393818163,48.65094351287318
2021-04-01 17:00:00,67.47538389598097,57.298143966431056,75.16324448331575
2021-04-01 18:00:00,94.77977446835541,84.56342552549636,103.80965917792531
2021-04-01 19:00:00,98.78296425824351,88.21696149425588,109.5798348454814
2021-04-01 20:00:00,102.4820657155495,91.70473386923238,112.83936485856684
2021-04-01 21:00:00,102.92980180021742,95.12833060314671,112.45027850345598
2021-04-01 22:00:00,100.3249531785364,90.19180329996074,111.16738130053515
2021-04-01 23:00:00,104.3837186279717,96.7589218819949,116.39461948645518
2021-04-02 00:00:00,84.19951775163457,74.52971371446266,91.79382022671427
2021-04-02 01:00:00,88.88549277605051,80.70035034132017,98.2819583452527
2021-04-02 02:00:00,92.88176124940314,87.65552481589347,99.6740724243903
2021-04-02 03:00:00,88.60894476397281,82.46664879115781,93.93972389021536
2021-04-02 04:00:00,86.38946759712941,81.26553061997869,91.42715869098559
2021-04-02 05:00:00,90.06698675292175,84.14149301241919,96.87435538402671
2021-04-02 06:00:00,93.28843777497876,84.4807672452599,105.52800839105582
2021-04-02 07:00:00,122.0429083349245,107.29263049862274,138.2793308808569
2021-04-02 08:00:00,119.01787785516633,106.06520951689552,133.80931556127325
2021-04-02 09:00:00,89.14953373090891,84.2842796793223,96.50808656877804
2021-04-02 10:00:00,83.91714745181831,78.70410288762132,90.30945263648128
2021-04-02 11:00:00,80.04971661433909,75.16093039428301,85.37547825371983
2021-04-02 12:00:00,70.85744034254523,65.45743230500223,78.36202876211618
2021-04-02 13:00:00,63.56909440707733,55.25487029813721,73.06976144331213
2021-04-02 14:00:00,36.20285418960886,32.393491757267334,42.18460474574915
2021-04-02 15:00:00,52.25281120279133,47.008981404838394,60.23832454713441
2021-04-02 16:00:00,73.29351768219747,63.61056434765862,81.95514513772007
2021-04-02 17:00:00,96.68667730544375,85.58242203389395,107.03155351434741
2021-04-02 18:00:00,130.0503012954638,117.76869902080838,140.79053831153757
2021-04-02 19:00:00,132.01433257332056,119.88276390983621,141.90383084852476
2021-04-02 20:00:00,130.2909365696691,120.5854227337304,142.78681875199908
2021-04-02 21:00:00,125.80142903151523,115.07503494083772,134.24217281103614
2021-04-02 22:00:00,122.82798906233212,113.60655333815993,135.35047528072167
2021-04-02 23:00:00,120.0628872995099,113.0455512288175,131.00186842627414
2021-04-03 00:00:00,111.86882418718706,102.67186022954958,123.55316247449915
2021-04-03 01:00:00,102.71932799761868,95.58902977733683,107.5699864988663
2021-04-03 02:00:00,101.6862363602136,96.07688213919454,107.60541291990127
2021-04-03 03:00:00,122.9248328330481,115.81317683403373,127.80262081460296
2021-04-03 04:00:00,122.59309521263494,113.80194382738895,129.81073150886314
2021-04-03 05:00:00,122.72899598283131,115.49172108668263,128.575329525937
2021-04-03 06:00:00,109.80587749561273,102.92383754966953,117.90868759375668
2021-04-03 07:00:00,118.35525726710362,104.30125080647889,133.41332283578797
2021-04-03 08:00:00,123.24513240737876,110.40842100027093,142.2041129045849
2021-04-03 09:00:00,76.73883819238725,69.91323311838781,84.63767863278918
2021-04-03 10:00:00,75.45877441623882,68.0572419558573,85.31029833701554
2021-04-03 11:00:00,63.52934257927641,57.85728893936685,72.99146773161793
2021-04-03 12:00:00,43.82013717416628,40.571926226689214,48.620224154523
2021-04-03 13:00:00,50.07231414445067,46.231390349771246,58.211110410648615
2021-04-03 14:00:00,51.71091542043903,44.79261424192536,58.79141642901642
2021-04-03 15:00:00,53.507690394460404,48.097305834941146,60.74301350856367
2021-04-03 16:00:00,73.372857498447,65.86968210061153,84.42719325619791
2021-04-03 17:00:00,114.03692257529386,102.17555400335388,126.59130315733404
2021-04-03 18:00:00,142.90550499730404,127.27698863169779,158.0823640781598
2021-04-03 19:00:00,136.42940555228947,124.72625632971746,149.31545909408064
2021-04-03 20:00:00,134.41708193899692,122.3602719409132,143.92020392819674
2021-04-03 21:00:00,140.25421629456858,128.00491035004808,150.52075997309254
2021-04-03 22:00:00,129.7445744317255,123.30855052356956,138.13943455336738
2021-04-03 23:00:00,116.15035775209176,108.2606636410817,126.09068407018074
2021-04-04 00:00:00,106.31277259959433,99.71504618907329,111.60041873076199
2021-04-04 01:00:00,97.74221255553223,91.13542402980397,103.22089160802207
2021-04-04 02:00:00,99.21340218749336,93.9436589415919,103.34940545169741
2021-04-04 03:00:00,104.89910697247772,98.37644921823767,112.58522888095473
2021-04-04 04:00:00,101.27329178091207,95.67826555108128,105.50474914299518
2021-04-04 05:00:00,96.9105592927913,91.76665754621737,101.09954149385892
2021-04-04 06:00:00,96.70475288062096,90.47278209149908,105.26146455947129
2021-04-04 07:00:00,120.59382677749164,105.10626864013989,135.49735604747676
2021-04-04 08:00:00,135.29905034099122,121.05668725836235,154.11740363656133
2021-04-04 09:00:00,85.11655209439792,78.37004911038424,93.23364607159989
2021-04-04 10:00:00,87.14391473706499,79.6917498600757,96.28796951997795
2021-04-04 11:00:00,81.75555719494784,73.83301526097908,91.45345565775088
2021-04-04 12:00:00,67.70680582614598,62.34377044134416,75.2720568187355
2021-04-04 13:00:00,78.28031083861367,72.78640639740964,84.57648659625792
2021-04-04 14:00:00,81.97104918440964,74.54912111674768,88.77659186132634
2021-04-04 15:00:00,77.68577570249866,72.21356951330631,84.182155725115
2021-04-04 16:00:00,98.77525528446638,89.57085457029098,109.78349881613524
2021-04-04 17:00:00,109.8447212020337,97.30306831791455,121.04891181706053
2021-04-04 18:00:00,137.60361581951702,124.28311855853623,150.90804034723678
2021-04-04 19:00:00,124.74127812056626,114.09226646814325,136.66247977131053
2021-04-04 20:00:00,109.5357735513598,98.18250325247554,118.17050079220981
2021-04-04 21:00:00,122.0362752965199,111.29645206892536,132.2237421102606
2021-04-04 22:00:00,100.01273532595985,93.76730040728766,107.77042275500501
2021-04-04 23:00:00,92.255957836306,85.30320721429663,98.71396303328336
2021-04-05 00:00:00,97.7079380386725,84.52865711962282,107.93054724163291
2021-04-05 01:00:00,87.40672755009986,80.693534567237,98.05692505506894
2021-04-05 02:00:00,82.07321305964047,77.45159453804078,87.63324885892318
2021-04-05 03:00:00,86.19748410709744,81.33086841073666,90.6889713157534
2021-04-05 04:00:00,77.70113418867106,73.86639277086098,81.24833395624266
2021-04-05 05:00:00,86.03752411159509,81.4821045028339,91.0806674854413
2021-04-05 06:00:00,102.72372731314381,93.53639977644772,114.94179720203101
2021-04-05 07:00:00,132.0233436010569,117.54509829380434,146.77216261035366
2021-04-05 08:00:00,129.57658550215947,116.67072358982263,143.70978864603418
2021-04-05 09:00:00,92.37870501903805,86.21883887038022,99.68921659110464
2021-04-05 10:00:00,64.24077330414956,57.839545096600965,72.2906880699545
2021-04-05 11:00:00,62.40548395795927,58.36736568180133,68.33526673092685
2021-04-05 12:00:00,53.96082991979348,49.15424964706852,61.53044131825901
2021-04-05 13:00:00,54.22192494566978,46.70812296437981,62.32802586496126
2021-04-05 14:00:00,42.425325152219415,38.13559086326041,47.77652184843662
2021-04-05 15:00:00,57.313184760320894,52.409200097074006,61.63376075143883
2021-04-05 16:00:00,86.51502459893709,79.54470419661955,95.90718024235132
2021-04-05 17:00:00,96.80887728858028,85.73940615179815,105.07114839769868
2021-04-05 18:00:00,109.90543263830399,98.39655774635801,120.91997770013343
2021-04-05 19:00:00,116.38835953658673,105.75607561809765,129.76958867358005
2021-04-05 20:00:00,109.57664473107455,101.23240836017649,120.25741431686646
2021-04-05 21:00:00,106.43612082938373,99.48971753352805,115.40690057185081
2021-04-05 22:00:00,99.69272673707601,90.84432727886671,110.00253221180918
2021-04-05 23:00:00,90.11838693127831,83.09132693556732,99.44891709815414
2021-04-06 00:00:00,84.34026463031634,75.01988296032435,93.67803571053392
2021-04-06 01:00:00,81.09478834998836,72.41444219946689,88.8477948798619
2021-04-06 02:00:00,79.30649548310811,74.93628513845476,83.96556747959674
2021-04-06 03:00:00,81.16792272840802,77.26157545466272,85.86703019809225
2021-04-06 04:00:00,95.42401894266929,89.2243630534681,104.30484744281235
2021-04-06 05:00:00,94.74004966786002,90.04257571784932,100.62776458361726
2021-04-06 06:00:00,87.57953035315204,80.00101550945733,97.0357408699015
2021-04-06 07:00:00,121.38724737670398,107.38945409325599,139.21213985958366
2021-04-06 08:00:00,109.72111768007939,96.77572303740077,122.06404197750797
2021-04-06 09:00:00,79.83857186857392,73.37734603901355,86.47008051521945
2021-04-06 10:00:00,52.6379429351516,48.44544954123943,58.52909740610854
2021-04-06 11:00:00,40.06411593063606,37.186360138343595,42.89578741294425
2021-04-06 12:00:00,44.50560055785106,40.45406720829202,50.67729163688887
2021-04-06 13:00:00,53.94424179961222,45.76953344808499,63.27608709396576
2021-04-06 14:00:00,62.09123257723841,56.792551534785524,68.4517814414095
2021-04-06 15:00:00,65.06034148183137,60.00592692533754,70.33520166322356
2021-04-06 16:00:00,84.35805858605116,76.20291826549565,93.96375042585117
2021-04-06 17:00:00,100.44346678023949,87.5420666911105,110.80004209474258
2021-04-06 18:00:00,116.2709095031146,103.80399998796086,124.24870012729676
2021-04-06 19:00:00,111.64126316208454,99.40229419876306,122.00664507028215
2021-04-06 20:00:00,113.85688080385326,104.47461812355881,123.90516646810072
2021-04-06 21:00:00,113.06560771129939,105.71905563006248,121.9506599987104
2021-04-06 22:00:00,100.42347582290954,90.17073409864007,111.2873734605978
2021-04-06 23:00:00,88.42675998636614,80.68839138708826,97.54925957727916
2021-04-07 00:00:00,89.99532356897379,81.21664903785906,97.74638296161434
2021-04-07 01:00:00,84.48971306420172,76.64364048215009,93.5302317723181
2021-04-07 02:00:00,73.55348785819795,69.8487572677364,77.55519292968496
2021-04-07 03:00:00,78.29077770191138,74.65447707645788,82.08784309326866
2021-04-07 04:00:00,79.81893723981648,74.72937734051845,84.7464258416506
2021-04-07 05:00:00,82.85487434878634,78.11446676704317,87.2888757347721
2021-04-07 06:00:00,84.24671479001645,76.31384707859397,92.30236591007403
2021-04-07 07:00:00,108.99547527994247,94.4421898931287,123.4812164717882
2021-04-07 08:00:00,104.71145703570443,93.75934335000525,119.00500877217011
2021-04-07 09:00:00,71.40744872958925,65.09933112464432,78.95743102836016
2021-04-07 10:00:00,51.57334672780173,48.39196137602237,57.48692463080074
2021-04-07 11:00:00,53.768211571176074,50.42365931028381,59.1213700737171
2021-04-07 12:00:00,52.83217590307772,48.73261903733988,58.27379255563662
2021-04-07 13:00:00,56.39810040386553,49.587284697618735,65.03226098830852
2021-04-07 14:00:00,51.761539533585385,47.96881974527026,56.42184172142802
2021-04-07 15:00:00,55.64838442407729,51.13023370824681,61.33301604454322
2021-04-07 16:00:00,81.24490907425373,73.11893920699389,89.79570927619348
2021-04-07 17:00:00,92.24198989819529,82.00738259529489,102.12010720608653
2021-04-07 18:00:00,98.62731791919926,86.30774110752704,107.94248637286442
2021-04-07 19:00:00,100.97176020337969,90.22984357798933,111.32094856238615
2021-04-07 20:00:00,99.62857313432445,91.50626644408884,109.24329858360358
2021-04-07 21:00:00,93.81520374845957,86.23138431821322,102.73673019674125
2021-04-07 22:00:00,83.4092606200792,73.04786339330154,91.56857202339711
2021-04-07 23:00:00,76.7274583434017,67.21839272766135,85.8018989562358
2021-04-08 00:00:00,68.76611082240986,60.436151438973866,76.82603392099195
2021-04-08 01:00:00,62.18302535314391,54.51406894874627,69.61205037533094
2021-04-08 02:00:00,63.00692931252224,59.213910516528244,67.09128968299885
2021-04-08 03:00:00,65.24326962326346,62.04081726095893,69.40366851328872
2021-04-08 04:00:00,69.84071699259489,65.45331886005188,74.0571831890936
2021-04-08 05:00:00,70.06483306523234,66.33823329201886,73.9387841287314
2021-04-08 06:00:00,84.37076912454185,77.21208002336849,91.80411717268039
2021-04-08 07:00:00,135.22669690661303,121.1598156892929,153.2258379628385
2021-04-08 08:00:00,127.90619124249831,115.59035081638902,144.46607871221792
2021-04-08 09:00:00,82.27550469812391,76.67180815250482,88.73142700164168
2021-04-08 10:00:00,61.36067220498383,55.8790274493477,68.33499513581042
2021-04-08 11:00:00,53.91692761163737,50.30930474450939,59.27639260417503
2021-04-08 12:00:00,50.9958759606475,47.77572326135777,56.60641094572342
2021-04-08 13:00:00,59.656457700750835,52.33153620692948,67.66409073482433
2021-04-08 14:00:00,45.48101435254313,41.70564970319377,50.65074342625157
2021-04-08 15:00:00,39.37715990744122,34.66068081291493,43.91264171924617
2021-04-08 16:00:00,67.27833721373773,59.20603042999006,76.94865492193351
2021-04-08 17:00:00,81.06522001110865,69.36332520622025,88.166599935783
2021-04-08 18:00:00,94.46325879338464,83.52060644850475,104.05282929423716
2021-04-08 19:00:00,102.36840819014134,91.45054290570108,113.01026968189183
2021-04-08 20:00:00,102.95693330656326,93.91296616387406,112.43197753811276
2021-04-08 21:00:00,96.44290610811832,88.45281619551184,105.01981153570495
2021-04-08 22:00:00,85.95074435207012,77.04197836737313,94.73738782012867
2021-04-08 23:00:00,80.32947333429844,73.14908248859403,88.14891019563538
2021-04-09 00:00:00,73.72039102911579,66.05614298428871,80.99055663048158
2021-04-09 01:00:00,62.509675074636256,54.77546126103841,68.51051095209878
2021-04-09 02:00:00,59.16293865709592,54.6712845177825,62.92123020923067
2021-04-09 03:00:00,60.29858955402164,57.180973817171,64.10612078896726
2021-04-09 04:00:00,59.72091200606014,56.45031439588834,63.25487957023535
2021-04-09 05:00:00,65.93609143162863,61.66733441846309,73.69606703187578
2021-04-09 06:00:00,78.47840015703291,70.62902578489603,87.34935260308073
2021-04-09 07:00:00,116.92943827740962,102.22321050929763,131.77670335704934
2021-04-09 08:00:00,118.37519920571293,105.16175563408073,130.85543903580913
2021-04-09 09:00:00,89.69574689760772,81.81241322092951,96.88335740966154
2021-04-09 10:00:00,70.05833739015151,64.9743902608372,76.72907269111644
2021-04-09 11:00:00,70.45789906477287,65.07762496928667,76.20103337757273
2021-04-09 12:00:00,67.1743778806138,62.81297821602339,74.48269753248911
2021-04-09 13:00:00,74.83650122845485,68.032611129055,84.20216119713864
2021-04-09 14:00:00,71.2647930907693,65.99576330943299,78.63278228503997
2021-04-09 15:00:00,71.71443717632394,66.28073462249789,78.09762066555024
2021-04-09 16:00:00,84.13743482818413,76.24057424178713,91.69470749630725
2021-04-09 17:00:00,95.89580033625285,83.72921192659295,104.91237072867004
2021-04-09 18:00:00,102.64917463601519,91.4242359560947,112.37577975734092
2021-04-09 19:00:00,111.83820510800683,102.16053195606185,124.65806230491587
2021-04-09 20:00:00,108.14655218132916,99.03985243587223,118.35071509720147
2021-04-09 21:00:00,107.5994645200184,100.08218833960055,117.44761160160299
2021-04-09 22:00:00,100.05413355198903,90.74408181244694,108.31111917453475
2021-04-09 23:00:00,92.5740657566534,84.45019937783508,101.65556977540074
2021-04-10 00:00:00,80.64900320159094,72.22289599661757,85.5049197541531
2021-04-10 01:00:00,72.44105241598159,67.57795205044188,76.19138974879671
2021-04-10 02:00:00,71.10944138157156,66.57289432624343,75.12508226773332
2021-04-10 03:00:00,74.23222692065474,70.07308803220809,78.49850496350588
2021-04-10 04:00:00,77.60673229984354,73.23129938511175,81.64031718979533
2021-04-10 05:00:00,80.0072609658829,76.13714437503454,83.95223842545896
2021-04-10 06:00:00,71.52273898238056,65.80120476522026,78.84250966456278
2021-04-10 07:00:00,85.71570561734013,72.1701127303942,97.23536787351706
2021-04-10 08:00:00,97.85002257707932,81.83310356879873,116.04557483811035
2021-04-10 09:00:00,59.53792804279221,52.663432216380876,67.95551903722227
2021-04-10 10:00:00,56.92094749507315,50.359679051997446,67.35298843584184
2021-04-10 11:00:00,43.09337990992745,36.59708082716056,48.001039464819804
2021-04-10 12:00:00,31.16516206323113,27.742536172263012,35.22694333299336
2021-04-10 13:00:00,26.119988725930973,22.166120377721352,30.31213216652556
2021-04-10 14:00:00,25.964361052110963,19.579061918928907,31.960919859260684
2021-04-10 15:00:00,33.07109806122862,28.482572673872117,39.26975669295979
2021-04-10 16:00:00,40.18776197149608,33.65839582914841,49.44080536890262
2021-04-10 17:00:00,67.08293340507244,56.731653459053334,75.55980203847862
2021-04-10 18:00:00,101.4507314578742,90.35190669716302,111.15397038382054
2021-04-10 19:00:00,101.92083805571502,92.01653889318969,110.95035152654586
2021-04-10 20:00:00,105.87604044655554,95.85210956461042,115.6490445611725
2021-04-10 21:00:00,126.37791276615201,115.9097015282305,137.57301966302543
2021-04-10 22:00:00,106.05816756389109,100.07648512021319,112.68978608642637
2021-04-10 23:00:00,98.89922057331167,92.16539797206269,104.3161237885292
2021-04-11 00:00:00,93.22714521674125,86.40992292806874,99.04134459710056
2021-04-11 01:00:00,88.31387526043427,82.73682765731344,92.60009085317232
2021-04-11 02:00:00,94.12302284196042,89.17786882302931,99.53218287125577
2021-04-11 03:00:00,107.3005391901129,100.5670010960654,114.42238701259465
2021-04-11 04:00:00,105.62855492973033,100.00976788458907,110.25336489191395
2021-04-11 05:00:00,106.215235386724,100.24395577567046,110.54372206671631
2021-04-11 06:00:00,91.05978504287553,84.98595266574293,100.58234464860112
2021-04-11 07:00:00,102.81353242491747,88.33818959131187,116.67626099190588
2021-04-11 08:00:00,99.71330245255405,85.44961485278944,116.18957743909242
2021-04-11 09:00:00,58.00828571404063,51.85639637466909,64.24423932467951
2021-04-11 10:00:00,51.50531243309326,46.282916548742016,59.85961499834761
2021-04-11 11:00:00,45.59512834972183,40.35350815717131,50.73669718885831
2021-04-11 12:00:00,33.95877077949645,28.94831381432483,39.27139462806979
2021-04-11 13:00:00,31.070382957846476,26.99681074040576,36.979928615975304
2021-04-11 14:00:00,33.621215939422235,27.01252308295804,39.65558727902583
2021-04-11 15:00:00,34.319203537134285,29.764769686652237,41.2090575973571
2021-04-11 16:00:00,43.70340522695895,37.59212589100991,50.853744295801164
2021-04-11 17:00:00,72.65877752190153,62.84407446380397,82.78378614178911
2021-04-11 18:00:00,90.25894234639894,80.78205805220458,100.12280045848743
2021-04-11 19:00:00,92.66779569778168,82.80569701523248,102.9690986725764
2021-04-11 20:00:00,103.18313001810748,95.2180274750782,111.99235246971728
2021-04-11 21:00:00,119.6410142567971,109.5121180931717,128.10372081210502
2021-04-11 22:00:00,107.97471384989038,101.88572977087742,115.80654243201916
2021-04-11 23:00:00,95.90069529527155,87.98057204008877,103.64108899966331
2021-04-12 00:00:00,101.39241025477918,88.25711142471182,112.58280497816074
2021-04-12 01:00:00,91.83696976937495,82.51742573721546,100.13903945550622
2021-04-12 02:00:00,93.72895900533305,89.13378424985456,99.12047505968012
2021-04-12 03:00:00,101.51630817437452,96.36360831632874,107.36990892455019
2021-04-12 04:00:00,100.48397821684124,95.53023534301632,104.82253739480413
2021-04-12 05:00:00,121.13162050942367,114.71981257239347,130.3666173516176
2021-04-12 06:00:00,105.28050519392455,96.67537258412592,112.71464144947979
2021-04-12 07:00:00,116.79841308584353,102.87806478740472,134.2963495582036
2021-04-12 08:00:00,91.03876565087276,78.42604038159796,103.55617068036553
2021-04-12 09:00:00,57.858220624520044,51.883169169045885,63.59439435198798
2021-04-12 10:00:00,47.661770947052545,44.3599642460205,52.5729170132906
2021-04-12 11:00:00,47.08934022553676,43.7806018758343,51.28099776223104
2021-04-12 12:00:00,47.78821505883289,43.69587616137832,54.84751430576819
2021-04-12 13:00:00,55.169922103648844,48.012858284812125,63.949586044216346
2021-04-12 14:00:00,52.693770628687844,48.25747676339348,58.28003287548462
2021-04-12 15:00:00,55.22642533811259,51.88815349752383,59.17667800881801
2021-04-12 16:00:00,73.91518962822764,65.84712598984025,82.69759769298608
2021-04-12 17:00:00,95.46814555400248,82.72585668873346,105.68039474527784
2021-04-12 18:00:00,112.5896590524592,100.94951224309112,124.15189152352455
2021-04-12 19:00:00,111.71766890774327,99.17032031553384,123.35668667938832
2021-04-12 20:00:00,114.0577545016499,105.88493281272245,125.28938767870858
2021-04-12 21:00:00,107.55647687789909,99.29141827576062,116.228513907769
2021-04-12 22:00:00,110.76796757552412,101.03138049053695,123.17301037514152
2021-04-12 23:00:00,101.95560894675174,93.73901745152934,111.24510819337304
2021-04-13 00:00:00,92.84584407822317,83.59987452184978,101.20833883795419
2021-04-13 01:00:00,92.02884642701156,82.93045856543971,99.07284187900159
2021-04-13 02:00:00,95.73814185945835,90.24093399876637,101.12653849012673
2021-04-13 03:00:00,100.02443909108277,95.22011719941818,105.43753855908585
2021-04-13 04:00:00,106.99426209228933,101.8279509266132,111.68186064936806
2021-04-13 05:00:00,115.24609786300374,109.23486163603528,122.68846022741108
2021-04-13 06:00:00,108.75894355490814,99.38663161289234,119.08264012055412
2021-04-13 07:00:00,117.29003916792803,102.12868876546695,133.7372028416175
2021-04-13 08:00:00,90.41410681717282,77.37533574642964,103.00400558940139
2021-04-13 09:00:00,63.36406279218553,58.25316365851975,68.6363091471089
2021-04-13 10:00:00,48.16059027207468,44.57565896465872,54.927094557746344
2021-04-13 11:00:00,55.25097755361262,51.04298364610748,60.02190558139187
2021-04-13 12:00:00,38.819421814608596,34.76976334220172,44.03781404510536
2021-04-13 13:00:00,48.90340529281454,42.02350580016486,57.61628707553837
2021-04-13 14:00:00,34.796450758064985,30.46918707879808,39.44740394000978
2021-04-13 15:00:00,39.764923557316,36.02603330818861,44.29341549162451
2021-04-13 16:00:00,72.66282024486217,67.30030371207522,81.29260198076024
2021-04-13 17:00:00,86.01059997531122,75.2241030394704,96.25730821129481
2021-04-13 18:00:00,116.11602892502025,106.00572419809285,126.37551389435804
2021-04-13 19:00:00,119.31309627699996,108.71324682417159,131.00089186487162
2021-04-13 20:00:00,126.03602351499735,118.4605946504628,135.85523613438409
2021-04-13 21:00:00,133.34977077715124,125.63000789472275,144.47556404644743
2021-04-13 22:00:00,120.64049751908705,109.59537385473296,130.68966834585765
2021-04-13 23:00:00,115.62458848723986,107.03192545839977,123.98593927045916
2021-04-14 00:00:00,113.4435338039277,103.11352089009378,122.56987042885528
2021-04-14 01:00:00,111.78270276492103,103.79176273790368,121.69242915765089
2021-04-14 02:00:00,132.616328036211,126.88408924143053,139.95667539807133
2021-04-14 03:00:00,132.73090261154354,126.75473093574573,139.62625369537088
2021-04-14 04:00:00,132.78158836703238,127.56207574009501,138.78063100188825
2021-04-14 05:00:00,143.0302008885011,138.57122493758635,150.55181981125637
2021-04-14 06:00:00,142.32805929800585,132.67538122606183,157.43111630291273
2021-04-14 07:00:00,123.06584314842003,108.48776037909572,137.66218971204805
2021-04-14 08:00:00,106.21162036737397,93.28722043226304,120.6702143641074
2021-04-14 09:00:00,61.63659716360767,55.60960910159102,67.62587210412818
2021-04-14 10:00:00,49.316877236400835,45.14487469024088,56.241834899537324
2021-04-14 11:00:00,48.299088976631104,44.74765913565635,53.02954960013535
2021-04-14 12:00:00,52.95183591206017,47.54877270875812,59.404739066064984
2021-04-14 13:00:00,55.572690076694926,48.51038168418598,65.60258165110407
2021-04-14 14:00:00,48.17287804146523,43.72865975917697,54.30251244417031
2021-04-14 15:00:00,53.50134212708627,48.80466458267328,58.407896066910965
2021-04-14 16:00:00,63.35149531943056,54.589413741474495,72.46196144097307
2021-04-14 17:00:00,95.352239954095,84.63341607972163,104.05010095319864
2021-04-14 18:00:00,111.80275358225497,100.33621857881266,121.58542776708057
2021-04-14 19:00:00,124.55754593917261,114.7734073264349,137.15623984994642
2021-04-14 20:00:00,130.03413566738544,122.2522161834089,140.90959440210574
2021-04-14 21:00:00,123.20233379069131,116.03782856655523,132.9023244987427
2021-04-14 22:00:00,111.70603537303697,102.33403242066898,121.25180954152533
2021-04-14 23:00:00,106.22194101364529,98.67085498782458,115.70949488247801
2021-04-15 00:00:00,102.03294296630732,92.45438282772407,109.91818333469637
2021-04-15 01:00:00,93.57206536846107,85.85340581280379,100.96075024009274
2021-04-15 02:00:00,89.73345245616918,85.45737071330113,94.00167300666067
2021-04-15 03:00:00,88.33106925746077,84.419823561203,93.12729874380179
2021-04-15 04:00:00,93.41385698334207,87.94016713921985,98.12547857474986
2021-04-15 05:00:00,90.94254182947832,87.02196863609409,95.32749416630384
2021-04-15 06:00:00,87.64349865999645,77.75052395961859,95.79444073320644
2021-04-15 07:00:00,111.41285194920819,96.8193482440542,128.23508068434992
2021-04-15 08:00:00,82.7738299131601,70.7232302361123,94.3160833472311
2021-04-15 09:00:00,50.35919404775854,44.58831259973267,55.58324186787323
2021-04-15 10:00:00,33.20979118310851,29.565474808091256,38.899112842080775
2021-04-15 11:00:00,25.339538844773482,22.761153284220406,28.813882955067427
2021-04-15 12:00:00,28.4785895204783,24.812160048240813,33.57555006558627
2021-04-15 13:00:00,24.023641705921378,18.417489457970415,30.189736992666045
2021-04-15 14:00:00,19.841550854294915,16.44308697127198,23.764628200935192
2021-04-15 15:00:00,19.698696550451324,17.405586847350623,21.810644620853335
2021-04-15 16:00:00,32.84462971237687,27.483754792383966,37.65739129113972
2021-04-15 17:00:00,58.19799713887135,48.00139450385438,66.36658962350846
2021-04-15 18:00:00,81.03722863962962,71.31346857792346,89.1862498809174
2021-04-15 19:00:00,89.40801509470526,80.83198506694326,97.31476225866258
2021-04-15 20:00:00,91.52745988715846,83.38835294661052,100.03268863339669
2021-04-15 21:00:00,91.66983432336366,85.36782982325953,99.27182093630265
2021-04-15 22:00:00,90.03531215579982,80.47537964180569,99.29373713667292
2021-04-15 23:00:00,78.68479855788298,71.71588478677567,88.33498661407194
2021-04-16 00:00:00,67.21722042902918,59.072716673437135,73.87706206324519
2021-04-16 01:00:00,66.87372678879017,59.63498878323912,72.94121359312267
2021-04-16 02:00:00,64.59271913929273,61.46868322863569,69.11787217601442
2021-04-16 03:00:00,69.2887855239836,65.63362295883657,73.55205770562594
2021-04-16 04:00:00,76.53662859408207,72.44879241426064,80.69617982345794
2021-04-16 05:00:00,82.27805713857127,77.22588994463098,89.11988611247874
2021-04-16 06:00:00,83.35805487283096,76.06445553257655,95.06940208921458
2021-04-16 07:00:00,106.26214496306875,93.91842173156682,121.44360040336987
2021-04-16 08:00:00,93.01788598490704,80.21543097381422,104.35221932475007
2021-04-16 09:00:00,62.30711885674266,57.50777919561585,66.84462364143391
2021-04-16 10:00:00,40.598155822997924,36.07225741351605,46.904828056785156
2021-04-16 11:00:00,34.96647897718311,31.859728497940182,37.733266308832896
2021-04-16 12:00:00,38.21880272502201,34.71084166838255,44.3319367597664
2021-04-16 13:00:00,44.891052331489895,38.160735682688504,52.72082724338912
2021-04-16 14:00:00,39.542298911184346,35.51612246502694,44.260178125673704
2021-04-16 15:00:00,28.959588810440707,25.12353192683,32.078891721980575
2021-04-16 16:00:00,45.79931625485626,39.33910829227528,56.02816184920648
2021-04-16 17:00:00,60.13065314797065,50.03512509240741,67.88582309519192
2021-04-16 18:00:00,77.27696651957055,67.29621063864612,84.00161390745184
2021-04-16 19:00:00,76.25262822394478,67.60341911202462,85.0430254561876
2021-04-16 20:00:00,77.4004193871672,68.11715035675556,85.7563222330785
2021-04-16 21:00:00,95.2366065293031,88.9101412935113,103.84720197861702
2021-04-16 22:00:00,71.23005087060645,62.251340994831125,81.02064681552946
2021-04-16 23:00:00,72.10850944629175,66.43147686618387,80.14778031710192
2021-04-17 00:00:00,59.92727556257638,53.102858722460326,64.42735150308343
2021-04-17 01:00:00,62.8793579012949,58.38029070954947,67.4296570791998
2021-04-17 02:00:00,75.22463390100684,71.00910603019,79.4773383158507
2021-04-17 03:00:00,70.34428762648109,66.34770240286183,74.12936407043657
2021-04-17 04:00:00,78.18670692006448,73.95405275075387,82.4290424513491
2021-04-17 05:00:00,73.76946493311415,69.09279485490141,76.53095823010206
2021-04-17 06:00:00,60.155095559171954,53.93471295284196,68.71912454710689
2021-04-17 07:00:00,81.33958762959678,70.16637404742933,94.11520734252893
2021-04-17 08:00:00,78.96683154655521,65.52492443452456,93.62959395061847
2021-04-17 09:00:00,45.1822594906574,38.9985830900367,51.10785258921832
2021-04-17 10:00:00,26.367225166848687,22.31859829763847,32.23055271921181
2021-04-17 11:00:00,21.02419012753484,17.90414536763663,25.78674232347874
2021-04-17 12:00:00,15.810178011025087,12.189413172592403,19.57941201690994
2021-04-17 13:00:00,15.218794254378007,11.734088191150912,19.247974662513585
2021-04-17 14:00:00,18.675300539297908,13.589989156727444,23.35957616366219
2021-04-17 15:00:00,21.2262612820398,16.9244163650729,25.888418943362947
2021-04-17 16:00:00,24.264218282074243,20.088412196471083,29.959549209979656
2021-04-17 17:00:00,38.329078018562996,29.503748622513303,45.23583061860227
2021-04-17 18:00:00,56.79502815072122,47.60032979418101,63.52267805361434
2021-04-17 19:00:00,60.09021245316562,52.288828605073824,67.42012412157939
2021-04-17 20:00:00,67.87229278943624,59.78379012330787,74.10046471902768
2021-04-17 21:00:00,74.23004023054014,66.98194985750214,81.308911498563
2021-04-17 22:00:00,65.75807925982717,60.648508932256675,71.10760788541614
2021-04-17 23:00:00,51.89481399061372,46.97783976515488,56.73518716991112
2021-04-18 00:00:00,51.33303961525391,46.59870852697328,55.491354433833834
2021-04-18 01:00:00,51.42367615377119,47.49066922724385,54.06876480175466
2021-04-18 02:00:00,52.822416904018176,48.94493100231722,55.43330038426869
2021-04-18 03:00:00,51.248517647776005,47.41951960266655,53.53431974391644
2021-04-18 04:00:00,52.861631209447346,48.32948831727589,56.95431388825748
2021-04-18 05:00:00,50.69406682048853,47.194657713982586,53.80686170382281
2021-04-18 06:00:00,45.30090768207003,39.759649692284455,52.78018593151582
2021-04-18 07:00:00,65.41466246573572,54.15207075560465,77.68189137605037
2021-04-18 08:00:00,67.0673766637871,54.522039927136646,79.69676829933795
2021-04-18 09:00:00,31.389466676026437,25.48929710762044,36.0278311339001
2021-04-18 10:00:00,19.47508273070055,15.957358985819413,24.195213092195065
2021-04-18 11:00:00,17.267099302905443,13.736185080157648,20.95733581696536
2021-04-18 12:00:00,9.040228803145922,5.8171844912227755,12.210524798498088
2021-04-18 13:00:00,8.74938406368989,6.375236572705599,11.612927534349236
2021-04-18 14:00:00,11.74279654005551,7.8165280719343455,15.546214559299397
2021-04-18 15:00:00,9.989517882353153,7.126943543492063,12.718407621903582
2021-04-18 16:00:00,17.185268218532322,12.629244417747174,22.060588882552917
2021-04-18 17:00:00,30.52297123592728,22.94895846030774,35.891417397905016
2021-04-18 18:00:00,37.49651813487777,28.02061151326694,42.69616523019561
2021-04-18 19:00:00,42.015680510253,33.975379425833836,47.98164031448542
2021-04-18 20:00:00,46.057087263098865,39.06613158327579,51.89960171526152
2021-04-18 21:00:00,49.47965520916517,42.13901526300532,55.793003840286765
2021-04-18 22:00:00,42.20495419874021,38.45417578632022,45.71300634107026
2021-04-18 23:00:00,36.89985519342907,33.04121278335573,39.715083527888886
2021-04-19 00:00:00,62.90713638671968,49.93723297003435,71.69476234418534
2021-04-19 01:00:00,46.055337507808765,39.75472004820198,52.05723427247754
2021-04-19 02:00:00,38.56277389912618,36.177118766348286,42.00874819513552
2021-04-19 03:00:00,43.20303261444355,40.397749970979355,46.480268907469394
2021-04-19 04:00:00,46.27646620788023,43.1528771920633,50.36576455429067
2021-04-19 05:00:00,50.25542319814425,46.000888821584645,54.25073599336071
2021-04-19 06:00:00,37.3660926865773,33.57149563967561,43.09132139072774
2021-04-19 07:00:00,61.312299972198055,48.394672430654374,72.4385264664415
2021-04-19 08:00:00,42.15898900528208,33.10928547036069,50.34150971876108
2021-04-19 09:00:00,20.50007359350059,15.446962702550877,24.22306567837403
2021-04-19 10:00:00,8.165175250205937,5.726540427651783,10.807237495127533
2021-04-19 11:00:00,5.920535909345313,3.426461007558805,7.976967197584737
2021-04-19 12:00:00,6.994749119572957,4.902321950613625,10.114909013767841
2021-04-19 13:00:00,10.202944903703964,6.121099216234358,13.583648435002221
2021-04-19 14:00:00,4.595028278018089,2.916778286980217,6.3417656420162585
2021-04-19 15:00:00,3.1089047530962906,1.6381271677056088,4.545764384102808
2021-04-19 16:00:00,6.796704840445989,4.222217843299855,8.956162371075091
2021-04-19 17:00:00,18.398622187457704,10.924724832158173,23.18761240392115
2021-04-19 18:00:00,32.822060522050265,25.702714082704976,39.06719265437964
2021-04-19 19:00:00,37.178755513539485,29.70814722045398,43.815991381103146
2021-04-19 20:00:00,42.364638021947655,35.84517182425283,48.76998332316445
2021-04-19 21:00:00,53.61994672737107,46.94672976983449,60.09411742176365
2021-04-19 22:00:00,43.716865960844,35.405131943369014,50.70330159084064
2021-04-19 23:00:00,40.94177415459075,33.69452372683617,47.24457396547488
2021-04-20 00:00:00,35.25856919336291,29.209623140247242,41.61541069379255
2021-04-20 01:00:00,33.0798971515051,27.54787557282588,38.3016647801382
2021-04-20 02:00:00,31.55223983825383,29.006807214511134,34.834165020477066
2021-04-20 03:00:00,34.98494340987781,32.63096195952857,37.963018258777474
2021-04-20 04:00:00,45.23262611969266,42.66696078761891,48.44917179041912
2021-04-20 05:00:00,37.894238381193944,35.64860679051027,40.79793610306845
2021-04-20 06:00:00,28.36228078231097,24.669043671745573,32.28513118988743
2021-04-20 07:00:00,55.921135690780375,45.06176258707208,67.61186328750982
2021-04-20 08:00:00,39.02173174160503,29.87060846639208,47.54215686520798
2021-04-20 09:00:00,15.37381271076119,11.379962051017237,18.33326637747143
2021-04-20 10:00:00,5.804442961309895,3.669049500613416,7.858199249727836
2021-04-20 11:00:00,4.156764976413417,2.533372407077847,6.082226904105395
2021-04-20 12:00:00,4.860992696911363,2.7235904319302366,7.109418082121806
2021-04-20 13:00:00,5.6372071096696965,2.5549256440926684,8.533587828126972
2021-04-20 14:00:00,3.387922726201124,1.8434137659567023,5.213238320231183
2021-04-20 15:00:00,2.0689072147774343,0.7574337067592004,3.4567953271542358
2021-04-20 16:00:00,5.055602531614264,2.957574538312188,6.545541924522349
2021-04-20 17:00:00,14.748781627137918,8.022869672303857,18.58624369623677
2021-04-20 18:00:00,24.428289141382606,18.231413927089008,30.105815585939812
2021-04-20 19:00:00,29.039156244139832,21.83412423795918,34.07792109079077
2021-04-20 20:00:00,31.791233626974662,25.37069416190552,37.11352843294719
2021-04-20 21:00:00,34.992518659931235,28.903502655383956,41.47588685031378
2021-04-20 22:00:00,43.464808366181764,34.870125100173865,50.643830157935355
2021-04-20 23:00:00,40.80132323524887,35.621672688541075,47.62066409079464
2021-04-21 00:00:00,38.38826199423901,32.39087885320155,44.53576416054957
2021-04-21 01:00:00,31.46694841556029,25.78648512696704,37.042167538833475
2021-04-21 02:00:00,33.680670402524306,31.11869592553766,37.2849002128287
2021-04-21 03:00:00,39.38258388387966,36.14130221589472,42.98315926653959
2021-04-21 04:00:00,38.47433503561574,36.288790466270456,41.42321313405612
2021-04-21 05:00:00,41.39659048233144,38.22493149909358,45.30580536304825
2021-04-21 06:00:00,25.44760360591997,21.52928530590521,30.9321194900363
2021-04-21 07:00:00,48.35852978497355,37.81432237862027,57.04847337334171
2021-04-21 08:00:00,32.33736509897774,24.181888395782174,38.98239314973766
2021-04-21 09:00:00,14.712778004796098,10.40450358828244,18.089904889489
2021-04-21 10:00:00,4.060733927086616,2.2613301618670683,6.058679080636839
2021-04-21 11:00:00,4.266572476522936,2.477629255629111,6.230647972884106
2021-04-21 12:00:00,4.134090781982479,2.1850293483474115,6.209446017820287
2021-04-21 13:00:00,5.590014116460437,2.6858994811513313,8.266119380097589
2021-04-21 14:00:00,2.17257406505802,1.0321115324471921,3.4433011360423587
2021-04-21 15:00:00,1.1970503906678933,0.7020330206259201,1.8612892845496225
2021-04-21 16:00:00,3.758457940084927,1.6269090842091494,5.504797892035782
2021-04-21 17:00:00,11.471152673978018,5.616337117472542,14.64971842836173
2021-04-21 18:00:00,15.229780142858939,10.422002526700634,19.536262814040523
2021-04-21 19:00:00,26.56978249338016,18.878204507383888,31.597295526890953
2021-04-21 20:00:00,26.90594497145972,20.743013154745825,31.455977078235378
2021-04-21 21:00:00,29.655280852521688,23.840643329111685,34.23799941961398
2021-04-21 22:00:00,30.898205654376,23.00766755114538,37.4580524277303
2021-04-21 23:00:00,26.631105983954775,20.908766521406847,32.99078310150606
2021-04-22 00:00:00,21.36277060267395,16.694988863780065,25.909692806562024
2021-04-22 01:00:00,26.99004565975588,21.560964810264597,32.54866099325874
2021-04-22 02:00:00,29.562200685663836,26.465001130294617,32.589451221066845
2021-04-22 03:00:00,31.239227616701633,28.646383157365573,34.88860489332014
2021-04-22 04:00:00,28.821789263568558,26.103824356261192,32.63536938265456
2021-04-22 05:00:00,35.086154250907384,30.22461163852199,40.32097669394319
2021-04-22 06:00:00,22.907672378025374,18.860807892134094,28.74422840558276
2021-04-22 07:00:00,43.269388291841295,33.02429899667609,51.23240118209899
2021-04-22 08:00:00,29.97690710942915,21.865644202718688,36.63136780574772
2021-04-22 09:00:00,13.811197706739083,10.394690516362212,17.010237288906705
2021-04-22 10:00:00,5.930805436796584,3.9027282468133233,8.513998662442294
2021-04-22 11:00:00,3.889459919113181,2.493253236740296,5.918536626105549
2021-04-22 12:00:00,2.719924065684013,1.2951225562051571,4.1473273864255376
2021-04-22 13:00:00,4.396322562382537,1.7603931498104137,6.666746061313595
2021-04-22 14:00:00,3.163092331853325,1.4554859497972723,4.864254505033364
2021-04-22 15:00:00,2.156353048048248,1.1359324121312135,3.6014723917612086
2021-04-22 16:00:00,4.117874856627774,2.3526900060647233,5.980359611709177
2021-04-22 17:00:00,13.298502560568055,7.011133077118115,16.506729498699734
2021-04-22 18:00:00,15.27355159310558,10.044745286172692,19.192030260812473
2021-04-22 19:00:00,25.876470904443433,19.736177629078643,30.08550041601735
2021-04-22 20:00:00,25.963921395909423,20.185856050959316,30.478068017215534
2021-04-22 21:00:00,25.10580723286155,19.99339856362059,29.592224374268344
2021-04-22 22:00:00,23.089419038766234,15.749598360275117,28.50771937967154
2021-04-22 23:00:00,20.63505611579041,15.477917646102917,25.727432272909034
2021-04-23 00:00:00,22.576057342625518,17.621023839905277,28.106351027666587
2021-04-23 01:00:00,20.72857886846623,16.107604022169426,26.298845080160277
2021-04-23 02:00:00,20.463716098128653,18.118014901446927,23.546244653993863
2021-04-23 03:00:00,14.47816179023775,12.615138654982074,16.89150808558437
2021-04-23 04:00:00,17.17554681248557,15.113612331313034,19.71710060396621
2021-04-23 05:00:00,24.152115792488114,21.79447706046708,27.395583554115277
2021-04-23 06:00:00,18.199961526923108,13.368663483966195,22.767713219985993
2021-04-23 07:00:00,34.81190215968572,26.75215180680647,43.31480242339324
2021-04-23 08:00:00,27.453916094268877,19.4893436644553,34.03083150265952
2021-04-23 09:00:00,11.115945472427839,7.413097814820464,13.742003283368437
2021-04-23 10:00:00,4.908245482295682,2.5972175435110416,7.080967607131399
2021-04-23 11:00:00,2.555782813304896,1.133624245796612,4.134514677730538
2021-04-23 12:00:00,3.2127971220101936,1.5107412303035916,4.959294581072846
2021-04-23 13:00:00,4.775034674112468,1.871590149783986,6.880122360838189
2021-04-23 14:00:00,3.614598456465193,2.1611091688239394,5.344788752144001
2021-04-23 15:00:00,2.7491995509313294,1.3906109810755032,3.9531291547955068
2021-04-23 16:00:00,5.150410778507058,3.103927802670284,6.880822435424242
2021-04-23 17:00:00,15.772762273393,9.30267485738739,19.80727988604969
2021-04-23 18:00:00,21.311610492803588,15.298029354097581,25.503378438844546
2021-04-23 19:00:00,28.950339103473866,21.44702976149316,34.350359062251854
2021-04-23 20:00:00,29.81061281590233,23.722658175705437,34.63179489285243
2021-04-23 21:00:00,29.112551345287535,23.87880193697607,34.6914377481744
2021-04-23 22:00:00,27.619540820066995,20.39756241020599,33.35096036031774
2021-04-23 23:00:00,26.47825790477553,20.791796783203086,31.495056256611534
2021-04-24 00:00:00,14.867300733553389,12.005300984794195,17.693343271608835
2021-04-24 01:00:00,11.97061707991273,9.778892131191908,14.172350351137043
2021-04-24 02:00:00,11.360322653862463,9.461188785769172,12.853825475981989
2021-04-24 03:00:00,12.758979793835467,10.993875541291498,14.528775152187706
2021-04-24 04:00:00,14.424129635150125,12.766542855478288,16.687803925809884
2021-04-24 05:00:00,13.764980193963387,11.95136500351513,15.791696861616497
2021-04-24 06:00:00,10.40442974809936,7.419711749297656,14.343826960364202
2021-04-24 07:00:00,28.59149092643346,18.701840747108307,35.93275328269488
2021-04-24 08:00:00,26.63331394647964,18.012011879370004,34.46605186943831
2021-04-24 09:00:00,10.168165871812223,6.202118234701386,13.856698179886854
2021-04-24 10:00:00,7.587713915171911,4.821669218459807,10.763854930541862
2021-04-24 11:00:00,9.265753120231182,6.98459334870144,13.15883413553568
2021-04-24 12:00:00,10.242438288268959,7.733755486875117,12.96803408869603
2021-04-24 13:00:00,8.976476561570502,6.722644880010659,11.234676728643334
2021-04-24 14:00:00,9.033378955472342,6.077409741505935,12.431331595911201
2021-04-24 15:00:00,7.823314605417158,6.008216016364892,10.179183848550998
2021-04-24 16:00:00,14.884247470456993,10.609157401764227,19.701269827764335
2021-04-24 17:00:00,23.200480300702562,16.549313400929243,28.368632579658737
2021-04-24 18:00:00,25.134785829208674,17.82242382058075,29.690477260721046
2021-04-24 19:00:00,35.47621879411056,27.656257229883064,42.40779954754521
2021-04-24 20:00:00,32.80699758063395,25.69389570317284,37.93222076423548
2021-04-24 21:00:00,39.78485270750089,32.588738643585444,45.628143991558304
2021-04-24 22:00:00,30.829382243056163,27.47792975162572,34.38076932012584
2021-04-24 23:00:00,25.259703320869637,22.40110428521179,28.16575164808446
2021-04-25 00:00:00,20.574986052318142,18.079360500976332,23.371536330194925
2021-04-25 01:00:00,19.960598889962117,17.703314473213297,23.12166689627632
2021-04-25 02:00:00,16.466373156642288,14.028407239727068,19.007701339499746
2021-04-25 03:00:00,17.27276516096252,14.169271502549138,19.446030928498566
2021-04-25 04:00:00,15.873680307975976,13.289724556935925,17.806073387450965
2021-04-25 05:00:00,17.20424582206299,15.384673898128177,19.05210069351466
2021-04-25 06:00:00,10.972971303303655,8.584779188096405,15.319661633593538
2021-04-25 07:00:00,31.341249787493446,22.218008185935112,39.62350256183206
2021-04-25 08:00:00,34.41926510932159,23.39454699151754,43.20933058263275
2021-04-25 09:00:00,14.861730833701094,9.985126282701067,19.096792638429267
2021-04-25 10:00:00,9.991980111984324,6.802992588826941,13.77098378421651
2021-04-25 11:00:00,8.36226785608844,5.668724808368093,11.26467209434239
2021-04-25 12:00:00,5.241410505126241,3.1035692656785043,7.124517946659518
2021-04-25 13:00:00,6.534401516823338,4.579203065992543,8.636537518452789
2021-04-25 14:00:00,8.818990925954376,5.024746674518452,12.479225699022654
2021-04-25 15:00:00,7.022796248017378,4.431229438705861,9.271064636963906
2021-04-25 16:00:00,13.148025247153814,9.217962288356443,17.888402514736224
2021-04-25 17:00:00,22.097851384068363,15.715747386151822,26.6851334166752
2021-04-25 18:00:00,23.47811373844815,16.301234597130197,27.402162721511203
2021-04-25 19:00:00,37.46420578056921,29.60634141020121,45.985547475555386
2021-04-25 20:00:00,34.62681594143104,27.934011265208024,40.82157242896497
2021-04-25 21:00:00,41.36594194929598,34.35379558448053,47.69279045129533
2021-04-25 22:00:00,31.198816324625067,27.19927070758138,35.45945806039917
2021-04-25 23:00:00,25.34557421480461,22.12323524884938,28.92792108382558
2021-04-26 00:00:00,36.02825805012305,27.724176080472965,45.10911923478829
2021-04-26 01:00:00,27.642100304243225,22.872075409424163,32.93394706305051
2021-04-26 02:00:00,24.703677785206818,22.592764651169233,26.868897681462926
2021-04-26 03:00:00,27.095365585282803,25.220266793177757,29.44353689120688
2021-04-26 04:00:00,24.781765615971487,22.769411582595975,26.826578781624423
2021-04-26 05:00:00,31.29231602673566,28.74706513639863,34.517255072715606
2021-04-26 06:00:00,22.18454943988783,17.144628139427006,27.79907663553122
2021-04-26 07:00:00,44.588369871063925,34.61004267145442,53.81131975577049
2021-04-26 08:00:00,33.68650329253847,25.8627493692775,40.41138241902794
2021-04-26 09:00:00,15.978015785045699,12.01176500215121,18.611890967911958
2021-04-26 10:00:00,8.254445636186471,5.72084537327811,11.332253037557571
2021-04-26 11:00:00,6.858077317707787,4.54908397311315,8.883347819731721
2021-04-26 12:00:00,5.785289140530718,4.166229301627941,8.362144619163674
2021-04-26 13:00:00,11.176139744886271,7.179360668313695,15.495910194599
2021-04-26 14:00:00,8.832919667291632,6.29032710694819,11.883554839475044
2021-04-26 15:00:00,6.648059067488143,4.775030188705533,8.678871417986024
2021-04-26 16:00:00,12.452611310162096,8.425509982306693,16.239092654645944
2021-04-26 17:00:00,23.424104608140144,14.790833794121752,27.641227650378816
2021-04-26 18:00:00,31.927886630047375,25.33501036568033,38.31164361294065
2021-04-26 19:00:00,47.063222660224184,37.72107718695385,53.84924291925881
2021-04-26 20:00:00,44.137591664283384,36.54843918816992,49.27993382834107
2021-04-26 21:00:00,44.4863872510192,37.690764859328404,53.26375120609786
2021-04-26 22:00:00,42.19702180247259,33.848976691497526,47.46534380730725
2021-04-26 23:00:00,34.37701283343095,28.650016464374517,40.96859414388404
2021-04-27 00:00:00,27.11283625517995,22.169164617768654,31.860135943651624
2021-04-27 01:00:00,25.195987199496976,19.964828522153265,29.884383454100323
2021-04-27 02:00:00,24.185361889439143,21.777245715669785,26.685402815900087
2021-04-27 03:00:00,25.628827952967658,23.036800666175594,28.36187910949161
2021-04-27 04:00:00,25.077248476555816,22.71236559389743,27.609422561215354
2021-04-27 05:00:00,26.35008499453831,24.636863975854915,29.259657643133153
2021-04-27 06:00:00,32.950009104362685,25.912779117371976,39.103905475024526
2021-04-27 07:00:00,54.04462491439753,43.37989929220124,63.964224893139715
2021-04-27 08:00:00,42.872888184932314,33.471347953149134,50.76797847038589
2021-04-27 09:00:00,20.887987122480894,17.11834143514105,24.154505547462602
2021-04-27 10:00:00,10.412211938721617,7.932045701075974,13.503416801815858
2021-04-27 11:00:00,7.408916111282758,5.490868176039413,9.408039006318832
2021-04-27 12:00:00,8.042948276536883,5.881410316395757,10.681889670584775
2021-04-27 13:00:00,10.83515567100958,5.812029461669394,16.177165200722502
2021-04-27 14:00:00,7.799799701231445,5.539421653049808,10.703862073852573
2021-04-27 15:00:00,7.140901127747672,5.088109954927156,9.533899174098789
2021-04-27 16:00:00,17.415801522011918,13.70007831619834,21.972288214824616
2021-04-27 17:00:00,28.487747710165,20.372641625614406,33.16912742191181
2021-04-27 18:00:00,34.00644629949291,25.492664546532673,39.32613502036153
2021-04-27 19:00:00,54.36696931671411,46.40485154667181,62.69127949579795
2021-04-27 20:00:00,50.947479904377744,43.568568397924345,57.56925411931754
2021-04-27 21:00:00,47.923188122407055,42.07508906606713,55.213863719837946
2021-04-27 22:00:00,48.71523022872824,40.26844839985152,55.90718677369307
2021-04-27 23:00:00,43.84169110048172,38.075986173730186,50.219509035069294
2021-04-28 00:00:00,31.73432593934242,26.214742210796537,36.34473634651482
2021-04-28 01:00:00,29.46316345407334,24.77442644067472,34.700493961187924
2021-04-28 02:00:00,24.966124899457398,22.793873521933435,27.3536478872517
2021-04-28 03:00:00,24.229971552434137,21.76686739298733,26.28673582020489
2021-04-28 04:00:00,25.950754886363224,23.947433360090926,28.036379428360735
2021-04-28 05:00:00,28.569216968768075,25.96968709446722,32.466777032108425
2021-04-28 06:00:00,28.851136493539837,25.57545807758072,32.102520503321976
2021-04-28 07:00:00,62.91851770018776,51.5494277885018,74.41107878209955
2021-04-28 08:00:00,51.04639443527893,40.93645396981956,62.2711830104083
2021-04-28 09:00:00,25.00093881468956,21.421939258100785,27.499567890452425
2021-04-28 10:00:00,15.437453368092122,12.88558195485875,18.27321673004665
2021-04-28 11:00:00,14.382586688780101,11.955574666649676,16.986342500340744
2021-04-28 12:00:00,11.971289755398612,8.659448149188751,15.552311931839037
2021-04-28 13:00:00,15.109387027095519,10.449715202863057,20.3804834594674
2021-04-28 14:00:00,10.652080628126885,8.369446407224805,13.167247450629073
2021-04-28 15:00:00,7.419552775496757,4.712277868572782,9.565494806708667
2021-04-28 16:00:00,16.48271784430924,12.257449845777666,21.064014453881434
2021-04-28 17:00:00,28.378606363300328,22.035683211110047,33.92290463792665
2021-04-28 18:00:00,33.7980753431917,25.543266398445724,39.69268919716983
2021-04-28 19:00:00,44.32407267970781,35.2428639416635,50.230219783603545
2021-04-28 20:00:00,45.86894959249401,38.20371436999933,51.23752673547746
2021-04-28 21:00:00,55.88618361941953,47.30936074238397,61.07516927047864
2021-04-28 22:00:00,41.1040625307419,33.46864662722677,46.6605280523753
2021-04-28 23:00:00,42.41100894811108,36.54477068021736,50.00748536011286
2021-04-29 00:00:00,42.2646296403558,35.605175105257345,47.87708989941213
2021-04-29 01:00:00,35.80369824583182,30.364316862723403,41.2940770405165
2021-04-29 02:00:00,36.52159193148163,34.025187554865184,39.89662904897276
2021-04-29 03:00:00,41.209718704779604,37.946291273473,45.5327918294985
2021-04-29 04:00:00,37.37096905538478,34.31140389935237,40.9427923191801
2021-04-29 05:00:00,26.464599646099103,24.177077870108704,29.714472108704005
2021-04-29 06:00:00,31.274345034002746,27.332611213704173,35.51383217882338
2021-04-29 07:00:00,54.82601281875296,43.702351531679625,66.19892500537856
2021-04-29 08:00:00,42.31537685843943,32.7347455779813,49.438772043167454
2021-04-29 09:00:00,24.94126423332063,20.43930845017664,27.86334731026073
2021-04-29 10:00:00,12.164326600919159,9.782815943975535,14.988085330467559
2021-04-29 11:00:00,10.688209100919247,8.234778666351271,12.991547136178477
2021-04-29 12:00:00,10.788192598927283,7.897775784740276,14.091111735758702
2021-04-29 13:00:00,15.752201396959455,11.469661023725235,20.844858407443105
2021-04-29 14:00:00,12.895685338977115,9.79414028331322,16.29401311564258
2021-04-29 15:00:00,11.1936693392205,8.522021087929058,13.665997996871859
2021-04-29 16:00:00,19.37676214019063,14.723450266863546,25.50233367174004
2021-04-29 17:00:00,30.652193670014224,22.1355563599385,35.398996244572416
2021-04-29 18:00:00,39.207180568174046,32.02434647719023,46.500851712216246
2021-04-29 19:00:00,43.09615275384703,34.77096830761974,50.73685917982387
2021-04-29 20:00:00,49.8111963247468,42.899862732797814,55.480339973502126
2021-04-29 21:00:00,55.760262494420985,48.6226716776446,60.73660844745085
2021-04-29 22:00:00,44.37495307551256,36.15910643914719,51.195639244222235
2021-04-29 23:00:00,37.95384050354849,32.33143073559941,43.12111418963776
2021-04-30 00:00:00,38.21021174177585,32.06339608508629,43.87317736880144
2021-04-30 01:00:00,33.39217397222577,28.13665632540629,38.898262651800536
2021-04-30 02:00:00,33.78963550202685,31.24630817585346,36.6060505241667
2021-04-30 03:00:00,36.12212419795556,33.630665904412126,38.783174724561306
2021-04-30 04:00:00,41.280940490237015,37.568842922343535,46.50888529829089
2021-04-30 05:00:00,33.55850938974424,30.065306412338376,37.75024871682785
2021-04-30 06:00:00,32.86949712540906,29.76897752583043,36.13125313080593
2021-04-30 07:00:00,64.64860142716262,53.100956212089606,75.1467533967815
2021-04-30 08:00:00,50.02956463700229,40.77443694848272,61.1389017455858
2021-04-30 09:00:00,25.37038631791173,20.61304835651258,29.315947006307216
2021-04-30 10:00:00,9.809233242500465,8.036456929451626,12.553911518800952
2021-04-30 11:00:00,8.548777010537469,5.731750898179351,10.859751434841234
2021-04-30 12:00:00,7.711211706218033,5.486016716051508,9.99741968709512
2021-04-30 13:00:00,11.986394693415033,8.050109907024728,15.917706063937564
2021-04-30 14:00:00,7.652578530989665,5.620020110707657,9.538652857133432
2021-04-30 15:00:00,6.426105482887074,4.517931246232527,8.680409408755978
2021-04-30 16:00:00,10.594203238459245,7.379832953030923,13.979735810242472
2021-04-30 17:00:00,25.152644504383396,17.489381848246424,29.554802686209808
2021-04-30 18:00:00,35.36244569499584,27.458837476010462,41.25254249595444
2021-04-30 19:00:00,44.73193305817023,37.33807705330944,50.77260531133289
2021-04-30 20:00:00,50.06143276830102,43.315963759598525,56.998916113989964
2021-04-30 21:00:00,48.66583556326316,42.84852015853447,53.84504113602503
2021-04-30 22:00:00,45.139477787288264,37.60093145013517,50.8895280858557
2021-04-30 23:00:00,39.88178677264347,33.58868611115802,45.15439809279879
2021-05-01 00:00:00,19.958201729813698,17.338690257604906,22.60739955941048
2021-05-01 01:00:00,21.09651162569371,18.530495584600406,23.515958210591428
2021-05-01 02:00:00,21.706246011870935,19.706393681648862,23.048766527167306
2021-05-01 03:00:00,22.486909887689627,20.475093980441695,23.800426297829258
2021-05-01 04:00:00,21.10590462187717,19.60918923898153,22.199585481478266
2021-05-01 05:00:00,8.384656282560071,7.42893786881536,9.264900100243
2021-05-01 06:00:00,8.46333027711817,7.399210985748491,9.545251898141318
2021-05-01 07:00:00,21.340238511726643,12.045330187410684,28.84666958820061
2021-05-01 08:00:00,16.56195695049101,9.309036355847967,22.291684474735053
2021-05-01 09:00:00,7.356481035756462,4.923955077802044,10.908398942816001
2021-05-01 10:00:00,5.509854640454785,3.8352087730139575,8.213677203724169
2021-05-01 11:00:00,5.794300990762068,3.56532946921365,8.789235122769789
2021-05-01 12:00:00,3.4754920120047528,1.6872740229254208,5.2781968238988775
2021-05-01 13:00:00,4.564887814488132,2.793879867143656,6.145426016756539
2021-05-01 14:00:00,3.1440418472970864,1.6548476835431642,4.779316332055634
2021-05-01 15:00:00,3.707465713374789,2.3540158517148093,5.383303028970852
2021-05-01 16:00:00,7.016872843197985,3.9434836137582137,10.688270844084474
2021-05-01 17:00:00,13.766527365821343,7.621829457091309,18.286389699306053
2021-05-01 18:00:00,15.295802630240813,9.466870865496462,19.920755380450593
2021-05-01 19:00:00,17.995659863077197,12.149081943542432,23.20504574367331
2021-05-01 20:00:00,20.38023379000988,14.10374613330132,26.352450984301797
2021-05-01 21:00:00,21.622284725059806,15.328940060261349,27.440885253318513
2021-05-01 22:00:00,15.009574067293734,12.303517291105658,18.098516337816875
2021-05-01 23:00:00,12.194042430544783,10.653706193861243,13.920987181710052
2021-05-02 00:00:00,13.913424885973228,11.678402879543125,16.38028507093536
2021-05-02 01:00:00,13.876447893106588,11.750411835058678,16.157406044132255
2021-05-02 02:00:00,14.956340369626407,13.037833872461519,16.633097435825903
2021-05-02 03:00:00,23.184274272881908,20.811780097653987,25.15010673913566
2021-05-02 04:00:00,24.11675480756115,22.85091461791356,25.179565854366246
2021-05-02 05:00:00,16.19288087556612,13.721547613365018,19.039664434336796
2021-05-02 06:00:00,13.26029040675953,11.564033923289943,15.289013989539217
2021-05-02 07:00:00,25.485220602063663,16.426135780223074,33.23743644691174
2021-05-02 08:00:00,21.143412648763903,13.034415132486984,28.582471725824536
2021-05-02 09:00:00,10.643602654822654,7.319923697345812,14.823083267861914
2021-05-02 10:00:00,6.420951707601766,4.417258480248511,9.402611369895133
2021-05-02 11:00:00,6.421307136273168,4.255496459092497,9.041288244994728
2021-05-02 12:00:00,4.008109886898938,2.243636529373643,5.37490524460959
2021-05-02 13:00:00,5.257723859058003,2.852323336268393,7.554311685446209
2021-05-02 14:00:00,4.320713146480566,2.4063515903184562,6.200701852927029
2021-05-02 15:00:00,6.799739482225207,4.431694640469334,9.082095036896416
2021-05-02 16:00:00,8.521723208621909,5.005263967278266,12.725979462739085
2021-05-02 17:00:00,13.979957113334981,8.260606944164259,18.361802099538984
2021-05-02 18:00:00,11.900950671972778,7.033438491891246,15.816839205273984
2021-05-02 19:00:00,15.900018862784885,11.002103393610014,20.62882282220296
2021-05-02 20:00:00,20.581332945321872,15.53944424651724,26.066714199344595
2021-05-02 21:00:00,24.349668629069992,18.836630720781667,30.473455612358592
2021-05-02 22:00:00,15.277727497879818,12.968721913491006,17.392081514325593
2021-05-02 23:00:00,16.342730061453846,13.454081301748102,19.623409376196552
2021-05-03 00:00:00,19.089300719270767,14.398033315231572,23.52240400427113
2021-05-03 01:00:00,19.035710775874467,15.659980237490638,22.37420220618418
2021-05-03 02:00:00,17.37910555775479,16.401048569982247,18.365059531405546
2021-05-03 03:00:00,19.061784043746403,18.062120938919293,19.9680219581265
2021-05-03 04:00:00,20.66526459847772,19.654348974230626,21.63545014131356
2021-05-03 05:00:00,12.975249932173188,11.959313874553839,14.04685212405468
2021-05-03 06:00:00,12.876604323850284,10.521878631038792,15.78811093627445
2021-05-03 07:00:00,24.758063001506112,17.264640280009644,31.57547674278033
2021-05-03 08:00:00,20.016019073305525,12.691205440276589,27.285022552058017
2021-05-03 09:00:00,14.014037649399945,10.76021813918105,17.059599362759148
2021-05-03 10:00:00,4.910327891499003,3.3281811060897435,7.108947533102507
2021-05-03 11:00:00,5.479966742405637,2.8856082760533828,7.467002992229463
2021-05-03 12:00:00,5.3217302854354385,3.106655382035583,7.7509475732443684
2021-05-03 13:00:00,3.7451223274270244,2.0522632176299034,5.796742551612563
2021-05-03 14:00:00,4.915538238560659,2.2685451485827492,6.534837783490308
2021-05-03 15:00:00,3.89860859414288,2.5113255966796233,5.311917384053225
2021-05-03 16:00:00,6.199711810667951,3.7274156095939466,8.639140232914412
2021-05-03 17:00:00,13.232778233614098,6.820876841115185,16.8786086738186
2021-05-03 18:00:00,13.947390965165955,8.216691317275444,18.57227596221784
2021-05-03 19:00:00,22.171484908354746,15.965287015783742,27.313791934998182
2021-05-03 20:00:00,26.64254262633978,21.11872909345367,32.41712058117446
2021-05-03 21:00:00,34.75572298461915,29.67411550572745,41.05082185738256
2021-05-03 22:00:00,35.290377030901944,28.63337318514083,40.525629572546464
2021-05-03 23:00:00,31.84589679632603,27.320822489247124,36.299448120081664
2021-05-04 00:00:00,37.05477724918717,32.25281084500569,42.589696496150935
2021-05-04 01:00:00,37.445216751964104,32.505913007951634,41.3121268463745
2021-05-04 02:00:00,35.590559531478135,33.96673749191016,36.989348095211184
2021-05-04 03:00:00,41.33021660743294,39.6791397770108,42.869321533451036
2021-05-04 04:00:00,39.61372359572271,36.734942501082266,42.527465343820346
2021-05-04 05:00:00,29.048925145265443,26.090200495411686,32.506388741007804
2021-05-04 06:00:00,21.934783552343056,18.626319761113002,24.929361373249726
2021-05-04 07:00:00,31.617661725070164,23.102893964277154,39.58384226897942
2021-05-04 08:00:00,27.930183843599917,19.208939106371602,34.55033795793262
2021-05-04 09:00:00,19.094151865189392,15.066322300725314,22.036339503397166
2021-05-04 10:00:00,11.192891782644267,8.4284087679161,13.948506758249218
2021-05-04 11:00:00,10.157270255147626,8.261205766243425,11.536172556660377
2021-05-04 12:00:00,10.257560836898389,8.056426600236088,13.152290899869488
2021-05-04 13:00:00,8.725463935768385,6.229314434188263,11.219346641444425
2021-05-04 14:00:00,8.001684989483719,6.0186111215647555,10.665135439123985
2021-05-04 15:00:00,10.635469826855989,8.582463790277219,12.733224717986957
2021-05-04 16:00:00,17.273321624120122,14.913518208243232,19.341626298174706
2021-05-04 17:00:00,22.8945531572364,15.591136954214523,27.03614193453332
2021-05-04 18:00:00,22.194264412386506,14.817212764910156,30.048462865593592
2021-05-04 19:00:00,30.64642180190624,24.423952968651044,35.930738891841635
2021-05-04 20:00:00,31.65972092307141,25.51301911824462,37.00724107334822
2021-05-04 21:00:00,30.678169467664652,25.05527257488468,36.54058937390036
2021-05-04 22:00:00,27.402435160729418,21.85416400368678,32.44828748297748
2021-05-04 23:00:00,23.086014812876144,19.78372750723093,28.20341004555746
2021-05-05 00:00:00,20.304584742645766,16.333710353170456,23.611654506087152
2021-05-05 01:00:00,19.306667132590324,15.971426464449177,22.561801643453887
2021-05-05 02:00:00,16.020238849607836,14.894870524926818,16.997091029445695
2021-05-05 03:00:00,16.085163518282,14.841905363877034,17.030891670443488
2021-05-05 04:00:00,16.80295140329307,15.77479141326597,17.698313019733604
2021-05-05 05:00:00,8.879827119319366,6.884102121257656,11.223683809854654
2021-05-05 06:00:00,8.686580973406658,6.586201359754813,10.801021198498399
2021-05-05 07:00:00,24.654514796140656,17.854700940121333,31.627771277705005
2021-05-05 08:00:00,21.668223760967898,13.938681686033876,28.723253954754284
2021-05-05 09:00:00,16.834308444891935,13.257924014186006,20.364384883424517
2021-05-05 10:00:00,7.003949921325914,5.02330584489532,9.584923696122317
2021-05-05 11:00:00,4.040068386004067,2.3812621900386106,5.263316429101694
2021-05-05 12:00:00,3.940830489057949,2.4665338757471096,5.922194778367163
2021-05-05 13:00:00,3.231517052984408,1.993884436745424,5.172823091790037
2021-05-05 14:00:00,1.4935181768683359,1.0284966068685812,2.0097960559610297
2021-05-05 15:00:00,3.0892978660610377,1.2483881062127429,5.060591698129738
2021-05-05 16:00:00,3.82662983953795,2.3692203528449585,5.955745705676424
2021-05-05 17:00:00,11.899143509798263,6.052634293501655,15.192721030600634
2021-05-05 18:00:00,12.557894665417749,7.357541554255422,16.14684253452082
2021-05-05 19:00:00,18.94763263743835,13.000680789247527,24.516158083550412
2021-05-05 20:00:00,23.64909805025156,18.026885159874254,28.505461266191617
2021-05-05 21:00:00,23.009451980505258,18.068302411082673,26.748310902521947
2021-05-05 22:00:00,21.448031505682348,14.340395321018878,25.502542535700037
2021-05-05 23:00:00,19.135037383115442,15.65102851622052,24.6325201605419
2021-05-06 00:00:00,13.537558324501695,10.340534288549009,16.752628777604787
2021-05-06 01:00:00,13.97013532074396,10.79580798642147,17.10319763674604
2021-05-06 02:00:00,11.723266474610726,10.513012490150562,12.436173430249275
2021-05-06 03:00:00,12.815513352345434,11.7667824834974,13.55800169031472
2021-05-06 04:00:00,13.560757449682171,12.580592907739739,14.371477643953998
2021-05-06 05:00:00,12.872484454749893,10.122675033387603,15.392100502507972
2021-05-06 06:00:00,13.686706172949942,11.517115784810878,15.920908634469445
2021-05-06 07:00:00,21.60116090357537,14.139632432534293,27.44454223948534
2021-05-06 08:00:00,19.136768400721696,11.955775254684138,24.613464684946077
2021-05-06 09:00:00,14.222810911547839,10.363692613982604,16.383052367518154
2021-05-06 10:00:00,5.159292182634945,2.91104001898787,7.350043995444458
2021-05-06 11:00:00,2.741182922299639,2.1009200644138444,3.561225643894643
2021-05-06 12:00:00,3.161635157866367,1.7976326813660648,4.73536618394113
2021-05-06 13:00:00,2.435139673947233,1.279671589331426,3.6599790998441075
2021-05-06 14:00:00,0.618000667301923,0.3975952939420664,0.8443085746768135
2021-05-06 15:00:00,1.1592130524720965,0.7007299863568851,1.5872816729485975
2021-05-06 16:00:00,4.78047036369108,2.5003048337013647,7.204100805300655
2021-05-06 17:00:00,11.926925736887165,6.449430474740626,15.264279277596914
2021-05-06 18:00:00,11.99207849292546,7.013956785014524,16.110429392102912
2021-05-06 19:00:00,17.70919949144945,12.453160925117881,22.870851495056456
2021-05-06 20:00:00,18.094080973112046,13.638879333711879,23.102126149728583
2021-05-06 21:00:00,18.12013491201525,12.898963282180768,22.605194577058192
2021-05-06 22:00:00,20.31853797894572,13.628139057817753,25.979356862831256
2021-05-06 23:00:00,18.034290339790896,14.041949397167402,23.64803273174092
2021-05-07 00:00:00,16.152901047987935,11.890283613207993,20.055957254908343
2021-05-07 01:00:00,18.65614464384196,14.923968613764126,22.037260532097203
2021-05-07 02:00:00,19.967551572880822,18.178720012305106,22.068056378013093
2021-05-07 03:00:00,19.722104288429726,17.965323257857058,21.8315942021619
2021-05-07 04:00:00,20.289236717818483,18.58751742465167,22.25980922147651
2021-05-07 05:00:00,14.988591156578716,11.59078309794044,18.358913972558664
2021-05-07 06:00:00,10.47113272019136,7.383992468453967,13.110612326175081
2021-05-07 07:00:00,23.808245118536618,17.08136127453034,31.64724377940028
2021-05-07 08:00:00,24.03191398473515,16.416506700110297,29.564688908042022
2021-05-07 09:00:00,20.641935956868497,17.05637845611673,23.24232868413222
2021-05-07 10:00:00,6.905516165747611,5.1231127888990855,9.130147254715045
2021-05-07 11:00:00,3.0640157411582076,2.3132956379849716,3.9156686422688924
2021-05-07 12:00:00,5.874815692201022,3.9541188531923175,8.939619600388657
2021-05-07 13:00:00,6.939219973292026,4.223171599298433,9.756865383597495
2021-05-07 14:00:00,5.612307829601144,3.100912509560649,7.574104544780881
2021-05-07 15:00:00,4.039068907713331,2.4873598613352894,6.359704509855301
2021-05-07 16:00:00,7.970096232139843,5.071100315972023,10.96648995857921
2021-05-07 17:00:00,15.71967483877031,9.09923102420427,19.317761016683736
2021-05-07 18:00:00,18.769949840310634,13.06099411322995,24.721026223024214
2021-05-07 19:00:00,25.478843856678075,19.33137334823746,30.62349564099289
2021-05-07 20:00:00,25.194312729752927,19.95832848587338,29.929724665638663
2021-05-07 21:00:00,25.667201301203903,20.726431385066135,30.714065181435032
2021-05-07 22:00:00,25.876758482352116,19.52339032871065,31.482113976632224
2021-05-07 23:00:00,21.65999123934016,18.35327155669708,26.71243149648679
2021-05-08 00:00:00,23.783655868654623,20.66826614134701,27.195615833403966
2021-05-08 01:00:00,20.653963218466664,17.72273804735457,23.303119359786255
2021-05-08 02:00:00,22.282082137169635,19.42859913648368,25.25205546391221
2021-05-08 03:00:00,18.608757881004973,16.21662873942854,21.188769788067212
2021-05-08 04:00:00,23.402875583660457,21.305158587625378,25.724251393776623
2021-05-08 05:00:00,11.457556831872711,9.697714752624075,13.455427258616634
2021-05-08 06:00:00,7.601684961942744,6.016545535852326,9.324681421205762
2021-05-08 07:00:00,32.06931482232273,23.28522006818498,39.57924592951361
2021-05-08 08:00:00,37.26439854461801,28.442960306259494,44.63722501931515
2021-05-08 09:00:00,20.467522555610277,16.956677062043646,25.23556587950677
2021-05-08 10:00:00,12.760543693279166,10.489881129352595,16.17346491233741
2021-05-08 11:00:00,7.2552586123383245,4.950487425448845,9.896147498316154
2021-05-08 12:00:00,3.9797575310676248,2.6319835301794976,5.2439684206596135
2021-05-08 13:00:00,4.563648051117733,2.460122652154381,6.461744525830375
2021-05-08 14:00:00,3.060147464903103,1.9208085028413722,4.433813973967711
2021-05-08 15:00:00,4.786539292520689,3.0331190414725273,6.489442871399426
2021-05-08 16:00:00,9.797301914950188,5.957946444211921,14.483936774195383
2021-05-08 17:00:00,13.972560008283384,8.099217534062786,18.280455476904585
2021-05-08 18:00:00,12.681874272916165,7.653490673521928,16.102692768659775
2021-05-08 19:00:00,19.34337648168471,12.977212503671415,24.250896412451546
2021-05-08 20:00:00,23.759164618532456,17.842933354197328,29.014822025282403
2021-05-08 21:00:00,30.98799886198381,25.329063073944532,36.52530064418695
2021-05-08 22:00:00,30.332484351677216,26.228809032442037,33.651215843747636
2021-05-08 23:00:00,26.253903531703454,24.1789183049061,28.643687883263404
2021-05-09 00:00:00,25.374650404355027,23.634487858252626,27.23468368089168
2021-05-09 01:00:00,27.087110137204217,25.493442785471185,28.69969329451107
2021-05-09 02:00:00,26.164702313647158,24.982489468285667,27.164026248445566
2021-05-09 03:00:00,28.26722397574719,27.078404304951476,29.584605597830972
2021-05-09 04:00:00,34.87254179767888,32.40713451230532,37.62116466305825
2021-05-09 05:00:00,26.21922393296619,24.4134734956634,28.3455642562759
2021-05-09 06:00:00,16.410907964575543,14.776969646212747,18.297796157072792
2021-05-09 07:00:00,30.185828502151217,20.654538108172545,38.784839607771374
2021-05-09 08:00:00,23.717185296268138,14.608713727913855,31.28617883567679
2021-05-09 09:00:00,11.109858866875681,7.880942066177263,15.17913142450109
2021-05-09 10:00:00,7.919668695159647,5.512394327159885,11.38722277210982
2021-05-09 11:00:00,7.430525675155053,4.989085568634229,10.698458818043552
2021-05-09 12:00:00,3.9720361029863396,2.1994340484015713,5.449470271400446
2021-05-09 13:00:00,4.39792055195399,2.450342807464327,6.336861284257068
2021-05-09 14:00:00,3.5330403820771026,1.866163151806089,5.245153153599733
2021-05-09 15:00:00,6.0612016521554954,4.003937912898715,8.52003521466206
2021-05-09 16:00:00,10.127709724634062,6.43981458261275,14.890108911802399
2021-05-09 17:00:00,16.24325471328579,10.033533562242729,20.635837895540597
2021-05-09 18:00:00,15.041915853403669,9.45615007222505,19.266130005853707
2021-05-09 19:00:00,15.491358979905131,9.908307309592708,19.85585861199513
2021-05-09 20:00:00,22.96326918206499,17.04131366828184,28.081248258037835
2021-05-09 21:00:00,26.951022533367162,20.668024527878284,32.41425106453918
2021-05-09 22:00:00,21.308521009415173,19.05539693461921,24.88330557811771
2021-05-09 23:00:00,28.48851697939826,25.32757069115388,31.68008931797334
2021-05-10 00:00:00,36.32907763597153,30.891443958845276,41.02233729712492
2021-05-10 01:00:00,35.80987226189787,31.568180115949065,39.479853895115326
2021-05-10 02:00:00,36.96776051776997,34.925072358303495,39.15458547053885
2021-05-10 03:00:00,37.44341880457166,35.083221979892905,40.04194322190266
2021-05-10 04:00:00,37.3211994728787,36.10669644519045,38.739717013305146
2021-05-10 05:00:00,22.562128925648324,20.384919926272293,25.183907961484884
2021-05-10 06:00:00,11.91986195622886,8.237640460145787,15.876965920506553
2021-05-10 07:00:00,22.46011303562969,15.28342483884368,28.704208045940145
2021-05-10 08:00:00,15.78483164592816,9.913589602272985,20.9468405680039
2021-05-10 09:00:00,11.218123176295212,7.030585688132661,13.754282016020651
2021-05-10 10:00:00,3.5451736080115483,1.7672789269127744,5.558650047168997
2021-05-10 11:00:00,2.887388822524445,1.403933181171318,4.39070931961382
2021-05-10 12:00:00,4.152734539460996,2.0474367164199627,6.360774674825388
2021-05-10 13:00:00,1.9020514446441465,1.1366319379952476,2.9608372571021193
2021-05-10 14:00:00,1.5614593759980238,0.7536127861624374,2.3847552694943297
2021-05-10 15:00:00,1.3311972615913954,0.5993869766985706,2.135200592208007
2021-05-10 16:00:00,3.0535479873714495,1.9959863397010913,4.86769434202624
2021-05-10 17:00:00,10.79125427271008,5.4496015322012035,13.993769420422055
2021-05-10 18:00:00,12.097206204439766,7.231487088606505,16.291358306111164
2021-05-10 19:00:00,15.907304663703034,9.654650370075695,20.704455673354115
2021-05-10 20:00:00,17.50860647222753,12.324854619569356,21.80919355345088
2021-05-10 21:00:00,19.92580045568403,14.80993997468748,25.190920583104745
2021-05-10 22:00:00,19.871789884418913,13.66194981029159,24.77394269200108
2021-05-10 23:00:00,18.305484055177637,14.898667752444434,22.65839180198819
2021-05-11 00:00:00,15.63844906965021,12.208956783503002,19.099905973291296
2021-05-11 01:00:00,18.04245881465785,14.608471760137245,21.311060777974127
2021-05-11 02:00:00,17.212034150508988,15.636248736722292,18.390790564513907
2021-05-11 03:00:00,21.091499978835564,19.874448944364485,22.010264106163255
2021-05-11 04:00:00,23.228476198077953,22.209039460480515,24.17168559383253
2021-05-11 05:00:00,14.32033259166327,10.606140322126949,17.626554826039094
2021-05-11 06:00:00,9.362363291675745,7.381589932486887,12.026948469569374
2021-05-11 07:00:00,18.699308560924607,12.048190990531216,24.440670197838962
2021-05-11 08:00:00,17.79350093269353,10.870580291118738,24.06032445349473
2021-05-11 09:00:00,11.748734913130571,7.738220357698578,14.353296074849336
2021-05-11 10:00:00,4.388143662052159,2.5817120293841156,6.2396704368984635
2021-05-11 11:00:00,3.570935953410103,1.463274960195986,5.232662177769663
2021-05-11 12:00:00,2.3034925773629595,1.4204203943529408,3.855450080031552
2021-05-11 13:00:00,1.756675255703401,0.9104757672385477,3.109539982192435
2021-05-11 14:00:00,0.6899158971340928,0.11719672536562087,1.3106717788366677
2021-05-11 15:00:00,2.183631849376112,0.2897713460581494,3.9846054724019146
2021-05-11 16:00:00,2.9832515399760964,1.3781222935840154,4.546715709029526
2021-05-11 17:00:00,9.569319617156857,4.198600911176381,12.883343297411912
2021-05-11 18:00:00,10.145563644392922,5.2730545108744025,13.174790240080327
2021-05-11 19:00:00,19.679231924667043,13.070386051743546,25.323180223420785
2021-05-11 20:00:00,20.87526140723292,15.216490559183187,25.688724591242842
2021-05-11 21:00:00,24.634043038102774,19.516119498394584,29.50102368520446
2021-05-11 22:00:00,27.391275657813846,21.20520071430332,32.33902831638179
2021-05-11 23:00:00,25.63183956384502,21.3079934626704,30.488696921687353
2021-05-12 00:00:00,25.472680205448075,21.4459644096244,29.034203945625183
2021-05-12 01:00:00,25.902444026988857,22.028622502732755,29.44703380855805
2021-05-12 02:00:00,23.86331597243719,22.28485613754897,25.03567927270259
2021-05-12 03:00:00,23.659917769730868,22.21825936961483,24.648689481510413
2021-05-12 04:00:00,24.364136530795527,23.03517807394542,25.410720112753015
2021-05-12 05:00:00,15.081035101808633,12.962443197422624,17.830591619298414
2021-05-12 06:00:00,11.136166054358894,9.076498273961212,13.776140155373998
2021-05-12 07:00:00,24.85864722815033,17.74285683059096,31.699138605242354
2021-05-12 08:00:00,18.830290151630145,12.566119247324268,23.793635186794134
2021-05-12 09:00:00,13.413622696051922,9.22841251525174,16.819117550578657
2021-05-12 10:00:00,4.92566003190016,3.3439403543984643,6.947496130341568
2021-05-12 11:00:00,2.4336186989653585,1.5582352585619619,3.3757298878931645
2021-05-12 12:00:00,2.34645457096646,1.567869866630897,3.7379095627887775
2021-05-12 13:00:00,1.4636721117877431,0.8680381362195682,2.4787689462486044
2021-05-12 14:00:00,1.1773808571067226,0.4649244318197935,1.9672965505067859
2021-05-12 15:00:00,2.831085875852145,0.9256276841005816,4.9251135440081635
2021-05-12 16:00:00,4.5866576120731875,2.667057395442955,6.403599171663347
2021-05-12 17:00:00,12.580047577771756,6.918954536580949,16.199761258800976
2021-05-12 18:00:00,13.487177644619564,8.105657126953812,18.341656842101564
2021-05-12 19:00:00,16.913625537743435,11.339999194046014,22.056371967636878
2021-05-12 20:00:00,17.037102161352106,12.158896080606816,21.3979219483756
2021-05-12 21:00:00,17.589599200929488,12.388948124831597,22.24921493782835
2021-05-12 22:00:00,17.309325205080565,11.542957465461715,22.165291003015675
2021-05-12 23:00:00,15.053790397041691,11.84947854028707,18.939517061857416
2021-05-13 00:00:00,13.12343847531259,10.469029479879186,16.871981891382283
2021-05-13 01:00:00,13.20668406169401,10.08094629700494,16.127207648965076
2021-05-13 02:00:00,10.898531880857062,9.70944105986048,11.618286566983606
2021-05-13 03:00:00,12.836124373077972,10.740444352993173,14.955688017892665
2021-05-13 04:00:00,15.1720401791779,13.25761955013007,16.778338955554577
2021-05-13 05:00:00,16.12118167551638,14.06423578312877,18.38468199687735
2021-05-13 06:00:00,16.799604734896366,14.600094282449545,18.89213248908178
2021-05-13 07:00:00,28.194434949448677,22.409135576669996,35.522070951224464
2021-05-13 08:00:00,27.7155402492927,20.581018659372585,34.64913607549173
2021-05-13 09:00:00,21.464691092594652,17.532359422028687,24.310022225340475
2021-05-13 10:00:00,10.370855808201043,7.479940457510603,12.885081393588921
2021-05-13 11:00:00,4.827428440696692,3.0529273013738987,6.716783605828254
2021-05-13 12:00:00,5.388772228320079,3.654842261392096,7.556117657125218
2021-05-13 13:00:00,4.654801608392254,3.112983817066485,6.659996996235433
2021-05-13 14:00:00,4.278674883213375,2.72508523243206,5.913887262504603
2021-05-13 15:00:00,6.12876273095784,3.235577487143843,8.55161522517747
2021-05-13 16:00:00,9.05840020577304,6.629382602901374,11.447394183400524
2021-05-13 17:00:00,15.562796572693633,9.984680872654026,19.093673971787908
2021-05-13 18:00:00,16.771137304241797,10.879474198441828,22.85235712836958
2021-05-13 19:00:00,23.259404183419875,17.18439781043887,27.901653232275695
2021-05-13 20:00:00,22.984503797878357,17.48266410022868,27.685896442979786
2021-05-13 21:00:00,24.000096203041043,18.674824420930328,28.63502087763871
2021-05-13 22:00:00,23.351143178960175,18.018327264282192,28.16510779395537
2021-05-13 23:00:00,19.245614458196084,15.75216597334175,23.619641077449906
2021-05-14 00:00:00,16.019509293185894,12.92298937281564,19.072452748589075
2021-05-14 01:00:00,18.831224581733657,15.800595229145399,23.26470552891468
2021-05-14 02:00:00,13.915667997009956,12.733733303218697,14.841418937783368
2021-05-14 03:00:00,14.926710933822566,13.9052859305403,15.722403578718671
2021-05-14 04:00:00,16.354528559408713,14.379742749738934,18.5344069997621
2021-05-14 05:00:00,10.129741753868556,8.629343559826514,11.838573069023374
2021-05-14 06:00:00,9.434124036237804,7.590967166228391,11.549441986703894
2021-05-14 07:00:00,21.510608133931775,15.38488105099494,28.093530500465686
2021-05-14 08:00:00,16.820161878391072,10.146679036029536,21.90474018106263
2021-05-14 09:00:00,11.744938351327143,8.21834324290334,14.213273896208646
2021-05-14 10:00:00,3.625182703297753,2.308401943919304,5.076215662134206
2021-05-14 11:00:00,2.2777658391364004,1.572806968506496,3.0708915519733893
2021-05-14 12:00:00,3.9737895719740375,2.348181235170657,6.4463757169351625
2021-05-14 13:00:00,2.108301968239885,1.2127925890979219,3.1642860797424746
2021-05-14 14:00:00,1.4002031706450755,0.9408308815067156,1.9488108029017368
2021-05-14 15:00:00,1.1826714046204214,0.7640703376860053,1.7431351176973997
2021-05-14 16:00:00,5.076311417256489,3.1195415520064547,7.633970996576655
2021-05-14 17:00:00,12.911588978248497,6.990504403934747,15.889796596399838
2021-05-14 18:00:00,16.471929071875152,10.55302583300507,22.142014784126737
2021-05-14 19:00:00,17.72749994613601,12.579917252962167,22.835905288873846
2021-05-14 20:00:00,17.48287274810672,12.533261041468403,21.85214550298206
2021-05-14 21:00:00,17.448363494952243,12.451129925112562,22.143074112337715
2021-05-14 22:00:00,15.610392878504138,10.284603932917229,19.896170454150326
2021-05-14 23:00:00,11.973720340826954,9.017759594290437,15.762017609387625
2021-05-15 00:00:00,9.552891520899527,7.715546994188614,11.277620590510894
2021-05-15 01:00:00,11.675020931414746,9.512236324848642,13.891499395321942
2021-05-15 02:00:00,10.580133421216493,9.118008068800485,12.086985060243508
2021-05-15 03:00:00,10.476588421982783,9.654449711286105,11.454993990843576
2021-05-15 04:00:00,11.410852446981346,10.48421530583443,12.36178623406972
2021-05-15 05:00:00,9.928327632385043,8.76252514519157,11.23214173049899
2021-05-15 06:00:00,4.596927739859464,3.8657119844604484,5.3593993908248
2021-05-15 07:00:00,18.230921664337654,10.441946285185551,25.02675566300189
2021-05-15 08:00:00,17.5411939526237,10.294823974626974,23.93266088245411
2021-05-15 09:00:00,7.954036423974387,5.400564104676459,11.183468691796362
2021-05-15 10:00:00,5.655044611021722,3.741031892773099,8.527020311748625
2021-05-15 11:00:00,5.151642204299837,2.747712086139371,7.381516290665273
2021-05-15 12:00:00,3.775505032138985,2.169325982809011,5.544983653165918
2021-05-15 13:00:00,4.221939470780184,2.853644659442364,6.0188784859662325
2021-05-15 14:00:00,3.5179103831987533,2.1755383448928383,5.279978160155535
2021-05-15 15:00:00,5.817844386462066,3.6920659123356985,7.8878239874074945
2021-05-15 16:00:00,11.865684386944006,8.056695894835242,17.084799248573468
2021-05-15 17:00:00,17.386626266808467,11.008090381286227,22.599964667206795
2021-05-15 18:00:00,19.210028983867243,13.148756913315253,23.476063494349845
2021-05-15 19:00:00,23.9680103392254,17.898321201304753,28.348868019023303
2021-05-15 20:00:00,25.0697997403795,18.858448530677833,30.365497386601092
2021-05-15 21:00:00,29.808962167581925,23.782732920099086,35.1270747472936
2021-05-15 22:00:00,28.02542399001312,24.915552777780047,31.425173357353835
2021-05-15 23:00:00,25.36464382047432,22.99863571783671,27.784466076789723
2021-05-16 00:00:00,24.628295236371166,23.121552725311943,26.29400326067773
2021-05-16 01:00:00,22.88385491364976,21.506635359482637,24.173945763669117
2021-05-16 02:00:00,19.826469687837335,18.863378240025067,20.589860267453236
2021-05-16 03:00:00,17.515782656958713,16.623171553920642,18.297583441124715
2021-05-16 04:00:00,20.1771747151967,19.214641115371393,20.96885174386041
2021-05-16 05:00:00,13.375947050655551,12.433612530167927,14.128715441959239
2021-05-16 06:00:00,11.537842106202287,8.19383109715669,14.860372602181112
2021-05-16 07:00:00,21.804440310026056,13.564120269320298,29.211702871187548
2021-05-16 08:00:00,17.79879770426668,10.733228085360889,24.62001235786935
2021-05-16 09:00:00,8.848310413343112,5.807073129283857,12.162352535469887
2021-05-16 10:00:00,7.079403486351452,5.025231434321567,10.042512895086235
2021-05-16 11:00:00,6.216639905811701,4.164825077626352,8.680356697798914
2021-05-16 12:00:00,4.606175611001276,2.2441732282570515,5.974788271280801
2021-05-16 13:00:00,4.418356386896531,2.5863393038867457,6.01818919156953
2021-05-16 14:00:00,4.412904228730366,2.4286161889224367,6.062332983725664
2021-05-16 15:00:00,6.369732634724726,4.1960308627183895,9.095299675212347
2021-05-16 16:00:00,9.673289873926686,5.523989863196898,14.342630841450763
2021-05-16 17:00:00,16.843716382763255,10.381457143770323,21.640076021771783
2021-05-16 18:00:00,14.347225433076472,8.196721400742957,18.795514542348915
2021-05-16 19:00:00,17.487898908747866,11.47412041838698,22.50264784161526
2021-05-16 20:00:00,22.856593251756955,15.955283112763528,28.112668347909665
2021-05-16 21:00:00,30.440507298823984,23.305148242266444,36.803270645339346
2021-05-16 22:00:00,25.055768692601585,22.04298356106107,27.983035631678067
2021-05-16 23:00:00,21.69130486865384,20.128986823052085,23.315553550389684
2021-05-17 00:00:00,27.295397201141217,21.99594990174478,32.14057459741947
2021-05-17 01:00:00,26.37942486445906,22.847851833184016,29.67707953944429
2021-05-17 02:00:00,23.22997774210959,22.100067346160035,24.0815309454592
2021-05-17 03:00:00,23.91148670145709,22.802372086130596,24.782938931055252
2021-05-17 04:00:00,21.808622949813866,20.79861604624303,22.69719187898334
2021-05-17 05:00:00,18.173409836361824,15.314885613704172,21.18576648450645
2021-05-17 06:00:00,11.52696381950406,8.519944732972636,14.606164446522365
2021-05-17 07:00:00,19.13931339737672,11.965302039253588,25.46805785265958
2021-05-17 08:00:00,21.189639859339213,14.947017832466987,26.85932374559241
2021-05-17 09:00:00,21.155760562420095,16.699756945332823,24.719004804748668
2021-05-17 10:00:00,10.03026524760911,7.886354623260439,12.937605996048882
2021-05-17 11:00:00,5.525043788925744,3.9616434048765043,6.97420908208952
2021-05-17 12:00:00,4.42097482922548,3.06670250996258,6.5086995521678945
2021-05-17 13:00:00,7.227993552266577,5.4725664779134835,9.48394926857832
2021-05-17 14:00:00,6.394319745634199,4.6618497658760285,7.90182424330995
2021-05-17 15:00:00,6.785065635694866,3.7836653106103277,9.379104669817576
2021-05-17 16:00:00,5.633785871093643,3.462167107786005,8.080478145283736
2021-05-17 17:00:00,13.86291576340948,7.576376483897124,17.511297950599594
2021-05-17 18:00:00,16.248818688451905,10.09439122860172,22.186189959869086
2021-05-17 19:00:00,23.403471572347534,17.184579370531207,28.804274657457757
2021-05-17 20:00:00,24.862227091672153,18.42063923543184,29.858932413953806
2021-05-17 21:00:00,25.741531072982745,20.46486446260049,31.0404492126327
2021-05-17 22:00:00,24.208232221078436,18.68159269260091,29.142906307453742
2021-05-17 23:00:00,19.02765711274303,15.999269183603523,23.92153165821371
2021-05-18 00:00:00,16.443058715067853,13.334479273519829,19.004292048106336
2021-05-18 01:00:00,18.85594990226591,15.732766039259134,21.685281764596443
2021-05-18 02:00:00,18.876377189200905,17.469320692159865,19.666136771738255
2021-05-18 03:00:00,19.545640694902634,18.3435310232489,20.427811197475908
2021-05-18 04:00:00,19.15494465068198,18.028335215685317,19.889740796152953
2021-05-18 05:00:00,10.80473004964619,9.882240772781888,11.712952329478977
2021-05-18 06:00:00,8.915012817282925,6.46941718437345,11.647775054888465
2021-05-18 07:00:00,18.004905858989925,11.45786203872911,23.547862049566582
2021-05-18 08:00:00,15.852321833379657,9.361748333792814,20.995470489134803
2021-05-18 09:00:00,11.447960609228026,7.89377118954564,13.413863275996086
2021-05-18 10:00:00,4.798890039440201,2.873891505835266,6.955765720572401
2021-05-18 11:00:00,3.1277533090882046,1.7333869769838048,4.926134467757324
2021-05-18 12:00:00,4.993813460096645,2.709063730774839,7.178170657854701
2021-05-18 13:00:00,3.6136144248955255,1.7517633957769174,5.252512563891956
2021-05-18 14:00:00,2.4725381902831347,1.1827427782234614,4.014019550142508
2021-05-18 15:00:00,2.1791360287407042,0.9525462369367865,3.7429977713615274
2021-05-18 16:00:00,5.929520384394221,3.203953096633469,8.526043563019726
2021-05-18 17:00:00,11.965039624744202,6.193149540422029,15.376994156453641
2021-05-18 18:00:00,13.284457851459067,8.418240586182991,16.95605792430297
2021-05-18 19:00:00,22.05274475402336,16.66217930062613,27.014251292620212
2021-05-18 20:00:00,24.93020866263607,19.593752061763336,30.18940897465549
2021-05-18 21:00:00,26.525811094134756,21.23148127938366,31.20635894553397
2021-05-18 22:00:00,26.348989396447845,19.98074395537732,31.6495317404527
2021-05-18 23:00:00,22.583845428036806,18.73545608333002,26.19390665424507
2021-05-19 00:00:00,18.67946675154885,15.1397712264437,22.096243403362923
2021-05-19 01:00:00,20.724251687681097,16.952967451834045,23.99827893438521
2021-05-19 02:00:00,16.715982595116408,14.990001951117005,18.441715995178885
2021-05-19 03:00:00,18.291062563082434,16.681038707359527,20.117293170368427
2021-05-19 04:00:00,17.763849922001715,16.17365158563279,19.417185152984352
2021-05-19 05:00:00,13.839676270026567,12.308452612637119,15.632686341569913
2021-05-19 06:00:00,9.854042911708206,6.275518920057884,13.281949179323139
2021-05-19 07:00:00,17.65954992213332,11.497759983136778,23.54976474576644
2021-05-19 08:00:00,15.703673803343634,8.93033966665928,21.14205742967266
2021-05-19 09:00:00,9.453601305739605,5.9021013349195055,11.838305195211502
2021-05-19 10:00:00,3.573338744132876,2.593669836322042,5.080269455736685
2021-05-19 11:00:00,1.2765997818443784,0.7467403058503419,1.9882924024001085
2021-05-19 12:00:00,4.157236182585209,2.303639957721031,6.282122662843241
2021-05-19 13:00:00,1.868237766843477,1.1160606753295763,2.66587601079335
2021-05-19 14:00:00,1.6192122687564674,0.4451601268184824,2.9079932110025086
2021-05-19 15:00:00,1.2033537521331465,0.3141794576205032,2.1832648400515864
2021-05-19 16:00:00,4.590266132099892,2.4858446717075395,6.7919383088863094
2021-05-19 17:00:00,10.636770578429076,5.383531327273604,13.860022772361956
2021-05-19 18:00:00,10.976943528171642,6.334742892990858,14.94594252132795
2021-05-19 19:00:00,17.250585239461877,11.650589804377136,22.19667138429308
2021-05-19 20:00:00,20.25489097815369,14.888515904683182,25.095751851772626
2021-05-19 21:00:00,24.621849213518495,18.992410789496688,29.770144696914926
2021-05-19 22:00:00,24.655559396829286,18.483823067215337,29.462376926955134
2021-05-19 23:00:00,24.254504306892688,20.17564709682632,28.203858363490546
2021-05-20 00:00:00,20.161237430654708,16.882846210353144,23.660645093420925
2021-05-20 01:00:00,22.634551310583582,19.1332161612925,25.988208072939415
2021-05-20 02:00:00,16.224261762293523,14.768659891704123,17.185396056668324
2021-05-20 03:00:00,19.197189638948746,17.726323905461324,20.25826140551984
2021-05-20 04:00:00,21.044387488607942,19.82222904022021,22.132490851120433
2021-05-20 05:00:00,9.684315756828934,7.729154667079368,12.02083056452948
2021-05-20 06:00:00,8.075561596252976,6.238538493300743,10.548193378566207
2021-05-20 07:00:00,19.41826170897799,13.265118316932147,25.86091318610258
2021-05-20 08:00:00,16.057457780627605,9.69584434868142,21.577779774662773
2021-05-20 09:00:00,11.358239695275223,8.042005739382954,13.118926794954856
2021-05-20 10:00:00,4.485556857086938,2.339983748649442,6.394780645983162
2021-05-20 11:00:00,3.679964318969252,1.3121218817359892,5.967442035248417
2021-05-20 12:00:00,3.0952195576675763,1.5629590762150702,4.790209751549766
2021-05-20 13:00:00,1.6446621159080141,0.4987944313972754,3.042229154331425
2021-05-20 14:00:00,1.483725210913803,0.3984179214096686,2.7955839859445897
2021-05-20 15:00:00,2.673128222093845,0.7325581380543551,4.684821822468739
2021-05-20 16:00:00,3.844524706880236,1.990940764645148,5.318929937995747
2021-05-20 17:00:00,8.733638601816383,3.8984490918844155,11.680252152699431
2021-05-20 18:00:00,8.304390140970803,3.958351778976528,11.002001559703885
2021-05-20 19:00:00,15.79292654102337,10.43636848845219,21.04104064340406
2021-05-20 20:00:00,17.12351335198465,12.231263783222982,21.752787125869578
2021-05-20 21:00:00,20.29683079644259,14.94530821823947,25.26655602925447
2021-05-20 22:00:00,20.864823465701388,14.986498048574465,25.790145077064942
2021-05-20 23:00:00,16.895136012340323,14.050770528131032,21.23261942568841
2021-05-21 00:00:00,17.279893715842604,14.037295707852735,20.554188432426205
2021-05-21 01:00:00,20.764786754115793,17.16776881564545,24.01025014432503
2021-05-21 02:00:00,20.3337415191019,18.999963391296138,21.303193353757827
2021-05-21 03:00:00,22.714747722693517,20.14108989790036,25.635275887811126
2021-05-21 04:00:00,20.338112537428053,19.356611537474606,21.209953719355678
2021-05-21 05:00:00,13.562945817366638,11.357310834033852,15.916626318368664
2021-05-21 06:00:00,9.117834924207003,6.1601227488217,11.95760600754251
2021-05-21 07:00:00,18.857088010174223,12.56175505722155,25.47275185367523
2021-05-21 08:00:00,16.04396472207316,9.458396333313514,21.63289885636773
2021-05-21 09:00:00,11.088126287023563,7.331925046674887,13.570424179045329
2021-05-21 10:00:00,3.511283359131324,1.7385890281533316,4.859553994773481
2021-05-21 11:00:00,3.089788978236356,1.2645624597836969,4.4341097971007875
2021-05-21 12:00:00,3.2633638520404364,1.5088696748689507,4.775550821982628
2021-05-21 13:00:00,1.6247453871593402,0.5318167664021815,2.798509439396574
2021-05-21 14:00:00,1.2010581165396723,0.22933873694876922,2.189838128978599
2021-05-21 15:00:00,1.5522957540444091,0.36786115700276084,2.5943658117048565
2021-05-21 16:00:00,1.8562594759084758,0.7355386966283054,3.466339246741216
2021-05-21 17:00:00,8.593773957263986,3.080271548611014,12.14291209490556
2021-05-21 18:00:00,7.888998435625937,3.3898824840523907,10.698417678876334
2021-05-21 19:00:00,14.409786657217298,9.297211812493613,18.484705061374143
2021-05-21 20:00:00,15.896847939661512,10.69838679516423,20.041512000182045
2021-05-21 21:00:00,18.284270480698794,12.846472389506161,22.645179405887887
2021-05-21 22:00:00,19.2398452205594,13.019444501262296,24.114499192663164
2021-05-21 23:00:00,15.771855446365558,11.937859206149986,19.289899624151033
2021-05-22 00:00:00,14.40583658289275,12.055911542029877,15.956044529527865
2021-05-22 01:00:00,20.76147380609538,19.113742212326375,22.176698553273077
2021-05-22 02:00:00,17.411460457805884,16.302590022053227,18.122795135363358
2021-05-22 03:00:00,21.875645810225134,20.845994092443,22.9427024116191
2021-05-22 04:00:00,24.348623898683996,23.374553715057022,25.27610996573079
2021-05-22 05:00:00,7.985451664817965,7.379078358544148,8.609973422799577
2021-05-22 06:00:00,4.7079296186781985,2.598381051759457,6.785801347593921
2021-05-22 07:00:00,15.84053482687074,8.537528600433914,21.764636737014253
2021-05-22 08:00:00,13.117329835975681,6.932366206354839,17.984540853954087
2021-05-22 09:00:00,6.378380713789693,3.8465537758851887,9.21275804900285
2021-05-22 10:00:00,4.82430819430832,2.9982464868302423,7.310967795357226
2021-05-22 11:00:00,4.626865617081853,2.5175126932825855,7.073118793922694
2021-05-22 12:00:00,2.8586926193367286,1.1534118037724828,4.41402319007503
2021-05-22 13:00:00,2.882414048335499,1.6451426743222928,4.279221825166586
2021-05-22 14:00:00,1.8763723739616405,0.9343509239942215,3.1180947666077974
2021-05-22 15:00:00,3.5650424459167995,1.952302634194842,5.384710861805052
2021-05-22 16:00:00,6.377435433903874,3.0033642919870087,9.881992253028892
2021-05-22 17:00:00,10.916747047588833,5.178734683726822,14.945438767802003
2021-05-22 18:00:00,8.703535491418496,4.267863021807001,11.257642199722735
2021-05-22 19:00:00,9.868841859098962,5.140674178769472,13.295463641978534
2021-05-22 20:00:00,12.799044997126959,7.251062110348513,16.496830516451272
2021-05-22 21:00:00,15.288708677610012,9.927995102132881,19.08467710621975
2021-05-22 22:00:00,10.97305110332046,8.855201983493389,12.672767154863749
2021-05-22 23:00:00,10.821082433422582,8.132822899613902,14.076282971356617
2021-05-23 00:00:00,16.042725400017588,14.017995701935101,17.90526744984559
2021-05-23 01:00:00,16.841211797264055,15.234946232141443,18.164906716152018
2021-05-23 02:00:00,22.609010981694187,21.56223075513655,23.517432777694363
2021-05-23 03:00:00,22.219015042157334,21.211029394503033,23.04161267244317
2021-05-23 04:00:00,20.622182578721116,19.580656178259545,21.395717040541154
2021-05-23 05:00:00,7.220874202014139,6.534523725156384,7.83565759959499
2021-05-23 06:00:00,3.6219663948358534,1.5579279277260303,5.658329645208
2021-05-23 07:00:00,13.223699983714162,6.609841496765117,18.595836836774478
2021-05-23 08:00:00,11.545359097302873,5.643076723452643,15.94370812188491
2021-05-23 09:00:00,3.9551068334457806,2.159948444949805,5.879238126369284
2021-05-23 10:00:00,2.351426705470139,1.0068925744525694,3.8833549642174376
2021-05-23 11:00:00,2.4259449858081545,0.9042817423702025,3.963341641953526
2021-05-23 12:00:00,1.2829167968921849,0.2798769498070935,2.343124385251028
2021-05-23 13:00:00,1.4538568203565385,0.39617721071537765,2.533127631964111
2021-05-23 14:00:00,1.8704946376319878,0.5641247304478894,3.1307280648899023
2021-05-23 15:00:00,2.583806613263964,1.255979316398555,4.1260695526562206
2021-05-23 16:00:00,4.772360516263193,2.2457537632026803,7.472307526585773
2021-05-23 17:00:00,8.16763418737738,3.609789762806832,10.948341207362674
2021-05-23 18:00:00,6.429051562265517,2.544735877828763,9.161935944095438
2021-05-23 19:00:00,8.253856076543306,3.826095269270695,11.736977405497825
2021-05-23 20:00:00,9.140797024651151,4.789557640544028,12.317724669145313
2021-05-23 21:00:00,11.035042776133276,6.5282465643716385,14.479420846575755
2021-05-23 22:00:00,7.006151739870345,5.15869533229272,8.875027945749805
2021-05-23 23:00:00,7.957968017890539,6.642116539044577,9.931558973209151
2021-05-24 00:00:00,15.892080861316527,11.47412876663931,21.582217993924296
2021-05-24 01:00:00,15.486890504511479,12.259255140829275,18.863795424099223
2021-05-24 02:00:00,10.313331614501006,9.388283796563462,10.947486306969
2021-05-24 03:00:00,19.203131905640852,18.2473397647499,20.310762386511406
2021-05-24 04:00:00,13.958213074740506,13.051561736764128,14.875470519819284
2021-05-24 05:00:00,4.71264403180861,3.9501375238167635,5.47572880510866
2021-05-24 06:00:00,6.38055257401972,2.7156398588544306,9.587504961161274
2021-05-24 07:00:00,11.975167771112954,7.287425086881712,17.105502300963682
2021-05-24 08:00:00,10.981901495538816,5.420281263255537,15.05159535678918
2021-05-24 09:00:00,6.504735147186944,3.253961616542304,8.448356061786571
2021-05-24 10:00:00,1.2605498859841184,0.2711456141264271,2.4381840849022463
2021-05-24 11:00:00,0.8168854653810184,0.08455273952605831,1.6220589710851965
2021-05-24 12:00:00,0.8865767770655326,0.001112861234196791,1.7988603227596958
2021-05-24 13:00:00,0.6958935682757954,0.0,1.4265818149653786
2021-05-24 14:00:00,0.6152044502480998,0.0,1.2611691230086028
2021-05-24 15:00:00,0.6063132206116272,0.0,1.242942102253834
2021-05-24 16:00:00,1.3609110874087005,0.3581636491244975,2.373046824153424
2021-05-24 17:00:00,4.679341185547994,1.3013622853796973,7.576407447114457
2021-05-24 18:00:00,4.1572417673463224,1.355541568327882,6.564625754667558
2021-05-24 19:00:00,8.4226191530713,4.4389843167355165,11.64016416655747
2021-05-24 20:00:00,8.912102253972883,4.779281372802452,11.908557275562424
2021-05-24 21:00:00,8.759975484859048,4.525055892939144,11.487388939117444
2021-05-24 22:00:00,10.189566248435082,5.232051920643375,13.71733479990036
2021-05-24 23:00:00,6.115167798645454,3.5613066086159995,9.435486079572039
2021-05-25 00:00:00,3.5635571048472117,1.4806448318268537,5.584078127309303
2021-05-25 01:00:00,4.668640802881095,2.272185134843059,7.104567980697872
2021-05-25 02:00:00,1.8163153350431351,1.4775068600785448,2.0401074590943598
2021-05-25 03:00:00,2.76127731095749,2.3533922249127,3.057824253493975
2021-05-25 04:00:00,3.781797608535764,3.354872296386614,4.117177051264142
2021-05-25 05:00:00,0.4389724372018287,0.3503290798986208,0.5382585279107837
2021-05-25 06:00:00,1.9577703508889779,1.1089671666981604,2.778119506953876
2021-05-25 07:00:00,11.617310031323358,6.826790931245716,15.551652638420824
2021-05-25 08:00:00,12.928333415823202,6.879755287792509,18.07779278628558
2021-05-25 09:00:00,9.53129431303073,5.705040889438512,12.32752250154404
2021-05-25 10:00:00,2.587901657262089,1.1693500133512298,4.0587712864706305
2021-05-25 11:00:00,1.8576886806964088,0.4729473025361999,3.240915482657262
2021-05-25 12:00:00,1.3388998433262296,0.13940580208823045,2.5445434999278813
2021-05-25 13:00:00,0.8224574308980487,0.0,1.6660320886672948
2021-05-25 14:00:00,0.657752078129619,0.0,1.3483917601657172
2021-05-25 15:00:00,0.5880025914741035,0.0,1.2054053125219104
2021-05-25 16:00:00,1.382467191990542,0.31104798631443303,2.3380755854641664
2021-05-25 17:00:00,5.270452280457794,1.393772084709704,8.286868570626867
2021-05-25 18:00:00,4.614250357081702,1.648491445354042,6.935781713408771
2021-05-25 19:00:00,8.585940217949206,4.459027686679784,11.907864825324788
2021-05-25 20:00:00,7.8471021546426885,3.9693184822162375,10.676781069548383
2021-05-25 21:00:00,7.4298961485543575,3.513878735754956,10.08027622489677
2021-05-25 22:00:00,7.662102548423968,3.1142939899503683,10.62971154553237
2021-05-25 23:00:00,4.45964028411138,2.3180843717484407,6.935514669355686
2021-05-26 00:00:00,2.927612160540491,0.7590040059482221,4.611859766976312
2021-05-26 01:00:00,2.470524095600022,0.714211260637732,4.19076137417685
2021-05-26 02:00:00,1.0789795250370189,0.7759759297651219,1.3490930163151231
2021-05-26 03:00:00,1.9748740737749857,1.5272085728527007,2.317261997981542
2021-05-26 04:00:00,4.335680118842441,2.7917046445775884,6.006965601159149
2021-05-26 05:00:00,2.8654005172918366,2.4397930422423304,3.338278296569053
2021-05-26 06:00:00,4.040125958717366,2.9640234004024,5.096277198319828
2021-05-26 07:00:00,14.828851418508853,9.125367054190924,19.587292463699274
2021-05-26 08:00:00,17.740549465905474,11.268101428306396,23.852016984155906
2021-05-26 09:00:00,11.719345668397715,8.19618696056116,14.035630359484651
2021-05-26 10:00:00,3.401084340883444,1.6225619538801566,5.075715813725238
2021-05-26 11:00:00,1.7954229497124223,0.23843038917364348,3.1281271302896636
2021-05-26 12:00:00,1.9901160925943673,0.5225276552597314,3.256912453313802
2021-05-26 13:00:00,1.6940353929593344,0.27750598509336477,3.018293796380376
2021-05-26 14:00:00,1.2597275590840444,0.0,2.519455118168089
2021-05-26 15:00:00,1.2374035396232987,0.0,2.4748070792465975
2021-05-26 16:00:00,1.1720169994897116,0.4472389087245856,2.1193005146734647
2021-05-26 17:00:00,7.148048845780877,2.6265963711910176,10.41442536688056
2021-05-26 18:00:00,6.528192643616208,2.677278434932993,8.637450663077145
2021-05-26 19:00:00,12.245114452404612,7.502994096013435,16.127556991360642
2021-05-26 20:00:00,13.086802224505442,8.410190764570347,16.93359252910609
2021-05-26 21:00:00,13.942674590327945,9.17137440466492,17.8982983158655
2021-05-26 22:00:00,13.320479533881176,7.748851362087667,17.499925674060208
2021-05-26 23:00:00,9.894301661294916,6.405367372012344,13.20264370784535
2021-05-27 00:00:00,9.78562136710908,6.8438439134248,12.5147521229877
2021-05-27 01:00:00,12.111349814112417,8.888606435911498,14.901205017562217
2021-05-27 02:00:00,11.110063690229326,9.641695320880928,12.70128244457243
2021-05-27 03:00:00,10.771975906600876,9.457470856497984,12.24905601390586
2021-05-27 04:00:00,10.990192459200923,9.628953594376087,12.33796028415959
2021-05-27 05:00:00,6.435854610366769,5.957657459110262,6.8493054105399125
2021-05-27 06:00:00,8.015315831794135,6.0367820361601305,10.353274176343652
2021-05-27 07:00:00,18.81410808682172,11.863823740179877,24.875782999113653
2021-05-27 08:00:00,17.8141164906346,11.74280532664684,23.664967758046675
2021-05-27 09:00:00,12.831714676098427,9.75753761816923,15.640430449090573
2021-05-27 10:00:00,7.050337112581237,5.567833358917832,9.28276534185779
2021-05-27 11:00:00,8.583207296921339,7.517650374329035,10.045653346568235
2021-05-27 12:00:00,7.435173295694593,6.01810438496438,8.83212838670812
2021-05-27 13:00:00,5.790082021343774,4.626295499873842,7.096517938946789
2021-05-27 14:00:00,8.597957138769877,6.208487061965608,10.724937237548133
2021-05-27 15:00:00,7.378949568599566,4.539139774017402,9.238101156915008
2021-05-27 16:00:00,5.555475515609909,3.5444528328230294,7.452861208957131
2021-05-27 17:00:00,10.540676761488028,5.389013924561047,13.4211082461056
2021-05-27 18:00:00,13.205955817785958,7.847117182539925,18.368462447490593
2021-05-27 19:00:00,13.549731353744775,8.744750086327434,17.648494705044474
2021-05-27 20:00:00,12.96313399161166,8.752638936876465,16.50379019504972
2021-05-27 21:00:00,13.063920940458727,8.386824299125097,16.619397387251322
2021-05-27 22:00:00,11.540659820085626,6.521380385430851,15.37844708378563
2021-05-27 23:00:00,7.29276714173429,4.464423064283176,9.948420383836998
2021-05-28 00:00:00,6.472232305388988,3.7879238117959986,9.849415498137786
2021-05-28 01:00:00,6.380335416313461,3.9668723425892476,9.31746801107245
2021-05-28 02:00:00,5.629740357932593,3.820850306770228,7.579273655565794
2021-05-28 03:00:00,6.3231365093960195,4.958348984440126,7.714854256089148
2021-05-28 04:00:00,4.379408434220619,3.852827449445558,4.880880136147042
2021-05-28 05:00:00,2.3981769681453153,0.8658369095479881,4.044292868758576
2021-05-28 06:00:00,3.016771959015608,1.7788132333167028,4.392641309833665
2021-05-28 07:00:00,12.081070009428444,7.593498269480657,16.655613485432305
2021-05-28 08:00:00,11.41113116508106,6.006975183201751,15.668807409011107
2021-05-28 09:00:00,8.960332827159116,5.123519146363046,11.350841878754443
2021-05-28 10:00:00,2.768070248094119,1.2929979746398892,4.214572578337631
2021-05-28 11:00:00,1.8145202797015274,0.44943459264680924,3.032885018000774
2021-05-28 12:00:00,1.7748350884427293,0.425657725200533,2.929964556244096
2021-05-28 13:00:00,0.9288792729603814,0.11641777195978778,1.82048358482636
2021-05-28 14:00:00,0.869824077677896,0.0401433503053538,1.7399962031825766
2021-05-28 15:00:00,0.8855970965437686,0.0,1.8092012244350484
2021-05-28 16:00:00,1.5390619869326703,0.611386223120069,2.8154576638588633
2021-05-28 17:00:00,6.587838308372794,2.39439722087533,9.628800369502322
2021-05-28 18:00:00,4.794661848270855,1.6843030270091164,7.029012606909192
2021-05-28 19:00:00,8.269954718720678,3.858674161934346,11.505592803147044
2021-05-28 20:00:00,7.799449810568774,3.838653103905929,10.533769274687938
2021-05-28 21:00:00,8.463729938180293,4.109941224461856,11.307200071553751
2021-05-28 22:00:00,8.92164184385917,4.308967072793645,12.112180298228097
2021-05-28 23:00:00,6.387620814569229,4.216981620941521,9.33129242917881
2021-05-29 00:00:00,3.8126665338624366,2.667926877647249,5.191991740696165
2021-05-29 01:00:00,4.29843815137084,3.370734230264526,5.224579502265285
2021-05-29 02:00:00,5.478456436225688,4.9340351082148555,5.8847397519575075
2021-05-29 03:00:00,2.5761280007162424,2.187872212562045,2.900758380184257
2021-05-29 04:00:00,7.998835095793587,7.154740621325127,8.585689482814551
2021-05-29 05:00:00,0.5680675446520272,0.4836416208124508,0.67118603041356
2021-05-29 06:00:00,1.9660505223321734,0.4870911716985896,3.48435984665566
2021-05-29 07:00:00,10.0593500964169,4.162615759627268,14.721182206390067
2021-05-29 08:00:00,6.323257195837437,2.2098168519591965,9.250250574030472
2021-05-29 09:00:00,2.0498784824066427,0.8358413332256321,3.273161953583666
2021-05-29 10:00:00,1.5387970620419875,0.495793154863335,2.7410890830512944
2021-05-29 11:00:00,1.7120774931419158,0.5595900681964121,2.7779702004612745
2021-05-29 12:00:00,0.7410706875606096,0.06310979043846558,1.4623192400238991
2021-05-29 13:00:00,0.5880902859534461,0.0,1.205585086204563
2021-05-29 14:00:00,0.6540297305910711,0.0,1.3362356931198331
2021-05-29 15:00:00,0.5788824277779545,0.0,1.207185337983153
2021-05-29 16:00:00,1.9599619732226734,0.8558112369232371,3.068504134147248
2021-05-29 17:00:00,4.99031554082038,1.4270376553508415,7.811590943241806
2021-05-29 18:00:00,3.6668462442060585,0.7989689113432843,5.835780457603201
2021-05-29 19:00:00,6.152798903799773,2.8773832093075167,8.43235005647346
2021-05-29 20:00:00,6.837031828726139,3.273769984631819,9.27525340190153
2021-05-29 21:00:00,9.186737752930132,4.876000647972636,12.047763335505033
2021-05-29 22:00:00,4.470510307435565,2.6135185870668716,6.251463444776329
2021-05-29 23:00:00,4.58530859396176,2.5440996822002675,6.33114535794839
2021-05-30 00:00:00,4.324185489339071,3.205187688123594,5.985491534925974
2021-05-30 01:00:00,4.2015199558719125,3.199427484324035,5.1447059426413215
2021-05-30 02:00:00,4.276268906319376,3.870731370550703,4.582881688419151
2021-05-30 03:00:00,4.734989422300495,4.259766860268262,5.076216590800092
2021-05-30 04:00:00,4.748303858168285,4.30027318255719,5.05088879475482
2021-05-30 05:00:00,0.16497482850332176,0.1280158869763794,0.19839857595115293
2021-05-30 06:00:00,0.0,0.0,0.0
2021-05-30 07:00:00,8.857142470390942,3.574157132125307,13.146548750313144
2021-05-30 08:00:00,6.065839192168795,2.073245663561713,9.025093420389977
2021-05-30 09:00:00,2.1234511622415244,0.8933614186972388,3.449541422977515
2021-05-30 10:00:00,1.2161602852896007,0.06300646334739542,2.3698692103432086
2021-05-30 11:00:00,1.315209376335523,0.16952318471276515,2.4369560486349804
2021-05-30 12:00:00,0.5752043217388199,0.0,1.2513299868388
2021-05-30 13:00:00,0.573130365271436,0.0,1.174917248806442
2021-05-30 14:00:00,0.5098054825130429,0.0,1.0451012391517365
2021-05-30 15:00:00,0.5541235011890698,0.0,1.1528242290399773
2021-05-30 16:00:00,1.6055320742110284,0.6206633985186812,2.4639720894834376
2021-05-30 17:00:00,4.744565790281458,0.8588872922003363,7.683247004219983
2021-05-30 18:00:00,4.1595942582752325,1.039083063160064,6.5373059608651936
2021-05-30 19:00:00,6.136704255925336,2.5801231765676294,8.481570326412257
2021-05-30 20:00:00,7.346045969156416,3.3799814884372408,10.320605969757771
2021-05-30 21:00:00,8.852827235953834,4.191734460647159,12.170291769672856
2021-05-30 22:00:00,3.3614285791857683,1.8031403504655956,4.563617614600034
2021-05-30 23:00:00,3.2916231500740096,2.2032973793532116,4.588925806309096
2021-05-31 00:00:00,6.69575754705729,3.3395687069644597,10.195176000319607
2021-05-31 01:00:00,5.243576669866345,2.4494911499021637,7.534367100144921
2021-05-31 02:00:00,3.037687728233488,2.072084738247481,4.281536068501073
2021-05-31 03:00:00,3.5238162791479657,2.503994909504015,4.714010593728884
2021-05-31 04:00:00,5.021196575785744,3.887701599056137,6.1700856706750695
2021-05-31 05:00:00,0.8611136819905599,0.0,1.7652830480806454
2021-05-31 06:00:00,1.6691399305324084,0.5977299714938007,2.9128319468429913
2021-05-31 07:00:00,7.461916715302595,4.854921917447227,10.847879013605597
2021-05-31 08:00:00,7.12556923296578,2.401282785510853,10.51627974908496
2021-05-31 09:00:00,3.2884147695482806,0.528406672592449,5.789159051407716
2021-05-31 10:00:00,0.04211337229829676,0.0,0.08422674459659352
2021-05-31 11:00:00,0.029597326083675397,0.0,0.05919465216735079
2021-05-31 12:00:00,0.8341143629206187,0.010354593921852891,1.7001327000728612
2021-05-31 13:00:00,0.46490816700395465,0.0,0.9530617423581057
2021-05-31 14:00:00,0.47198017320974545,0.0,0.9675593550799768
2021-05-31 15:00:00,0.48712764645347256,0.0,0.9986116752296174
2021-05-31 16:00:00,0.0,0.0,0.0
2021-05-31 17:00:00,3.346720288579252,0.03512656817157188,6.070529597589964
2021-05-31 18:00:00,2.872453731030129,0.17524234400886918,5.178910882712832
2021-05-31 19:00:00,5.112989374120203,1.9751809773192242,7.64610875778292
2021-05-31 20:00:00,5.59428966525817,2.54671076519547,7.730450616673567
2021-05-31 21:00:00,6.42081818101621,2.875693538849866,8.583806505986178
2021-05-31 22:00:00,6.702509475264255,2.374026796250285,9.56444107480844
2021-05-31 23:00:00,4.0252949437522965,1.934420632486578,6.308323316916642
2021-06-01 00:00:00,0.2355584180128797,0.17883524353547584,0.300566444759735
2021-06-01 01:00:00,0.44930770181198204,0.32361887218384905,0.6171434363057557
2021-06-01 02:00:00,0.82707608941602,0.6111820930133658,1.0859175344939116
2021-06-01 03:00:00,1.0015331641502305,0.7473025738853367,1.2558116871888472
2021-06-01 04:00:00,0.7033387692650858,0.46035796459012873,0.9153442923279754
2021-06-01 05:00:00,0.0,0.0,0.0
2021-06-01 06:00:00,0.2236978497368153,0.0,0.4473956994736306
2021-06-01 07:00:00,2.070993548563225,1.0404486235518426,3.5239603995551962
2021-06-01 08:00:00,0.6220946607611485,0.20929634205861197,1.1595236108179738
2021-06-01 09:00:00,0.1771630114501422,0.0,0.5314890343504266
2021-06-01 10:00:00,0.0,0.0,0.0
2021-06-01 11:00:00,0.0,0.0,0.0
2021-06-01 12:00:00,0.0,0.0,0.0
2021-06-01 13:00:00,0.0,0.0,0.0
2021-06-01 14:00:00,0.0,0.0,0.0
2021-06-01 15:00:00,0.0,0.0,0.0
2021-06-01 16:00:00,0.0,0.0,0.0
2021-06-01 17:00:00,0.34817660590955013,0.0,1.0445298177286504
2021-06-01 18:00:00,0.16197197199606284,0.0,0.3261882216124133
2021-06-01 19:00:00,0.2300426371108939,0.03830075618240724,0.5771406805945803
2021-06-01 20:00:00,0.5953421684279714,0.2130902502450629,1.0257612161790468
2021-06-01 21:00:00,0.6995482372394335,0.25609358341594196,1.2270574621797015
2021-06-01 22:00:00,0.5376839661283703,0.07431278673975938,0.9844558274786226
2021-06-01 23:00:00,0.6028417855580722,0.04513742130951542,1.2065440914961945
2021-06-02 00:00:00,0.0643122132886933,0.0,0.1286244265773866
2021-06-02 01:00:00,0.7651469993597515,0.5152416254170917,1.118435030107944
2021-06-02 02:00:00,1.7892293917451547,1.3881193253824697,2.1075053510714765
2021-06-02 03:00:00,1.7956883582154806,1.4900075194683557,2.0131012137361752
2021-06-02 04:00:00,3.3394427594371217,3.0422121102380175,3.568200556265821
2021-06-02 05:00:00,0.0014657597499913868,0.0,0.0029315194999827736
2021-06-02 06:00:00,0.15878037749344528,0.0,0.31756075498689057
2021-06-02 07:00:00,1.697292662680172,0.7678421951564264,2.746373248179828
2021-06-02 08:00:00,0.5585106381461509,0.07872302789127937,1.4204165205803656
2021-06-02 09:00:00,0.409328303378989,0.0,1.2279849101369669
2021-06-02 10:00:00,0.0,0.0,0.0
2021-06-02 11:00:00,0.0,0.0,0.0
2021-06-02 12:00:00,0.0,0.0,0.0
2021-06-02 13:00:00,0.0,0.0,0.0
2021-06-02 14:00:00,0.0,0.0,0.0
2021-06-02 15:00:00,0.0,0.0,0.0
2021-06-02 16:00:00,0.0,0.0,0.0
2021-06-02 17:00:00,0.02766876140698583,0.0,0.0830062842209575
2021-06-02 18:00:00,0.0,0.0,0.0
2021-06-02 19:00:00,0.0,0.0,0.0
2021-06-02 20:00:00,0.15195890322912914,0.020171198647064167,0.2668275190958856
2021-06-02 21:00:00,0.7353726251112235,0.2551399595811521,1.3213240474193853
2021-06-02 22:00:00,0.7502317494495626,0.09926672627229931,1.34352253149548
2021-06-02 23:00:00,0.6791377615214707,0.06390570518374432,1.3167643653869354
2021-06-03 00:00:00,0.35551974312704976,0.21181471274570648,0.5498991160960688
2021-06-03 01:00:00,0.3264857639991537,0.2003319563234053,0.4726578887364347
2021-06-03 02:00:00,0.22402940719270187,0.16035579531037272,0.3007912459651387
2021-06-03 03:00:00,0.7487951069904978,0.49935063538569563,0.9890636764761837
2021-06-03 04:00:00,1.1967142726673055,0.8075285608063245,1.5073848472186877
2021-06-03 05:00:00,0.0,0.0,0.0
2021-06-03 06:00:00,0.09591612050836612,0.0,0.19183224101673224
2021-06-03 07:00:00,1.0879876557980137,0.42255289730988244,1.7256973070295314
2021-06-03 08:00:00,0.28863405976545303,0.055673769889681944,0.7016645581217973
2021-06-03 09:00:00,0.38393044989949876,0.0,1.1517913496984964
2021-06-03 10:00:00,0.0,0.0,0.0
2021-06-03 11:00:00,0.0,0.0,0.0
2021-06-03 12:00:00,0.0,0.0,0.0
2021-06-03 13:00:00,0.0,0.0,0.0
2021-06-03 14:00:00,0.0,0.0,0.0
2021-06-03 15:00:00,0.0,0.0,0.0
2021-06-03 16:00:00,0.0,0.0,0.0
2021-06-03 17:00:00,0.2015885147700327,0.0,0.6047655443100982
2021-06-03 18:00:00,0.6119594579482274,0.227385606686116,1.0008535920137953
2021-06-03 19:00:00,0.7298849271293091,0.24619153583338624,1.2201277405367528
2021-06-03 20:00:00,1.0641679660535768,0.3657074626979091,1.8023040815107716
2021-06-03 21:00:00,1.196948573395285,0.45986118514688296,2.042891256649073
2021-06-03 22:00:00,0.7569472906368043,0.14693358693351624,1.4607207504062092
2021-06-03 23:00:00,1.0869889313321681,0.4112298587702374,1.82224403699874
2021-06-04 00:00:00,0.8481544413151033,0.5379593730994672,1.2291129564189347
2021-06-04 01:00:00,1.5517611016673256,1.070274955070624,1.9365302116447185
2021-06-04 02:00:00,2.212891913296764,1.7290706024994296,2.590292554238793
2021-06-04 03:00:00,2.9801437575100973,2.590855313406105,3.2441156806828855
2021-06-04 04:00:00,4.065534741274105,3.6169361306805192,4.386628754383263
2021-06-04 05:00:00,0.02420798806355971,0.0,0.04106985029146413
2021-06-04 06:00:00,0.20070568844046735,0.0,0.4014113768809347
2021-06-04 07:00:00,2.2921670786352655,1.1485549740522438,3.6829694575665926
2021-06-04 08:00:00,0.8149687733730067,0.28631044215565016,1.701004984260333
2021-06-04 09:00:00,0.660930704238009,0.06161433625587825,1.8010298207591862
2021-06-04 10:00:00,0.0626043780237369,0.0,0.1252087560474738
2021-06-04 11:00:00,0.0844607601392694,0.0,0.1689215202785388
2021-06-04 12:00:00,0.0005406351669380707,0.0,0.0010812703338761414
2021-06-04 13:00:00,0.0,0.0,0.0
2021-06-04 14:00:00,0.0,0.0,0.0
2021-06-04 15:00:00,0.0,0.0,0.0
2021-06-04 16:00:00,0.0,0.0,0.0
2021-06-04 17:00:00,0.24147108391937142,0.0,0.7244132517581143
2021-06-04 18:00:00,0.596633270472066,0.2830184297486309,0.9874781101477261
2021-06-04 19:00:00,0.9057535317750418,0.2292716335367148,1.8587134892933606
2021-06-04 20:00:00,1.2153248681740882,0.4594385877832091,2.140788564257175
2021-06-04 21:00:00,1.7845918968122882,0.776693397461028,3.0155177673116618
2021-06-04 22:00:00,1.5078510473035749,0.6586933938815431,2.292845985085414
2021-06-04 23:00:00,2.0623544410644272,1.4108437779855743,2.9646882231590324
2021-06-05 00:00:00,1.2632236403577066,0.8608290777254406,1.7977062750922908
2021-06-05 01:00:00,1.9139126841510212,1.5261429583243065,2.3668922978623232
2021-06-05 02:00:00,1.5226616166376974,1.2686330471327354,1.7974064290629799
2021-06-05 03:00:00,1.5929314751746644,1.303076759651031,1.8389086257190657
2021-06-05 04:00:00,1.6833664266010293,1.4268313823573087,1.9303108650240643
2021-06-05 05:00:00,0.09442395601260906,0.03891209151458379,0.1424636748113441
2021-06-05 06:00:00,0.18268962548336856,0.11061877335969549,0.2625783397611867
2021-06-05 07:00:00,2.0404217332129684,0.31953494812049776,3.5124512853617422
2021-06-05 08:00:00,1.3272548724757833,0.529302510325521,2.089346293965969
2021-06-05 09:00:00,2.0011761227226867,0.6803705928758478,3.9998363771585956
2021-06-05 10:00:00,1.1495097410316761,0.28498618311406104,2.7594033604798813
2021-06-05 11:00:00,0.9672786177792471,0.05615287827582201,2.7352718776551326
2021-06-05 12:00:00,0.0,0.0,0.0
2021-06-05 13:00:00,0.5165328519480388,0.0,1.5495985558441163
2021-06-05 14:00:00,0.4482721407330771,0.04669458275365071,1.2312709687115457
2021-06-05 15:00:00,0.5042167849011177,0.07949648425030387,1.2841800145893012
2021-06-05 16:00:00,1.582940864893075,0.045186181534308895,3.5495798766749522
2021-06-05 17:00:00,2.170919957789584,1.0320532126088438,3.950322012443126
2021-06-05 18:00:00,1.178104210657786,0.16295887731791936,2.38432330288688
2021-06-05 19:00:00,1.5610319562570587,0.23731953996880364,3.3150716766880124
2021-06-05 20:00:00,1.7581942875348502,0.5498515211345905,3.686452111390611
2021-06-05 21:00:00,1.8223065173214879,0.6780220205462536,3.6788766606741903
2021-06-05 22:00:00,1.227680500723683,0.912322958507038,1.4756022761109266
2021-06-05 23:00:00,2.0853690373476033,1.4654686585053083,2.6928450309105525
2021-06-06 00:00:00,2.977819919522328,2.680281226525912,3.3106621263457052
2021-06-06 01:00:00,3.3111112318967226,2.9568525673682067,3.789049641371768
2021-06-06 02:00:00,3.6402999687324105,3.2710720898898713,4.142956958026851
2021-06-06 03:00:00,3.492371226697803,3.127660927217391,3.947300296065335
2021-06-06 04:00:00,3.9354739626901067,3.647406200795481,4.2966487893679615
2021-06-06 05:00:00,0.15736106366518918,0.1027394454324745,0.22574772202093754
2021-06-06 06:00:00,0.4253130521934024,0.2933550738339707,0.5563732826490497
2021-06-06 07:00:00,2.4592880545958096,0.5605877080764503,4.171349679792872
2021-06-06 08:00:00,1.2319626775958161,0.45897506377888647,2.1238158704534977
2021-06-06 09:00:00,2.0869324376394474,0.9576618539251042,3.6767154850866888
2021-06-06 10:00:00,1.0102829345176074,0.24940909119740173,2.3747571308485504
2021-06-06 11:00:00,0.7342556382401243,0.16306105039930002,1.719414473333228
2021-06-06 12:00:00,0.020646250601438036,0.0,0.04129250120287607
2021-06-06 13:00:00,0.6407707136395598,0.27404374514743496,1.284733252945578
2021-06-06 14:00:00,0.4175861809610011,0.19012033138125217,0.8525052136593144
2021-06-06 15:00:00,0.48797438832641155,0.19504715542404263,1.0532975746128295
2021-06-06 16:00:00,1.433077702202307,0.2933548342854427,2.9462692151475403
2021-06-06 17:00:00,1.975310215447286,0.9444040465401592,3.5990782059859567
2021-06-06 18:00:00,0.8646032500545899,0.2331173327796639,1.6314782032007087
2021-06-06 19:00:00,1.5177307639314968,0.6759465356374174,2.7437444703185085
2021-06-06 20:00:00,2.2545191792248596,1.2895899395920338,3.851841724937241
2021-06-06 21:00:00,2.574008740595252,1.6204018076569389,4.010985028518489
2021-06-06 22:00:00,2.4104682219979208,1.7279960311020433,3.1301295436208303
2021-06-06 23:00:00,1.9022692987870755,1.4390589727831045,2.3874477353541237
2021-06-07 00:00:00,2.8038515143666243,2.2342922961890683,3.28036554457109
2021-06-07 01:00:00,3.522531347168192,3.1067779494225567,3.8218100483541035
2021-06-07 02:00:00,3.8948369715088424,3.5126836354107875,4.205715940089386
2021-06-07 03:00:00,4.12151488725471,3.735880993851541,4.429932361390854
2021-06-07 04:00:00,5.27931596518145,4.945861911055416,5.613890409688398
2021-06-07 05:00:00,4.800064131147717,4.411505733088271,5.144358705838761
2021-06-07 06:00:00,1.81258750223945,1.1954562125334562,2.4279707242990094
2021-06-07 07:00:00,5.973791003518398,3.142883627053562,9.129510781345864
2021-06-07 08:00:00,2.247464843184641,1.218150987750114,3.761139956640262
2021-06-07 09:00:00,1.4844184622458572,0.7003436560670236,2.807029825797227
2021-06-07 10:00:00,0.22765588979779242,0.034425047193214285,0.4277970342978364
2021-06-07 11:00:00,0.2892309893404504,0.0,0.5784619786809008
2021-06-07 12:00:00,0.07356117398493865,0.0,0.1471223479698773
2021-06-07 13:00:00,0.0,0.0,0.0
2021-06-07 14:00:00,0.0,0.0,0.0
2021-06-07 15:00:00,0.0,0.0,0.0
2021-06-07 16:00:00,0.2332968506789982,0.0,0.4665937013579964
2021-06-07 17:00:00,1.1636085432742609,0.32979275793759344,2.491094016268211
2021-06-07 18:00:00,2.327593645116504,1.0796523718255187,3.9662183172962475
2021-06-07 19:00:00,1.482892419522279,0.6249978121235275,2.45569756381535
2021-06-07 20:00:00,2.000364888561473,1.1012637483278085,3.106009417403609
2021-06-07 21:00:00,4.479216615572069,3.390011274633026,5.966365132616229
2021-06-07 22:00:00,5.821672597883854,4.558517774578663,6.923574662160929
2021-06-07 23:00:00,5.916084660017131,4.980493806712611,6.893769937135962
2021-06-08 00:00:00,5.448198963552345,4.950767244885902,5.931771907024909
2021-06-08 01:00:00,6.941986589058985,6.495187651400938,7.35312044148211
2021-06-08 02:00:00,10.162757365105826,9.625489643015037,10.643944984811132
2021-06-08 03:00:00,11.074345587297655,10.667112074284091,11.37205840267416
2021-06-08 04:00:00,11.588224516685525,11.111415386214674,11.934162118783112
2021-06-08 05:00:00,3.3793992721621913,3.0451787776134145,3.6033477443103727
2021-06-08 06:00:00,1.3138046986219618,0.742234528108154,1.959978409171268
2021-06-08 07:00:00,6.104860189055198,3.1272598479599925,8.960998664796776
2021-06-08 08:00:00,2.8705055267012325,1.6529255279675272,4.560676065003801
2021-06-08 09:00:00,2.8405488117268063,1.7990174431442065,4.081927701960668
2021-06-08 10:00:00,1.2996185456119786,0.5154238378899274,2.150980592727621
2021-06-08 11:00:00,0.15794791642407013,0.0,0.31589583284814027
2021-06-08 12:00:00,0.36512016472862147,0.0,0.7302403294572429
2021-06-08 13:00:00,0.1866561268165477,0.022285326567113458,0.3733122536330954
2021-06-08 14:00:00,0.02712243875272963,0.0,0.05424487750545926
2021-06-08 15:00:00,0.05142328493721856,0.0,0.10284656987443712
2021-06-08 16:00:00,0.38649502965153115,0.0,0.7729900593030623
2021-06-08 17:00:00,1.3614513854146841,0.4032471426412049,2.6965502374296606
2021-06-08 18:00:00,2.8942310129671287,1.507220112988929,4.4759277602626915
2021-06-08 19:00:00,2.5403541851398663,1.6239875320745913,3.775589116130524
2021-06-08 20:00:00,2.8163714907946837,1.6549610276236086,4.0159252445621245
2021-06-08 21:00:00,3.5959434187524266,2.2112027356661366,4.957800533818155
2021-06-08 22:00:00,3.323684484295804,2.2832822851924885,4.368299109236605
2021-06-08 23:00:00,3.418999997611917,2.529279645613795,4.275514629684034
2021-06-09 00:00:00,3.7057696611128295,3.3550594405569343,4.147211036248368
2021-06-09 01:00:00,4.868331164324759,4.381233772017804,5.24761009085996
2021-06-09 02:00:00,5.403539910646023,5.027442279475427,5.8255154147651185
2021-06-09 03:00:00,4.927769502462981,4.510676084391408,5.322369567420477
2021-06-09 04:00:00,5.696559945984696,5.362844991312421,6.127394386043065
2021-06-09 05:00:00,5.143613782961913,4.847929969586441,5.447464740664152
2021-06-09 06:00:00,3.013926773080801,2.3019861287009733,3.5437940336463654
2021-06-09 07:00:00,7.357781615149045,4.599511062001048,10.21568923253064
2021-06-09 08:00:00,3.249200644478812,1.9452637846573775,5.039652191278003
2021-06-09 09:00:00,3.1203627363890525,1.9924799459472202,4.598056810772039
2021-06-09 10:00:00,1.5714645955308904,0.8288324847616955,2.437006095806298
2021-06-09 11:00:00,0.9928237348623334,0.38204054189345177,1.6289844213026485
2021-06-09 12:00:00,0.4644997007993973,0.13639043082673763,0.7596206115237725
2021-06-09 13:00:00,0.04631185343722028,0.01180069452642818,0.0818705893671245
2021-06-09 14:00:00,0.0,0.0,0.0
2021-06-09 15:00:00,0.14018237208536863,0.030622904804438973,0.27199163746341226
2021-06-09 16:00:00,0.5663761554507174,0.10736029918203017,1.0256361161001852
2021-06-09 17:00:00,1.4764294686274246,0.5355547284205949,2.932014896090465
2021-06-09 18:00:00,2.502561066296309,1.1885998333209122,4.1200162788859345
2021-06-09 19:00:00,1.4939508907026504,0.7510988658554691,2.383104256633895
2021-06-09 20:00:00,2.209161563870093,1.0854628307288874,3.4294784201487536
2021-06-09 21:00:00,2.8938259359924268,1.7240576871456994,4.300192186653134
2021-06-09 22:00:00,3.1777876403891394,2.154998664195265,4.389379531428848
2021-06-09 23:00:00,4.21798164098589,3.1494894575828303,5.109526714404295
2021-06-10 00:00:00,5.086278622887492,4.584503409873992,5.624183806320264
2021-06-10 01:00:00,5.305441491066145,4.834207861107944,5.695482860628162
2021-06-10 02:00:00,8.62352679306888,8.050834202442394,9.02232957776168
2021-06-10 03:00:00,8.53950227270318,8.088582282271185,8.885762685819307
2021-06-10 04:00:00,9.020010979199641,8.56648379922044,9.361153556193297
2021-06-10 05:00:00,0.59866269253954,0.4491709642554508,0.7378433580198523
2021-06-10 06:00:00,0.7693128157386413,0.22567646028878133,1.4222581337125462
2021-06-10 07:00:00,5.04691076752257,2.4467313015817953,7.337829498584102
2021-06-10 08:00:00,2.4867353816560516,1.4163990888746791,3.9060650557727628
2021-06-10 09:00:00,2.4448187075184813,1.6196079884049497,3.499218517914455
2021-06-10 10:00:00,0.7396224220236517,0.2780562504147912,1.3662122636924228
2021-06-10 11:00:00,0.17907069892819302,0.0,0.35814139785638605
2021-06-10 12:00:00,0.6031698205605154,0.143304324711447,1.2063396411210308
2021-06-10 13:00:00,0.14952514915755555,0.0,0.2990502983151111
2021-06-10 14:00:00,0.0,0.0,0.0
2021-06-10 15:00:00,0.11847419012112784,0.0,0.23694838024225567
2021-06-10 16:00:00,0.6435049665635902,0.1963981266682107,1.0921992161709921
2021-06-10 17:00:00,1.4836382156711798,0.5432990537411233,2.877751909112434
2021-06-10 18:00:00,2.737247282858039,1.4484032080010616,4.214432663840066
2021-06-10 19:00:00,2.1484408463427997,1.1500295751103458,3.3570411089876067
2021-06-10 20:00:00,2.795012934367757,1.6860121483468031,4.23612283141003
2021-06-10 21:00:00,4.131096505519944,2.8324407668969247,5.507319770909783
2021-06-10 22:00:00,2.5811737384671805,1.7779672003676092,3.5349925103719757
2021-06-10 23:00:00,2.9499138067590653,2.057283554827214,3.848354936673402
2021-06-11 00:00:00,2.6987402251544568,2.2381471674919817,3.1609493951428855
2021-06-11 01:00:00,3.320369004927579,2.7128383072188775,3.8784085351703337
2021-06-11 02:00:00,3.597983496976531,3.055368428654366,4.028895080670286
2021-06-11 03:00:00,5.376996262681326,4.9127334349962615,5.765000254853028
2021-06-11 04:00:00,6.58165031234781,6.2209580301218645,6.873663550324251
2021-06-11 05:00:00,0.10989799254605664,0.057422203468694144,0.17148335357252745
2021-06-11 06:00:00,0.7676277757142693,0.22983306439195153,1.4219265569480162
2021-06-11 07:00:00,4.83708888249536,2.58334815906144,7.185124920638987
2021-06-11 08:00:00,1.6112537651709866,0.7903637064208321,2.67886700377126
2021-06-11 09:00:00,0.9074190421889654,0.4753915937750234,1.5791313061643273
2021-06-11 10:00:00,0.16174219486874755,0.0,0.3234843897374951
2021-06-11 11:00:00,0.10859917025340722,0.0,0.21719834050681444
2021-06-11 12:00:00,0.11646611010273555,0.0,0.2329322202054711
2021-06-11 13:00:00,0.0,0.0,0.0
2021-06-11 14:00:00,0.0,0.0,0.0
2021-06-11 15:00:00,0.0,0.0,0.0
2021-06-11 16:00:00,0.29347309221574375,0.0,0.5869461844314875
2021-06-11 17:00:00,0.692156419614112,0.2313452800938528,1.387914035361795
2021-06-11 18:00:00,1.157738564175579,0.5023491341736805,1.9199878100843628
2021-06-11 19:00:00,0.6842267684737385,0.30205841526679333,1.0955835159091578
2021-06-11 20:00:00,1.6736548297108818,0.7595713019647826,2.6089918841003312
2021-06-11 21:00:00,3.4757336498566693,1.9349643193240955,5.055583907984987
2021-06-11 22:00:00,3.2438910881920084,2.2513979942943854,4.174322223661881
2021-06-11 23:00:00,3.4196725583369894,2.6578250857376764,4.4108516663142625
2021-06-12 00:00:00,3.132342233533411,2.618868862067909,3.6193655086320238
2021-06-12 01:00:00,7.606943569209481,6.6290604692135835,8.479678938952896
2021-06-12 02:00:00,7.764962227233704,7.163728387857962,8.422396980192826
2021-06-12 03:00:00,9.68719336141732,9.21120510727707,10.195040903439946
2021-06-12 04:00:00,10.356878838592312,9.911576955900156,10.665532427059034
2021-06-12 05:00:00,1.1761303131192489,0.9269554784358291,1.4216877035896514
2021-06-12 06:00:00,0.23866751784584816,0.17509144122451928,0.3066066394477752
2021-06-12 07:00:00,3.432934125338973,1.3500000400373755,5.68657472829976
2021-06-12 08:00:00,1.673523547870323,0.5778908727456908,2.83927015465931
2021-06-12 09:00:00,2.190640130673256,1.2132732422318986,3.72277828614614
2021-06-12 10:00:00,1.1881772764265341,0.4550692985632587,2.247705682015266
2021-06-12 11:00:00,0.9870524414486629,0.26378244523814026,2.1252277624677447
2021-06-12 12:00:00,0.023324283478730445,0.0,0.04664856695746089
2021-06-12 13:00:00,0.13899356257281303,0.0,0.4169806877184391
2021-06-12 14:00:00,0.19564872285581894,0.0,0.4992787483778
2021-06-12 15:00:00,0.2029209275899012,0.0,0.5634491232641221
2021-06-12 16:00:00,0.9719490254027445,0.10325325563079,2.140946537234994
2021-06-12 17:00:00,1.383293831719156,0.7058420583356293,2.5276705434514737
2021-06-12 18:00:00,0.7964453766515557,0.20014629040450752,1.4951979676125229
2021-06-12 19:00:00,1.247240858905,0.4095509764841176,2.202454480604102
2021-06-12 20:00:00,1.1448365435898649,0.43482485689643796,2.0360932240520055
2021-06-12 21:00:00,1.137783254590221,0.47986445608952744,2.133695983633254
2021-06-12 22:00:00,0.8480019682015355,0.4358614191673403,1.2228315577677131
2021-06-12 23:00:00,0.5594564132432842,0.3206465939532726,0.7697011366036685
2021-06-13 00:00:00,0.8223947926570446,0.43676628846700516,1.0897313493981622
2021-06-13 01:00:00,1.0845147872303424,0.7410895076040561,1.3675300820556617
2021-06-13 02:00:00,0.9875821585967823,0.6850559156233093,1.1877699986017902
2021-06-13 03:00:00,1.249606977541034,0.9306598536570053,1.4721022709099905
2021-06-13 04:00:00,1.623469680139021,1.2582805605536151,1.9079966949417055
2021-06-13 05:00:00,0.2612680344762274,0.1630899559926743,0.35627147593207537
2021-06-13 06:00:00,0.02178326092991963,0.008722244474998217,0.03920539962234015
2021-06-13 07:00:00,2.647543963510226,0.8184736542949014,4.567809495148248
2021-06-13 08:00:00,1.1788667665398023,0.26194209636845395,2.3247525509202975
2021-06-13 09:00:00,1.5166259670731412,0.8045105082518426,2.4873531192432887
2021-06-13 10:00:00,0.8514848980340749,0.4058943056119924,1.5701146071488616
2021-06-13 11:00:00,0.6017480476990563,0.117649991862508,1.4568755255365335
2021-06-13 12:00:00,0.005984689583366362,0.0,0.011969379166732724
2021-06-13 13:00:00,0.0,0.0,0.0
2021-06-13 14:00:00,0.0,0.0,0.0
2021-06-13 15:00:00,0.0,0.0,0.0
2021-06-13 16:00:00,0.36729427386457847,0.0,1.1018828215937353
2021-06-13 17:00:00,0.708371620687768,0.37225922738207384,1.3831784714819475
2021-06-13 18:00:00,0.3031635410657042,0.08152294994925705,0.6621556792262826
2021-06-13 19:00:00,0.7265867230059672,0.22880381404871636,1.3774841520852004
2021-06-13 20:00:00,0.7302837517269885,0.28815816935116806,1.2413873614639332
2021-06-13 21:00:00,0.640373391379211,0.1963753651069734,1.33056439939763
2021-06-13 22:00:00,0.36265227173365966,0.0871438746503612,0.6349857437308517
2021-06-13 23:00:00,0.1859955396755472,0.0817787947492247,0.2679527238188067
2021-06-14 00:00:00,0.7442123898339834,0.53521738379585,0.9507738404732677
2021-06-14 01:00:00,0.859820927624561,0.6001048285050838,1.1046224246176148
2021-06-14 02:00:00,0.999403667002049,0.7174278538622224,1.2455143742474308
2021-06-14 03:00:00,0.9875275685732495,0.690274898770224,1.2311454690114316
2021-06-14 04:00:00,1.0074489472639607,0.6991263882085982,1.2386621504390705
2021-06-14 05:00:00,0.0,0.0,0.0
2021-06-14 06:00:00,0.24759265961505353,0.0,0.49518531923010706
2021-06-14 07:00:00,2.3093945472925417,1.0384213428736386,3.679194827887561
2021-06-14 08:00:00,0.8027136724305787,0.3152777277596574,1.4732667180800416
2021-06-14 09:00:00,0.38636493954347784,0.07534258931760303,0.9368341801435044
2021-06-14 10:00:00,0.13431500423572007,0.0,0.26863000847144014
2021-06-14 11:00:00,0.06758569855872354,0.0,0.13517139711744708
2021-06-14 12:00:00,0.0724599481586419,0.0,0.1449198963172838
2021-06-14 13:00:00,0.0,0.0,0.0
2021-06-14 14:00:00,0.0,0.0,0.0
2021-06-14 15:00:00,0.0,0.0,0.0
2021-06-14 16:00:00,0.12130919655594172,0.0,0.24261839311188343
2021-06-14 17:00:00,0.33263333537876766,0.03133030884046368,0.905475595056935
2021-06-14 18:00:00,0.4476992707654341,0.18035345961420526,0.7656650855276516
2021-06-14 19:00:00,0.3035256152072274,0.1380864141728723,0.5778462199800374
2021-06-14 20:00:00,0.7680827249689711,0.2803119149807247,1.2758908328020815
2021-06-14 21:00:00,1.1722470004570666,0.48945378744420565,1.954995296169695
2021-06-14 22:00:00,1.0723235653461218,0.47153628878038,1.8127057788559597
2021-06-14 23:00:00,1.4239207103744442,0.7248591108208747,2.2586410888384525
2021-06-15 00:00:00,0.48758454205172314,0.24268932787963945,0.805867482867063
2021-06-15 01:00:00,0.26566128589199817,0.13223331370178956,0.4282795216705468
2021-06-15 02:00:00,0.8224104212038059,0.561656753982498,1.1145658621206742
2021-06-15 03:00:00,1.3253764683710583,1.115914894737889,1.538323097505349
2021-06-15 04:00:00,1.3748035095880626,1.1547525868000057,1.530342015384076
2021-06-15 05:00:00,0.6080255482798539,0.43523584587803255,0.772658727358609
2021-06-15 06:00:00,0.3559528687390534,0.04881824031176004,0.6494061222808672
2021-06-15 07:00:00,3.245423293566617,1.6626819326489808,5.383372116619681
2021-06-15 08:00:00,1.5174900547477514,0.8197784763414454,2.4132314551221654
2021-06-15 09:00:00,0.8391239267409811,0.22132154920907615,1.7331365503540985
2021-06-15 10:00:00,0.09217857862041096,0.0,0.1843571572408219
2021-06-15 11:00:00,0.05310741272467143,0.0,0.10621482544934285
2021-06-15 12:00:00,0.0,0.0,0.0
2021-06-15 13:00:00,0.0,0.0,0.0
2021-06-15 14:00:00,0.0,0.0,0.0
2021-06-15 15:00:00,0.0,0.0,0.0
2021-06-15 16:00:00,0.0,0.0,0.0
2021-06-15 17:00:00,0.07503590843488532,0.0,0.225107725304656
2021-06-15 18:00:00,0.38444023121767207,0.19953650753689783,0.722625264524954
2021-06-15 19:00:00,0.3458775469547443,0.17797898127829162,0.5963255859661716
2021-06-15 20:00:00,0.9960187654026643,0.32848001198671356,1.6591114566934
2021-06-15 21:00:00,1.098607657118489,0.42015156467570136,1.8748796186980372
2021-06-15 22:00:00,0.8335883418431391,0.23975158034035118,1.398435469734172
2021-06-15 23:00:00,0.9606170094331032,0.46452470133506857,1.7154369806058716
2021-06-16 00:00:00,0.33668287736858926,0.18499719579858404,0.5169225118997772
2021-06-16 01:00:00,1.529993485584277,1.1173383516315412,1.982011749467311
2021-06-16 02:00:00,1.4227918201060155,1.1366979668367796,1.681935724816296
2021-06-16 03:00:00,1.8668768233073105,1.5735844087230237,2.1365134701647026
2021-06-16 04:00:00,2.5084979706309563,2.21011738074326,2.750979817743051
2021-06-16 05:00:00,0.0,0.0,0.0
2021-06-16 06:00:00,0.24207601285574779,0.0,0.48415202571149557
2021-06-16 07:00:00,1.965671399435175,0.9591526294962345,3.1036927674562627
2021-06-16 08:00:00,0.7653426657987852,0.33854137172614185,1.4733917372384404
2021-06-16 09:00:00,0.3682320786889899,0.07011498585258893,0.8985397404159218
2021-06-16 10:00:00,0.0793997135214904,0.0,0.1587994270429808
2021-06-16 11:00:00,0.09139220479930567,0.0,0.18278440959861134
2021-06-16 12:00:00,0.05879962444126249,0.0,0.11759924888252497
2021-06-16 13:00:00,0.0,0.0,0.0
2021-06-16 14:00:00,0.0,0.0,0.0
2021-06-16 15:00:00,0.0,0.0,0.0
2021-06-16 16:00:00,0.03915583096516927,0.0,0.07831166193033853
2021-06-16 17:00:00,0.0,0.0,0.0
2021-06-16 18:00:00,0.26662891899940455,0.023863744364149838,0.4345579935159456
2021-06-16 19:00:00,0.25458090871325845,0.06608865137956582,0.568781204570056
2021-06-16 20:00:00,1.0244701165508452,0.37228690152618654,1.728436115280699
2021-06-16 21:00:00,1.7666048866089843,0.5776586215516714,3.1489057127051536
2021-06-16 22:00:00,0.8147023912763622,0.1810706923068729,1.5486839353561357
2021-06-16 23:00:00,1.1270188168268964,0.4541996611407694,1.9170605618735552
2021-06-17 00:00:00,0.6383140027274941,0.3902486755569421,0.9165281545715958
2021-06-17 01:00:00,1.051568382438207,0.7039444294382806,1.424719812278338
2021-06-17 02:00:00,1.1640909228451777,0.8139289964457398,1.480232925523658
2021-06-17 03:00:00,1.6589346511531975,1.293371176660863,1.9312682614756573
2021-06-17 04:00:00,1.9452265775779916,1.701387452198139,2.1455557382636483
2021-06-17 05:00:00,0.027937310520218556,0.0069240081798446155,0.05456966493822841
2021-06-17 06:00:00,0.21943619707905948,0.0,0.43887239415811896
2021-06-17 07:00:00,2.4176568850145848,1.2629488636721893,3.9666753454150023
2021-06-17 08:00:00,0.4296986192893827,0.10391898577467541,0.7631710713789412
2021-06-17 09:00:00,0.17431931958764058,0.046045484612869565,0.38712377915495644
2021-06-17 10:00:00,0.035921685257484584,0.0,0.07184337051496917
2021-06-17 11:00:00,0.0287708191249,0.0,0.0575416382498
2021-06-17 12:00:00,0.0,0.0,0.0
2021-06-17 13:00:00,0.0,0.0,0.0
2021-06-17 14:00:00,0.0,0.0,0.0
2021-06-17 15:00:00,0.0,0.0,0.0
2021-06-17 16:00:00,0.15215894911199832,0.0,0.30431789822399663
2021-06-17 17:00:00,0.5970988328208008,0.11579058290668676,1.4385693826007429
2021-06-17 18:00:00,2.179643533044435,0.8809030801716115,3.3600257259499218
2021-06-17 19:00:00,1.213648025920934,0.45029144629511403,2.058340774265571
2021-06-17 20:00:00,1.0158431564742336,0.4021766427175523,1.6904493906764448
2021-06-17 21:00:00,1.1013729016462965,0.44752008042777996,1.8661285442871958
2021-06-17 22:00:00,0.8451686252138048,0.2628330138335063,1.4687121106625953
2021-06-17 23:00:00,1.0006625617462277,0.3472123107202856,1.7050815408163644
2021-06-18 00:00:00,0.3905613237804137,0.2548140273995255,0.555283254626529
2021-06-18 01:00:00,1.177018078683388,0.8681711796941987,1.5427173573937825
2021-06-18 02:00:00,1.5864954697990687,1.2658555392338913,1.8609230071950906
2021-06-18 03:00:00,1.8539143285644468,1.5179857992932535,2.1114491571461707
2021-06-18 04:00:00,3.145703968319118,2.614079733731376,3.5951494241221553
2021-06-18 05:00:00,0.0,0.0,0.0
2021-06-18 06:00:00,0.18318399680978512,0.0,0.36636799361957023
2021-06-18 07:00:00,1.787144828629738,0.8016734150862809,2.9372959932612686
2021-06-18 08:00:00,0.7443162062933343,0.29069859535383846,1.4657309748600769
2021-06-18 09:00:00,0.5898381629300798,0.09232447176864114,1.4989334936935057
2021-06-18 10:00:00,0.15129963414439723,0.0,0.30259926828879447
2021-06-18 11:00:00,0.08149828875543354,0.0,0.16299657751086707
2021-06-18 12:00:00,0.11942954299593059,0.0,0.23885908599186118
2021-06-18 13:00:00,0.0,0.0,0.0
2021-06-18 14:00:00,0.0,0.0,0.0
2021-06-18 15:00:00,0.0,0.0,0.0
2021-06-18 16:00:00,0.18867273473422183,0.0,0.37734546946844366
2021-06-18 17:00:00,0.5499164786604366,0.10721436306559129,1.325242470194906
2021-06-18 18:00:00,1.2175151458427311,0.5035568464098314,1.8743278783992043
2021-06-18 19:00:00,0.8393433664954792,0.3413359535313526,1.4147807370711114
2021-06-18 20:00:00,1.0634482378848336,0.45367820235752077,1.7494295117347842
2021-06-18 21:00:00,1.2745619203883074,0.5579778581898676,2.0894500848130644
2021-06-18 22:00:00,1.0789203542536987,0.4124542223598953,1.731962347577046
2021-06-18 23:00:00,1.3700201839969819,0.8057268367693811,2.0588151851246006
2021-06-19 00:00:00,0.9399114731053471,0.6741450366012203,1.2663050076726488
2021-06-19 01:00:00,1.3879021059455627,1.154180537728091,1.691289676343784
2021-06-19 02:00:00,1.7088049917469446,1.3586370085665165,1.972374958547299
2021-06-19 03:00:00,2.3283678379465353,1.858326126641828,2.7767251833606026
2021-06-19 04:00:00,2.834012626540369,2.3392502907224886,3.242183726186793
2021-06-19 05:00:00,0.0,0.0,0.0
2021-06-19 06:00:00,0.0,0.0,0.0
2021-06-19 07:00:00,0.9875733131103255,0.07174028454959026,1.7087582985226517
2021-06-19 08:00:00,0.3407235458732484,0.0,0.8579803751701234
2021-06-19 09:00:00,0.6655256646551742,0.27172744799769816,1.2620857037730628
2021-06-19 10:00:00,0.35758313806183717,0.17930995720121695,0.6695104681138605
2021-06-19 11:00:00,0.1580589140434911,0.030287344898609837,0.3848290746795742
2021-06-19 12:00:00,0.0,0.0,0.0
2021-06-19 13:00:00,0.10015972401402792,0.0,0.30047917204208374
2021-06-19 14:00:00,0.10298789990299542,0.0,0.3089636997089863
2021-06-19 15:00:00,0.08772519520470301,0.0,0.2631755856141091
2021-06-19 16:00:00,0.3173829570031849,0.0,0.6899188171993642
2021-06-19 17:00:00,0.9338579539871068,0.2097374447757687,1.5947226666678556
2021-06-19 18:00:00,0.24164866060045956,0.0,0.6912206045736193
2021-06-19 19:00:00,0.41870324233044215,0.1201952370055273,0.7914742424609301
2021-06-19 20:00:00,0.8528853437430033,0.26559719786613334,1.7055370671488466
2021-06-19 21:00:00,0.7647678320061028,0.2038157590865192,1.708650700444358
2021-06-19 22:00:00,0.41368564369108024,0.14328808224974107,0.6642602583365873
2021-06-19 23:00:00,1.089695706003301,0.7877707430264385,1.3745960302852238
2021-06-20 00:00:00,1.2740986468568363,0.8685728323445908,1.5793752478776966
2021-06-20 01:00:00,1.87924666954639,1.5659963191202744,2.170757261068051
2021-06-20 02:00:00,1.803232232921366,1.4953314162988556,2.0402502566843674
2021-06-20 03:00:00,1.8633110584168595,1.552829134255213,2.0963221212554948
2021-06-20 04:00:00,1.837903050264918,1.401075832516222,2.218424814901594
2021-06-20 05:00:00,0.18972745822926784,0.09617009777321193,0.28144614805398455
2021-06-20 06:00:00,0.10606774233635877,0.04132083200502667,0.17676454042142822
2021-06-20 07:00:00,2.464517831840115,0.5934864888226516,4.132933125883744
2021-06-20 08:00:00,0.9433609688941831,0.3241498147116644,1.5629167705507039
2021-06-20 09:00:00,1.367793796843288,0.6642866062368824,2.511156640393229
2021-06-20 10:00:00,0.5119459810435384,0.1842925146940589,0.9964372423887335
2021-06-20 11:00:00,0.48445326789195664,0.11313518079068052,1.1196110203433622
2021-06-20 12:00:00,0.0,0.0,0.0
2021-06-20 13:00:00,0.12851838390417097,0.0,0.385555151712513
2021-06-20 14:00:00,0.12061914943273863,0.0,0.36185744829821587
2021-06-20 15:00:00,0.07840495748227437,0.0,0.23521487244682313
2021-06-20 16:00:00,0.7483620060090034,0.0,1.656107709064391
2021-06-20 17:00:00,0.9387014259732763,0.42991171549138835,1.702368133759991
2021-06-20 18:00:00,0.26768942445891153,0.05984077630600873,0.5496220136677051
2021-06-20 19:00:00,0.47374141188431956,0.15494930124324544,0.9183142819678042
2021-06-20 20:00:00,0.6460406195697527,0.2086580071403623,1.2367574976202125
2021-06-20 21:00:00,1.0068565930358895,0.3394979910947772,1.9916233029887354
2021-06-20 22:00:00,0.7010658783540339,0.3669882415847085,1.0362039458047692
2021-06-20 23:00:00,0.9228381433116071,0.48808683659519647,1.2626087635883507
2021-06-21 00:00:00,1.3232163318532193,0.8711328371463078,1.646483899259609
2021-06-21 01:00:00,2.702413701757549,2.3822399785128425,3.0057311471672814
2021-06-21 02:00:00,2.605063311621521,2.3167036340751865,2.8604005467033415
2021-06-21 03:00:00,1.635146435294113,1.3462492555194185,1.9165778418666788
2021-06-21 04:00:00,2.1548169832910817,1.786592221184732,2.5866060303166756
2021-06-21 05:00:00,0.0,0.0,0.0
2021-06-21 06:00:00,0.23643435086849843,0.0,0.47286870173699685
2021-06-21 07:00:00,3.0773096315830704,1.5286525181827548,4.823011609162392
2021-06-21 08:00:00,1.168491156363708,0.5559304072440115,1.871737803517102
2021-06-21 09:00:00,0.9479013539750973,0.3454405083599693,1.7935803506905628
2021-06-21 10:00:00,0.2218772573033585,0.0,0.443754514606717
2021-06-21 11:00:00,0.07328899815705177,0.0,0.14657799631410354
2021-06-21 12:00:00,0.04192328084823774,0.0,0.08384656169647547
2021-06-21 13:00:00,0.0,0.0,0.0
2021-06-21 14:00:00,0.0,0.0,0.0
2021-06-21 15:00:00,0.0,0.0,0.0
2021-06-21 16:00:00,0.22779389531556374,0.0,0.4555877906311275
2021-06-21 17:00:00,0.4818388441680448,0.13859617065500246,1.0240455521683323
2021-06-21 18:00:00,1.5798914619145403,0.7646272299218952,2.452421648147394
2021-06-21 19:00:00,0.6073755772331002,0.21164974381603904,1.1218151193850192
2021-06-21 20:00:00,1.0553248849797967,0.4038974435868448,1.765631096040129
2021-06-21 21:00:00,1.6498875717237267,0.7775662478194145,2.547778902577408
2021-06-21 22:00:00,1.2169932959328718,0.4113036168577068,2.067275233316898
2021-06-21 23:00:00,0.7010386082602706,0.04723302022115243,1.462481441144429
2021-06-22 00:00:00,0.2392607930776743,0.12829139217058522,0.37350344709587074
2021-06-22 01:00:00,0.4832509465756216,0.2917191608653246,0.7392262336206524
2021-06-22 02:00:00,2.5303442702322263,2.1733988512166293,2.8741022204728117
2021-06-22 03:00:00,3.7747620801532555,3.3500612286130096,4.155933291954185
2021-06-22 04:00:00,2.5699718287220454,2.2007883268200485,2.8872455778682977
2021-06-22 05:00:00,0.01775739769688581,0.0032211380384152303,0.03285941343635913
2021-06-22 06:00:00,0.3186572871763829,0.002827853496032259,0.63593690213675
2021-06-22 07:00:00,2.813834200196147,1.417776598753716,4.492661603459023
2021-06-22 08:00:00,1.1446817064015737,0.5729083804254355,1.9372208524620989
2021-06-22 09:00:00,0.5504037525223452,0.13116698225710824,1.2664474591940262
2021-06-22 10:00:00,0.13548604160616118,0.0,0.27097208321232236
2021-06-22 11:00:00,0.09162794247489041,0.0,0.18325588494978082
2021-06-22 12:00:00,0.09640049338250922,0.0,0.19280098676501845
2021-06-22 13:00:00,0.0,0.0,0.0
2021-06-22 14:00:00,0.0,0.0,0.0
2021-06-22 15:00:00,0.0,0.0,0.0
2021-06-22 16:00:00,0.12659898759325217,0.0,0.25319797518650433
2021-06-22 17:00:00,0.5649547177249127,0.08104843585230037,1.4486811724236697
2021-06-22 18:00:00,1.2992364801616003,0.5497567988489193,2.0276652061718243
2021-06-22 19:00:00,0.6446500241474461,0.23418022905694852,1.1104906147312648
2021-06-22 20:00:00,0.8884140575892316,0.3440181839476439,1.5038759316129946
2021-06-22 21:00:00,1.1991517025379317,0.42873151488811956,2.0610082195960264
2021-06-22 22:00:00,0.706213156974102,0.1500306230581426,1.3238541956593974
2021-06-22 23:00:00,0.6759029883116489,0.11864840658119545,1.2707625599099008
2021-06-23 00:00:00,0.21896722065992485,0.06363332569531216,0.4273699560990839
2021-06-23 01:00:00,0.5182910900891142,0.21247969338691816,0.9082522919893192
2021-06-23 02:00:00,0.7077488087716423,0.37314465276855463,1.0732946469783848
2021-06-23 03:00:00,0.6665154211803743,0.35388773326395834,0.9961745080386778
2021-06-23 04:00:00,0.6597933015770858,0.3505595057102737,0.9766524126680428
2021-06-23 05:00:00,0.00017025375612907196,0.0,0.00034050751225814393
2021-06-23 06:00:00,0.19902647040594884,0.0,0.3980529408118977
2021-06-23 07:00:00,2.265000887565369,1.1316761498721706,3.582315485813106
2021-06-23 08:00:00,0.7395384490431588,0.2749773226907755,1.267639178886477
2021-06-23 09:00:00,0.1807061364356736,0.05617734375788857,0.37759302852640897
2021-06-23 10:00:00,0.03819076757060609,0.0,0.07638153514121218
2021-06-23 11:00:00,0.04206146347899938,0.0,0.08412292695799876
2021-06-23 12:00:00,0.007921420610289992,0.0,0.015842841220579985
2021-06-23 13:00:00,0.0,0.0,0.0
2021-06-23 14:00:00,0.0,0.0,0.0
2021-06-23 15:00:00,0.0,0.0,0.0
2021-06-23 16:00:00,0.02990629936975816,0.0,0.05981259873951632
2021-06-23 17:00:00,0.011176386580074534,0.0,0.022352773160149067
2021-06-23 18:00:00,0.0,0.0,0.0
2021-06-23 19:00:00,0.0025796344308247287,0.0,0.005159268861649457
2021-06-23 20:00:00,0.561962004054001,0.09926346084355804,0.974377302706131
2021-06-23 21:00:00,1.0151791471757479,0.36040274428440966,1.739112976393993
2021-06-23 22:00:00,0.7640210009389242,0.13829075439325797,1.4380638061113977
2021-06-23 23:00:00,1.0286983084330517,0.2867478706906695,1.7999240482301404
2021-06-24 00:00:00,0.3407931058122679,0.13217498690409515,0.5869161456320459
2021-06-24 01:00:00,0.7069334172930396,0.4541096647648214,1.0378243989979397
2021-06-24 02:00:00,0.6882905739470361,0.45516476358965974,0.9156858447888956
2021-06-24 03:00:00,0.7908723181016183,0.527847288012932,1.0400090717594728
2021-06-24 04:00:00,0.9942393936000427,0.684097993151344,1.2847305176304804
2021-06-24 05:00:00,0.0,0.0,0.0
2021-06-24 06:00:00,0.12996404436588763,0.0,0.25992808873177525
2021-06-24 07:00:00,1.4146503591433028,0.6535155358587396,2.2613510667413754
2021-06-24 08:00:00,0.1848219447316368,0.0,0.3696438894632736
2021-06-24 09:00:00,0.14939189351053542,0.03637785745570763,0.34086100103726863
2021-06-24 10:00:00,0.021134093409352024,0.0,0.04226818681870405
2021-06-24 11:00:00,0.009932086439226114,0.0,0.019864172878452227
2021-06-24 12:00:00,0.02880064308484446,0.0,0.05760128616968892
2021-06-24 13:00:00,0.0,0.0,0.0
2021-06-24 14:00:00,0.0,0.0,0.0
2021-06-24 15:00:00,0.0,0.0,0.0
2021-06-24 16:00:00,0.0,0.0,0.0
2021-06-24 17:00:00,0.0,0.0,0.0
2021-06-24 18:00:00,0.0,0.0,0.0
2021-06-24 19:00:00,0.0,0.0,0.0
2021-06-24 20:00:00,0.3906902478004185,0.0,0.7246124035318852
2021-06-24 21:00:00,0.47706535382494786,0.005240404375708617,0.9454887533601156
2021-06-24 22:00:00,0.542582229487715,0.03781849802019115,1.0169009294140756
2021-06-24 23:00:00,0.5665376343536048,0.0,1.1330752687072096
2021-06-25 00:00:00,0.0,0.0,0.0
2021-06-25 01:00:00,0.06416171953512827,0.0,0.12832343907025653
2021-06-25 02:00:00,0.0714910719231526,0.0,0.1429821438463052
2021-06-25 03:00:00,0.10326292642939269,0.030873024667802965,0.17720709414363445
2021-06-25 04:00:00,0.12278287143913091,0.045935749259046456,0.20328441199766673
2021-06-25 05:00:00,0.0,0.0,0.0
2021-06-25 06:00:00,0.0878944008647893,0.0,0.1757888017295786
2021-06-25 07:00:00,1.5343718707635416,0.5703187261717011,2.401511688149347
2021-06-25 08:00:00,0.16288108368028617,0.06948217994856223,0.3158831259964135
2021-06-25 09:00:00,0.02352607507027287,0.0,0.07057822521081862
2021-06-25 10:00:00,0.0,0.0,0.0
2021-06-25 11:00:00,0.0,0.0,0.0
2021-06-25 12:00:00,0.0,0.0,0.0
2021-06-25 13:00:00,0.0,0.0,0.0
2021-06-25 14:00:00,0.0,0.0,0.0
2021-06-25 15:00:00,0.0,0.0,0.0
2021-06-25 16:00:00,0.0,0.0,0.0
2021-06-25 17:00:00,0.0,0.0,0.0
2021-06-25 18:00:00,0.0,0.0,0.0
2021-06-25 19:00:00,0.0,0.0,0.0
2021-06-25 20:00:00,0.1703049597638384,0.0,0.43207429397716524
2021-06-25 21:00:00,0.4250152198100658,0.0,0.8984054109892845
2021-06-25 22:00:00,0.4317258926088513,0.0,0.8634517852177026
2021-06-25 23:00:00,0.4572786355899229,0.0,0.9173318520580291
2021-06-26 00:00:00,0.0,0.0,0.0
2021-06-26 01:00:00,0.0,0.0,0.0
2021-06-26 02:00:00,0.0,0.0,0.0
2021-06-26 03:00:00,0.0,0.0,0.0
2021-06-26 04:00:00,0.0,0.0,0.0
2021-06-26 05:00:00,0.0,0.0,0.0
2021-06-26 06:00:00,0.0,0.0,0.0
2021-06-26 07:00:00,1.0584035869540578,0.0,1.882962616525282
2021-06-26 08:00:00,0.35842652340669195,0.0,0.7168530468133839
2021-06-26 09:00:00,0.543021127846773,0.1466809462920224,0.9312006147120813
2021-06-26 10:00:00,0.5062759294997554,0.15372375555947476,1.0987541825165676
2021-06-26 11:00:00,0.258717363620667,0.016032040249143113,0.7288575721270287
2021-06-26 12:00:00,0.0,0.0,0.0
2021-06-26 13:00:00,0.17431863343960446,0.0,0.5229559003188133
2021-06-26 14:00:00,0.011931729437019426,0.0,0.03579518831105829
2021-06-26 15:00:00,0.010969479742497205,0.0,0.03290843922749162
2021-06-26 16:00:00,0.0,0.0,0.0
2021-06-26 17:00:00,0.27130299105748507,0.0,0.5426059821149701
2021-06-26 18:00:00,0.0,0.0,0.0
2021-06-26 19:00:00,0.0,0.0,0.0
2021-06-26 20:00:00,0.0,0.0,0.0
2021-06-26 21:00:00,0.0,0.0,0.0
2021-06-26 22:00:00,0.0,0.0,0.0
2021-06-26 23:00:00,0.0,0.0,0.0
2021-06-27 00:00:00,0.0,0.0,0.0
2021-06-27 01:00:00,0.012936613965582848,0.0,0.025873227931165695
2021-06-27 02:00:00,0.052034191445708276,0.0,0.10406838289141655
2021-06-27 03:00:00,0.2226323575702504,0.1175758649889943,0.32402675075242665
2021-06-27 04:00:00,0.20244831644279712,0.08445541345239635,0.30756750854811044
2021-06-27 05:00:00,0.0,0.0,0.0
2021-06-27 06:00:00,0.0,0.0,0.0
2021-06-27 07:00:00,1.1823741361588207,0.0,2.0046384411357896
2021-06-27 08:00:00,0.0,0.0,0.0
2021-06-27 09:00:00,0.09500800309730484,0.0411228828119236,0.19065411806828253
2021-06-27 10:00:00,0.0,0.0,0.0
2021-06-27 11:00:00,0.0,0.0,0.0
2021-06-27 12:00:00,0.0,0.0,0.0
2021-06-27 13:00:00,0.0,0.0,0.0
2021-06-27 14:00:00,0.0,0.0,0.0
2021-06-27 15:00:00,0.0,0.0,0.0
2021-06-27 16:00:00,0.0,0.0,0.0
2021-06-27 17:00:00,0.0,0.0,0.0
2021-06-27 18:00:00,0.0,0.0,0.0
2021-06-27 19:00:00,0.0,0.0,0.0
2021-06-27 20:00:00,0.0,0.0,0.0
2021-06-27 21:00:00,0.0,0.0,0.0
2021-06-27 22:00:00,0.0,0.0,0.0
2021-06-27 23:00:00,0.0,0.0,0.0
2021-06-28 00:00:00,0.005496425343230367,0.0,0.010992850686460734
2021-06-28 01:00:00,0.036788563117138545,0.0,0.07357712623427709
2021-06-28 02:00:00,0.13090053498758475,0.03744848877344926,0.22435258120172025
2021-06-28 03:00:00,0.2405045651038218,0.15308245324951092,0.3356071077013115
2021-06-28 04:00:00,0.38856455657421124,0.24468079769432968,0.5631815741375958
2021-06-28 05:00:00,0.0,0.0,0.0
2021-06-28 06:00:00,0.014370830348817996,0.0,0.028741660697635993
2021-06-28 07:00:00,0.5553962670079848,0.0,1.0824694018246472
2021-06-28 08:00:00,0.0,0.0,0.0
2021-06-28 09:00:00,0.0,0.0,0.0
2021-06-28 10:00:00,0.0,0.0,0.0
2021-06-28 11:00:00,0.0,0.0,0.0
2021-06-28 12:00:00,0.0,0.0,0.0
2021-06-28 13:00:00,0.0,0.0,0.0
2021-06-28 14:00:00,0.0,0.0,0.0
2021-06-28 15:00:00,0.0,0.0,0.0
2021-06-28 16:00:00,0.0,0.0,0.0
2021-06-28 17:00:00,0.0,0.0,0.0
2021-06-28 18:00:00,0.0,0.0,0.0
2021-06-28 19:00:00,0.0,0.0,0.0
2021-06-28 20:00:00,0.2914187975490695,0.0,0.567248577569892
2021-06-28 21:00:00,0.44826074092674956,0.0,0.9205000097430229
2021-06-28 22:00:00,0.4107080458869884,0.0,0.8214160917739768
2021-06-28 23:00:00,0.46252483244676923,0.0,0.9584249865684509
2021-06-29 00:00:00,0.0,0.0,0.0
2021-06-29 01:00:00,0.0,0.0,0.0
2021-06-29 02:00:00,0.0,0.0,0.0
2021-06-29 03:00:00,0.0,0.0,0.0
2021-06-29 04:00:00,0.0,0.0,0.0
2021-06-29 05:00:00,0.0,0.0,0.0
2021-06-29 06:00:00,0.0,0.0,0.0
2021-06-29 07:00:00,0.2190484218723498,0.0,0.4380968437446996
2021-06-29 08:00:00,0.0,0.0,0.0
2021-06-29 09:00:00,0.0,0.0,0.0
2021-06-29 10:00:00,0.0,0.0,0.0
2021-06-29 11:00:00,0.0,0.0,0.0
2021-06-29 12:00:00,0.0,0.0,0.0
2021-06-29 13:00:00,0.0,0.0,0.0
2021-06-29 14:00:00,0.0,0.0,0.0
2021-06-29 15:00:00,0.0,0.0,0.0
2021-06-29 16:00:00,0.0,0.0,0.0
2021-06-29 17:00:00,0.0,0.0,0.0
2021-06-29 18:00:00,0.0,0.0,0.0
2021-06-29 19:00:00,0.0,0.0,0.0
2021-06-29 20:00:00,0.0,0.0,0.0
2021-06-29 21:00:00,0.0,0.0,0.0
2021-06-29 22:00:00,0.1614775823290507,0.0,0.4844327469871521
2021-06-29 23:00:00,0.3797803085505845,0.0,0.759560617101169
2021-06-30 00:00:00,0.0,0.0,0.0
2021-06-30 01:00:00,0.0,0.0,0.0
2021-06-30 02:00:00,0.0,0.0,0.0
2021-06-30 03:00:00,0.0,0.0,0.0
2021-06-30 04:00:00,0.0,0.0,0.0
2021-06-30 05:00:00,0.0,0.0,0.0
2021-06-30 06:00:00,0.0,0.0,0.0
2021-06-30 07:00:00,0.23803798752323113,0.0,0.47607597504646226
2021-06-30 08:00:00,0.0,0.0,0.0
2021-06-30 09:00:00,0.0,0.0,0.0
2021-06-30 10:00:00,0.0,0.0,0.0
2021-06-30 11:00:00,0.0,0.0,0.0
2021-06-30 12:00:00,0.0,0.0,0.0
2021-06-30 13:00:00,0.0,0.0,0.0
2021-06-30 14:00:00,0.0,0.0,0.0
2021-06-30 15:00:00,0.0,0.0,0.0
2021-06-30 16:00:00,0.0,0.0,0.0
2021-06-30 17:00:00,0.0,0.0,0.0
2021-06-30 18:00:00,0.0,0.0,0.0
2021-06-30 19:00:00,0.0,0.0,0.0
2021-06-30 20:00:00,0.0,0.0,0.0
2021-06-30 21:00:00,0.12999792046335537,0.0,0.3899937613900662
2021-06-30 22:00:00,0.37368958624925225,0.0,0.9450744862730027
2021-06-30 23:00:00,0.5805379718273382,0.0,1.1783192891061782
2021-07-01 00:00:00,0.0,0.0,0.0
2021-07-01 01:00:00,0.06290840374190808,0.0,0.12581680748381616
2021-07-01 02:00:00,0.071648907437404,0.0,0.143297814874808
2021-07-01 03:00:00,0.09432469357917705,0.027780458997134366,0.16086892816121978
2021-07-01 04:00:00,0.030799713231046997,0.0,0.061599426462093994
2021-07-01 05:00:00,0.0,0.0,0.0
2021-07-01 06:00:00,0.0,0.0,0.0
2021-07-01 07:00:00,0.27217180607652663,0.0,0.81651541822958
2021-07-01 08:00:00,0.0,0.0,0.0
2021-07-01 09:00:00,0.0,0.0,0.0
2021-07-01 10:00:00,0.0,0.0,0.0
2021-07-01 11:00:00,0.0,0.0,0.0
2021-07-01 12:00:00,0.0,0.0,0.0
2021-07-01 13:00:00,0.0,0.0,0.0
2021-07-01 14:00:00,0.0,0.0,0.0
2021-07-01 15:00:00,0.0,0.0,0.0
2021-07-01 16:00:00,0.0,0.0,0.0
2021-07-01 17:00:00,0.0,0.0,0.0
2021-07-01 18:00:00,0.0,0.0,0.0
2021-07-01 19:00:00,0.018564240048873425,0.0,0.05569272014662027
2021-07-01 20:00:00,0.18863962994505568,0.0,0.565918889835167
2021-07-01 21:00:00,0.21230958238887787,0.0,0.6369287471666336
2021-07-01 22:00:00,0.23825720844821932,0.0,0.7147716253446579
2021-07-01 23:00:00,0.29587161349900565,0.0,0.8876148404970169
2021-07-02 00:00:00,0.0,0.0,0.0
2021-07-02 01:00:00,0.0,0.0,0.0
2021-07-02 02:00:00,0.0,0.0,0.0
2021-07-02 03:00:00,0.0,0.0,0.0
2021-07-02 04:00:00,0.0,0.0,0.0
2021-07-02 05:00:00,0.0,0.0,0.0
2021-07-02 06:00:00,0.0,0.0,0.0
2021-07-02 07:00:00,0.12818874266020458,0.0,0.3845662279806137
2021-07-02 08:00:00,0.0,0.0,0.0
2021-07-02 09:00:00,0.0,0.0,0.0
2021-07-02 10:00:00,0.0,0.0,0.0
2021-07-02 11:00:00,0.0,0.0,0.0
2021-07-02 12:00:00,0.0,0.0,0.0
2021-07-02 13:00:00,0.0,0.0,0.0
2021-07-02 14:00:00,0.0,0.0,0.0
2021-07-02 15:00:00,0.0,0.0,0.0
2021-07-02 16:00:00,0.0,0.0,0.0
2021-07-02 17:00:00,0.0,0.0,0.0
2021-07-02 18:00:00,0.0,0.0,0.0
2021-07-02 19:00:00,0.0,0.0,0.0
2021-07-02 20:00:00,0.13338196334805488,0.0,0.4001458900441647
2021-07-02 21:00:00,0.20353876003519697,0.0,0.6106162801055908
2021-07-02 22:00:00,0.24824610196517308,0.0,0.7447383058955194
2021-07-02 23:00:00,0.23841212726866404,0.0,0.7152363818059921
2021-07-03 00:00:00,0.0,0.0,0.0
2021-07-03 01:00:00,0.0,0.0,0.0
2021-07-03 02:00:00,0.0,0.0,0.0
2021-07-03 03:00:00,0.0,0.0,0.0
2021-07-03 04:00:00,0.0,0.0,0.0
2021-07-03 05:00:00,0.0,0.0,0.0
2021-07-03 06:00:00,0.0,0.0,0.0
2021-07-03 07:00:00,0.38825994896055854,0.0,1.1647798468816757
2021-07-03 08:00:00,0.03190632929739555,0.0,0.09571898789218665
2021-07-03 09:00:00,0.0,0.0,0.0
2021-07-03 10:00:00,0.0,0.0,0.0
2021-07-03 11:00:00,0.0,0.0,0.0
2021-07-03 12:00:00,0.0,0.0,0.0
2021-07-03 13:00:00,0.0,0.0,0.0
2021-07-03 14:00:00,0.0,0.0,0.0
2021-07-03 15:00:00,0.0,0.0,0.0
2021-07-03 16:00:00,0.0,0.0,0.0
2021-07-03 17:00:00,0.0,0.0,0.0
2021-07-03 18:00:00,0.0,0.0,0.0
2021-07-03 19:00:00,0.0,0.0,0.0
2021-07-03 20:00:00,0.0,0.0,0.0
2021-07-03 21:00:00,0.0,0.0,0.0
2021-07-03 22:00:00,0.0,0.0,0.0
2021-07-03 23:00:00,0.0,0.0,0.0
2021-07-04 00:00:00,0.0,0.0,0.0
2021-07-04 01:00:00,0.0,0.0,0.0
2021-07-04 02:00:00,0.0,0.0,0.0
2021-07-04 03:00:00,0.0,0.0,0.0
2021-07-04 04:00:00,0.0,0.0,0.0
2021-07-04 05:00:00,0.0,0.0,0.0
2021-07-04 06:00:00,0.0,0.0,0.0
2021-07-04 07:00:00,0.45477983288866675,0.0,1.3643394986660002
2021-07-04 08:00:00,0.12216516666750908,0.0,0.3664955000025273
2021-07-04 09:00:00,0.05437280152568023,0.0,0.16311840457704066
2021-07-04 10:00:00,0.0,0.0,0.0
2021-07-04 11:00:00,0.0,0.0,0.0
2021-07-04 12:00:00,0.0,0.0,0.0
2021-07-04 13:00:00,0.0,0.0,0.0
2021-07-04 14:00:00,0.0,0.0,0.0
2021-07-04 15:00:00,0.018843139545756577,0.0,0.056529418637269735
2021-07-04 16:00:00,0.04319957077758312,0.0,0.1295987123327494
2021-07-04 17:00:00,0.04395871886713505,0.0,0.13187615660140514
2021-07-04 18:00:00,0.09157338628296853,0.0,0.2747201588489056
2021-07-04 19:00:00,0.0,0.0,0.0
2021-07-04 20:00:00,0.0,0.0,0.0
2021-07-04 21:00:00,0.0,0.0,0.0
2021-07-04 22:00:00,0.0,0.0,0.0
2021-07-04 23:00:00,0.0,0.0,0.0
2021-07-05 00:00:00,0.0,0.0,0.0
2021-07-05 01:00:00,0.0,0.0,0.0
2021-07-05 02:00:00,0.0,0.0,0.0
2021-07-05 03:00:00,0.001175822417225937,0.0,0.002351644834451874
2021-07-05 04:00:00,0.021561098062992095,0.0,0.04312219612598419
2021-07-05 05:00:00,0.0,0.0,0.0
2021-07-05 06:00:00,0.0,0.0,0.0
2021-07-05 07:00:00,0.1817697739979108,0.0,0.5453093219937325
2021-07-05 08:00:00,0.0,0.0,0.0
2021-07-05 09:00:00,0.0,0.0,0.0
2021-07-05 10:00:00,0.0,0.0,0.0
2021-07-05 11:00:00,0.0,0.0,0.0
2021-07-05 12:00:00,0.0,0.0,0.0
2021-07-05 13:00:00,0.0,0.0,0.0
2021-07-05 14:00:00,0.0,0.0,0.0
2021-07-05 15:00:00,0.0,0.0,0.0
2021-07-05 16:00:00,0.0,0.0,0.0
2021-07-05 17:00:00,0.0,0.0,0.0
2021-07-05 18:00:00,0.41104510114847814,0.0,1.2331353034454346
2021-07-05 19:00:00,0.4563868962755203,0.0,1.369160688826561
2021-07-05 20:00:00,0.4247817816755295,0.0,1.2743453450265885
2021-07-05 21:00:00,0.36338446962973275,0.0,1.0901534088891984
2021-07-05 22:00:00,0.38304602784860825,0.008075991725141805,1.1249101083703996
2021-07-05 23:00:00,0.37453235786103356,0.0030391803007359308,1.1144795326808932
2021-07-06 00:00:00,0.0,0.0,0.0
2021-07-06 01:00:00,0.0,0.0,0.0
2021-07-06 02:00:00,0.0,0.0,0.0
2021-07-06 03:00:00,0.018226225151491166,0.0,0.03645245030298233
2021-07-06 04:00:00,0.04347938890837033,0.0,0.08695877781674066
2021-07-06 05:00:00,0.017356457086745897,0.0,0.034712914173491795
2021-07-06 06:00:00,0.0,0.0,0.0
2021-07-06 07:00:00,0.5656910985417684,0.0,1.6970732956253052
2021-07-06 08:00:00,0.13346573240578538,0.0,0.3729523397580104
2021-07-06 09:00:00,0.0,0.0,0.0
2021-07-06 10:00:00,0.0,0.0,0.0
2021-07-06 11:00:00,0.0,0.0,0.0
2021-07-06 12:00:00,0.0,0.0,0.0
2021-07-06 13:00:00,0.0,0.0,0.0
2021-07-06 14:00:00,0.0,0.0,0.0
2021-07-06 15:00:00,0.0,0.0,0.0
2021-07-06 16:00:00,0.0,0.0,0.0
2021-07-06 17:00:00,0.0,0.0,0.0
2021-07-06 18:00:00,0.21317767023855846,0.0,0.6395330107156755
2021-07-06 19:00:00,0.31255135275039675,0.0,0.9376540582511902
2021-07-06 20:00:00,0.4531940688453039,0.0,1.3595822065359116
2021-07-06 21:00:00,0.38946655278066006,0.0,1.16839965834198
2021-07-06 22:00:00,0.4299243740432779,0.01848012957961162,1.2343327333909988
2021-07-06 23:00:00,0.4658676967455546,0.02596030993804932,1.3197221604225158
2021-07-07 00:00:00,0.0,0.0,0.0
2021-07-07 01:00:00,0.0,0.0,0.0
2021-07-07 02:00:00,0.0,0.0,0.0
2021-07-07 03:00:00,0.001859884338011841,0.0,0.003719768676023682
2021-07-07 04:00:00,0.0,0.0,0.0
2021-07-07 05:00:00,0.0,0.0,0.0
2021-07-07 06:00:00,0.0,0.0,0.0
2021-07-07 07:00:00,0.22881007210909526,0.0,0.6864302163272857
2021-07-07 08:00:00,0.07082691830727258,0.0,0.21248075492181778
2021-07-07 09:00:00,0.01612989261082411,0.0,0.048389677832472326
2021-07-07 10:00:00,0.0,0.0,0.0
2021-07-07 11:00:00,0.0,0.0,0.0
2021-07-07 12:00:00,0.0,0.0,0.0
2021-07-07 13:00:00,0.0,0.0,0.0
2021-07-07 14:00:00,0.0,0.0,0.0
2021-07-07 15:00:00,0.0,0.0,0.0
2021-07-07 16:00:00,0.0,0.0,0.0
2021-07-07 17:00:00,0.0,0.0,0.0
2021-07-07 18:00:00,0.0,0.0,0.0
2021-07-07 19:00:00,0.0,0.0,0.0
2021-07-07 20:00:00,0.33231169901456836,0.0,0.9969350970437051
2021-07-07 21:00:00,0.3383364017983755,0.0,1.0150092053951263
2021-07-07 22:00:00,0.36267899867782594,0.0,1.088036996033478
2021-07-07 23:00:00,0.44639718508714044,0.0,1.3391915552614213
2021-07-08 00:00:00,0.0,0.0,0.0
2021-07-08 01:00:00,0.0,0.0,0.0
2021-07-08 02:00:00,0.0,0.0,0.0
2021-07-08 03:00:00,0.000502811564147907,0.0,0.001005623128295814
2021-07-08 04:00:00,0.01450568180657824,0.0,0.02901136361315648
2021-07-08 05:00:00,0.0,0.0,0.0
2021-07-08 06:00:00,0.0,0.0,0.0
2021-07-08 07:00:00,0.39054145167153675,0.0,1.1716243550146104
2021-07-08 08:00:00,0.1207971777681562,0.0,0.34726182919259596
2021-07-08 09:00:00,0.0,0.0,0.0
2021-07-08 10:00:00,0.0,0.0,0.0
2021-07-08 11:00:00,0.0,0.0,0.0
2021-07-08 12:00:00,0.0,0.0,0.0
2021-07-08 13:00:00,0.0,0.0,0.0
2021-07-08 14:00:00,0.0,0.0,0.0
2021-07-08 15:00:00,0.0,0.0,0.0
2021-07-08 16:00:00,0.0,0.0,0.0
2021-07-08 17:00:00,0.0,0.0,0.0
2021-07-08 18:00:00,0.0,0.0,0.0
2021-07-08 19:00:00,0.05321235126894315,0.0,0.15963705380682947
2021-07-08 20:00:00,0.30376411713857654,0.0,0.9112923514157295
2021-07-08 21:00:00,0.4562709065922419,0.0,1.368812719776726
2021-07-08 22:00:00,0.33483493331960046,0.0,1.0045047999588013
2021-07-08 23:00:00,0.34343962877133694,0.0,1.0303188863140107
2021-07-09 00:00:00,0.0,0.0,0.0
2021-07-09 01:00:00,0.0,0.0,0.0
2021-07-09 02:00:00,0.024765113631502786,0.0,0.04953022726300557
2021-07-09 03:00:00,0.0,0.0,0.0
2021-07-09 04:00:00,0.005225745874758065,0.0,0.01045149174951613
2021-07-09 05:00:00,0.0,0.0,0.0
2021-07-09 06:00:00,0.0,0.0,0.0
2021-07-09 07:00:00,0.20619092716388704,0.0,0.6185727814916611
2021-07-09 08:00:00,0.0,0.0,0.0
2021-07-09 09:00:00,0.05828673039512634,0.0,0.17486019118537902
2021-07-09 10:00:00,0.0,0.0,0.0
2021-07-09 11:00:00,0.0,0.0,0.0
2021-07-09 12:00:00,0.0,0.0,0.0
2021-07-09 13:00:00,0.0,0.0,0.0
2021-07-09 14:00:00,0.0,0.0,0.0
2021-07-09 15:00:00,0.0,0.0,0.0
2021-07-09 16:00:00,0.0,0.0,0.0
2021-07-09 17:00:00,0.0,0.0,0.0
2021-07-09 18:00:00,0.0,0.0,0.0
2021-07-09 19:00:00,0.06213301689726512,0.0,0.18639905069179535
2021-07-09 20:00:00,0.2510577150219599,0.0,0.7531731450658798
2021-07-09 21:00:00,0.3296805719676972,0.0,0.9890417159030914
2021-07-09 22:00:00,0.3861368351877848,0.0,1.1584105055633547
2021-07-09 23:00:00,0.44492741072705594,0.0,1.3347822321811678
2021-07-10 00:00:00,0.0505344623909394,0.0,0.1010689247818788
2021-07-10 01:00:00,0.05975591144484679,0.0,0.11951182288969359
2021-07-10 02:00:00,0.06136266571201484,0.0,0.12272533142402968
2021-07-10 03:00:00,0.07713429608605703,0.014505850077374776,0.1397627420947393
2021-07-10 04:00:00,0.08775358186485371,0.023868878440137704,0.1516382852895697
2021-07-10 05:00:00,0.032814261178795504,0.0,0.06562852235759101
2021-07-10 06:00:00,0.0,0.0,0.0
2021-07-10 07:00:00,0.5826551481309891,0.0,1.7479654443929673
2021-07-10 08:00:00,0.19533290875056583,0.0,0.5859987262516975
2021-07-10 09:00:00,0.335140667548836,0.0,0.777948713825755
2021-07-10 10:00:00,0.028552542452775546,0.0,0.05710508490555109
2021-07-10 11:00:00,0.018144435819049908,0.0,0.036288871638099816
2021-07-10 12:00:00,0.0,0.0,0.0
2021-07-10 13:00:00,0.0,0.0,0.0
2021-07-10 14:00:00,0.024103717163785298,0.0,0.07231115149135589
2021-07-10 15:00:00,0.042762630102141694,0.0,0.1282878903064251
2021-07-10 16:00:00,0.03991466058170001,0.0,0.11974398174510002
2021-07-10 17:00:00,0.021404875455486774,0.0,0.06421462636646033
2021-07-10 18:00:00,0.025661702814765774,0.0,0.07698510844429732
2021-07-10 19:00:00,0.0,0.0,0.0
2021-07-10 20:00:00,0.0,0.0,0.0
2021-07-10 21:00:00,0.05886212178905805,0.0,0.1177242435781161
2021-07-10 22:00:00,0.12991478721116384,0.0,0.2598295744223277
2021-07-10 23:00:00,0.15740464129622775,0.0,0.3148092825924555
2021-07-11 00:00:00,0.10102159955519041,0.030554317072979606,0.1714888820374012
2021-07-11 01:00:00,0.1935937549009712,0.11940056904477059,0.2691857879729307
2021-07-11 02:00:00,0.3682830521179546,0.25343875695367185,0.4774000292177769
2021-07-11 03:00:00,0.5200104260569204,0.3562441431039905,0.705038983625414
2021-07-11 04:00:00,0.46889910061896567,0.3199193461725084,0.6262346791260829
2021-07-11 05:00:00,0.0,0.0,0.0
2021-07-11 06:00:00,0.0,0.0,0.0
2021-07-11 07:00:00,0.5465083274525325,0.0,1.6395249823575975
2021-07-11 08:00:00,0.2281102051979383,0.0,0.6843306155938149
2021-07-11 09:00:00,0.2745835028939625,0.0,0.6947662617183744
2021-07-11 10:00:00,0.01895817561769972,0.0,0.03791635123539944
2021-07-11 11:00:00,0.004364979654874614,0.0,0.008729959309749229
2021-07-11 12:00:00,0.0,0.0,0.0
2021-07-11 13:00:00,0.0,0.0,0.0
2021-07-11 14:00:00,0.0,0.0,0.0
2021-07-11 15:00:00,0.047153789907972025,0.0,0.14146136972391604
2021-07-11 16:00:00,0.1863916717057546,0.0,0.5591750151172638
2021-07-11 17:00:00,0.2131930367046012,0.0,0.6110746649389559
2021-07-11 18:00:00,0.2987714605257031,0.0,0.7844589143446601
2021-07-11 19:00:00,0.17187185821445988,0.002369204337243473,0.5086264218485113
2021-07-11 20:00:00,0.23105035495626744,0.038546086977180025,0.579440108286121
2021-07-11 21:00:00,0.22431452617941497,0.0,0.6729435785382449
2021-07-11 22:00:00,0.0,0.0,0.0
2021-07-11 23:00:00,0.012170444621239106,0.0,0.024340889242478212
2021-07-12 00:00:00,0.04566727322685719,0.0,0.09133454645371437
2021-07-12 01:00:00,0.051141694047314425,0.005166507698900005,0.09711688039572884
2021-07-12 02:00:00,0.04768980874002725,0.004224704152607421,0.09115491332744709
2021-07-12 03:00:00,0.05031370045425992,0.005574848259569208,0.09505255264895061
2021-07-12 04:00:00,0.05226019595253766,0.00658603234817485,0.09793435955690047
2021-07-12 05:00:00,0.034595361441481114,0.0,0.06919072288296223
2021-07-12 06:00:00,0.0,0.0,0.0
2021-07-12 07:00:00,0.6493160113954205,0.054665021936234286,1.7386159506064809
2021-07-12 08:00:00,0.16626097394406364,0.0,0.30707864617804753
2021-07-12 09:00:00,0.007023816213663139,0.0,0.014047632427326278
2021-07-12 10:00:00,0.0,0.0,0.0
2021-07-12 11:00:00,0.0,0.0,0.0
2021-07-12 12:00:00,0.0,0.0,0.0
2021-07-12 13:00:00,0.0,0.0,0.0
2021-07-12 14:00:00,0.0,0.0,0.0
2021-07-12 15:00:00,0.0,0.0,0.0
2021-07-12 16:00:00,0.0,0.0,0.0
2021-07-12 17:00:00,0.0,0.0,0.0
2021-07-12 18:00:00,0.17629428715079623,0.0,0.5288828614523888
2021-07-12 19:00:00,0.2596127518919627,0.0,0.778838255675888
2021-07-12 20:00:00,0.30900233966967267,0.0,0.9270070190090179
2021-07-12 21:00:00,0.32650415779562,0.0,0.9795124733868599
2021-07-12 22:00:00,0.35311635129235586,0.0,1.0593490538770676
2021-07-12 23:00:00,0.3477439309313456,0.0,1.0432317927940369
2021-07-13 00:00:00,0.0,0.0,0.0
2021-07-13 01:00:00,0.05039948179020882,0.0,0.10079896358041764
2021-07-13 02:00:00,0.0613860989784956,0.0,0.1227721979569912
2021-07-13 03:00:00,0.07370204050043372,0.0020178635040754684,0.14740408100086744
2021-07-13 04:00:00,0.0958308765708459,0.010340377373776096,0.1916617531416918
2021-07-13 05:00:00,0.0,0.0,0.0
2021-07-13 06:00:00,0.0,0.0,0.0
2021-07-13 07:00:00,0.17961211859318416,0.0,0.5388363557795525
2021-07-13 08:00:00,0.10491404932459214,0.0,0.20982809864918428
2021-07-13 09:00:00,0.012926082657351028,0.0,0.025852165314702056
2021-07-13 10:00:00,0.0,0.0,0.0
2021-07-13 11:00:00,0.0,0.0,0.0
2021-07-13 12:00:00,0.0,0.0,0.0
2021-07-13 13:00:00,0.0,0.0,0.0
2021-07-13 14:00:00,0.0,0.0,0.0
2021-07-13 15:00:00,0.0,0.0,0.0
2021-07-13 16:00:00,0.0,0.0,0.0
2021-07-13 17:00:00,0.0,0.0,0.0
2021-07-13 18:00:00,0.0,0.0,0.0
2021-07-13 19:00:00,0.0,0.0,0.0
2021-07-13 20:00:00,0.3195506799877485,0.0,0.9586520399632454
2021-07-13 21:00:00,0.25789292962112426,0.0,0.7736787888633728
2021-07-13 22:00:00,0.36686778979148865,0.0,1.100603369374466
2021-07-13 23:00:00,0.355739122136116,0.0,1.0672173664083482
2021-07-14 00:00:00,0.0,0.0,0.0
2021-07-14 01:00:00,0.0,0.0,0.0
2021-07-14 02:00:00,0.0,0.0,0.0
2021-07-14 03:00:00,0.0,0.0,0.0
2021-07-14 04:00:00,0.0027788183249920608,0.0,0.0055576366499841216
2021-07-14 05:00:00,0.0,0.0,0.0
2021-07-14 06:00:00,0.0,0.0,0.0
2021-07-14 07:00:00,0.07481189484636784,0.0,0.2244356845391035
2021-07-14 08:00:00,0.026934216737335807,0.0,0.053868433474671615
2021-07-14 09:00:00,0.0,0.0,0.0
2021-07-14 10:00:00,0.0,0.0,0.0
2021-07-14 11:00:00,0.0,0.0,0.0
2021-07-14 12:00:00,0.0,0.0,0.0
2021-07-14 13:00:00,0.0,0.0,0.0
2021-07-14 14:00:00,0.0,0.0,0.0
2021-07-14 15:00:00,0.0,0.0,0.0
2021-07-14 16:00:00,0.0,0.0,0.0
2021-07-14 17:00:00,0.0,0.0,0.0
2021-07-14 18:00:00,0.0,0.0,0.0
2021-07-14 19:00:00,0.0,0.0,0.0
2021-07-14 20:00:00,0.17335074978952408,0.0,0.5200522493685723
2021-07-14 21:00:00,0.3295941979446093,0.0,0.988782593833828
2021-07-14 22:00:00,0.3531848761465073,0.0,1.0595546284395219
2021-07-14 23:00:00,0.3848443160383225,0.0,1.1545329481149675
2021-07-15 00:00:00,0.0,0.0,0.0
2021-07-15 01:00:00,0.0,0.0,0.0
2021-07-15 02:00:00,0.033787871021759515,0.0,0.06757574204351903
2021-07-15 03:00:00,0.06518572336552939,0.0,0.13037144673105877
2021-07-15 04:00:00,0.1233967319022139,0.041308812799370286,0.2054846510050575
2021-07-15 05:00:00,0.0,0.0,0.0
2021-07-15 06:00:00,0.0,0.0,0.0
2021-07-15 07:00:00,0.008964890309777856,0.0,0.02689467092933357
2021-07-15 08:00:00,0.0,0.0,0.0
2021-07-15 09:00:00,0.0,0.0,0.0
2021-07-15 10:00:00,0.0,0.0,0.0
2021-07-15 11:00:00,0.0,0.0,0.0
2021-07-15 12:00:00,0.0,0.0,0.0
2021-07-15 13:00:00,0.0,0.0,0.0
2021-07-15 14:00:00,0.0,0.0,0.0
2021-07-15 15:00:00,0.0,0.0,0.0
2021-07-15 16:00:00,0.0,0.0,0.0
2021-07-15 17:00:00,0.0,0.0,0.0
2021-07-15 18:00:00,0.0,0.0,0.0
2021-07-15 19:00:00,0.06462291613427798,0.0,0.19386874840283394
2021-07-15 20:00:00,0.24293566508690517,0.0,0.7288069952607155
2021-07-15 21:00:00,0.2725276925789515,0.0,0.8175830777368546
2021-07-15 22:00:00,0.3096478414025942,0.0,0.9289435242077828
2021-07-15 23:00:00,0.36839563876603443,0.0,1.1051869162981034
2021-07-16 00:00:00,0.0,0.0,0.0
2021-07-16 01:00:00,0.04511433788233598,0.0,0.09022867576467196
2021-07-16 02:00:00,0.09114230392414728,0.0,0.18228460784829456
2021-07-16 03:00:00,0.26115042919733866,0.1856545826463042,0.3380471024184333
2021-07-16 04:00:00,0.41149898798433754,0.2797971478074363,0.5556940254548228
2021-07-16 05:00:00,0.0,0.0,0.0
2021-07-16 06:00:00,0.0,0.0,0.0
2021-07-16 07:00:00,0.11163689918578468,0.0,0.334910697557354
2021-07-16 08:00:00,0.020130410562109857,0.0,0.04026082112421971
2021-07-16 09:00:00,0.0,0.0,0.0
2021-07-16 10:00:00,0.0,0.0,0.0
2021-07-16 11:00:00,0.0,0.0,0.0
2021-07-16 12:00:00,0.0,0.0,0.0
2021-07-16 13:00:00,0.0,0.0,0.0
2021-07-16 14:00:00,0.0,0.0,0.0
2021-07-16 15:00:00,0.0,0.0,0.0
2021-07-16 16:00:00,0.0,0.0,0.0
2021-07-16 17:00:00,0.0,0.0,0.0
2021-07-16 18:00:00,0.0,0.0,0.0
2021-07-16 19:00:00,0.0,0.0,0.0
2021-07-16 20:00:00,0.08879461968566577,0.0,0.2663838590569973
2021-07-16 21:00:00,0.24382704660062793,0.0,0.7314811398018837
2021-07-16 22:00:00,0.24872832867453892,0.0,0.7461849860236168
2021-07-16 23:00:00,0.261668617175738,0.0,0.785005851527214
2021-07-17 00:00:00,0.0,0.0,0.0
2021-07-17 01:00:00,0.0,0.0,0.0
2021-07-17 02:00:00,0.0,0.0,0.0
2021-07-17 03:00:00,0.0,0.0,0.0
2021-07-17 04:00:00,0.0313866991060853,0.0,0.0627733982121706
2021-07-17 05:00:00,0.0,0.0,0.0
2021-07-17 06:00:00,0.0,0.0,0.0
2021-07-17 07:00:00,0.0,0.0,0.0
2021-07-17 08:00:00,0.0,0.0,0.0
2021-07-17 09:00:00,0.0,0.0,0.0
2021-07-17 10:00:00,0.0,0.0,0.0
2021-07-17 11:00:00,0.0,0.0,0.0
2021-07-17 12:00:00,0.0,0.0,0.0
2021-07-17 13:00:00,0.0,0.0,0.0
2021-07-17 14:00:00,0.0,0.0,0.0
2021-07-17 15:00:00,0.0,0.0,0.0
2021-07-17 16:00:00,0.0,0.0,0.0
2021-07-17 17:00:00,0.0,0.0,0.0
2021-07-17 18:00:00,0.0,0.0,0.0
2021-07-17 19:00:00,0.0,0.0,0.0
2021-07-17 20:00:00,0.0,0.0,0.0
2021-07-17 21:00:00,0.0,0.0,0.0
2021-07-17 22:00:00,0.0,0.0,0.0
2021-07-17 23:00:00,0.0,0.0,0.0
2021-07-18 00:00:00,0.0,0.0,0.0
2021-07-18 01:00:00,0.0,0.0,0.0
2021-07-18 02:00:00,0.0,0.0,0.0
2021-07-18 03:00:00,0.0,0.0,0.0
2021-07-18 04:00:00,0.011464613445182641,0.0,0.022929226890365282
2021-07-18 05:00:00,0.0,0.0,0.0
2021-07-18 06:00:00,0.0,0.0,0.0
2021-07-18 07:00:00,0.0,0.0,0.0
2021-07-18 08:00:00,0.0,0.0,0.0
2021-07-18 09:00:00,0.0,0.0,0.0
2021-07-18 10:00:00,0.0,0.0,0.0
2021-07-18 11:00:00,0.0,0.0,0.0
2021-07-18 12:00:00,0.0,0.0,0.0
2021-07-18 13:00:00,0.0,0.0,0.0
2021-07-18 14:00:00,0.0,0.0,0.0
2021-07-18 15:00:00,0.0,0.0,0.0
2021-07-18 16:00:00,0.0,0.0,0.0
2021-07-18 17:00:00,0.0,0.0,0.0
2021-07-18 18:00:00,0.0,0.0,0.0
2021-07-18 19:00:00,0.0,0.0,0.0
2021-07-18 20:00:00,0.0,0.0,0.0
2021-07-18 21:00:00,0.0,0.0,0.0
2021-07-18 22:00:00,0.0,0.0,0.0
2021-07-18 23:00:00,0.0,0.0,0.0
2021-07-19 00:00:00,0.0,0.0,0.0
2021-07-19 01:00:00,0.0,0.0,0.0
2021-07-19 02:00:00,0.0,0.0,0.0
2021-07-19 03:00:00,0.0,0.0,0.0
2021-07-19 04:00:00,0.0,0.0,0.0
2021-07-19 05:00:00,0.0,0.0,0.0
2021-07-19 06:00:00,0.0,0.0,0.0
2021-07-19 07:00:00,0.0,0.0,0.0
2021-07-19 08:00:00,0.0,0.0,0.0
2021-07-19 09:00:00,0.0,0.0,0.0
2021-07-19 10:00:00,0.0,0.0,0.0
2021-07-19 11:00:00,0.0,0.0,0.0
2021-07-19 12:00:00,0.0,0.0,0.0
2021-07-19 13:00:00,0.0,0.0,0.0
2021-07-19 14:00:00,0.0,0.0,0.0
2021-07-19 15:00:00,0.0,0.0,0.0
2021-07-19 16:00:00,0.0,0.0,0.0
2021-07-19 17:00:00,0.0,0.0,0.0
2021-07-19 18:00:00,0.0,0.0,0.0
2021-07-19 19:00:00,0.0,0.0,0.0
2021-07-19 20:00:00,0.0,0.0,0.0
2021-07-19 21:00:00,0.0,0.0,0.0
2021-07-19 22:00:00,0.0007862868971012533,0.0,0.00235886069130376
2021-07-19 23:00:00,0.11860080729014079,0.0,0.3558024218704224
2021-07-20 00:00:00,0.0,0.0,0.0
2021-07-20 01:00:00,0.0,0.0,0.0
2021-07-20 02:00:00,0.0,0.0,0.0
2021-07-20 03:00:00,0.0,0.0,0.0
2021-07-20 04:00:00,0.0,0.0,0.0
2021-07-20 05:00:00,0.0,0.0,0.0
2021-07-20 06:00:00,0.0,0.0,0.0
2021-07-20 07:00:00,0.0,0.0,0.0
2021-07-20 08:00:00,0.0,0.0,0.0
2021-07-20 09:00:00,0.0,0.0,0.0
2021-07-20 10:00:00,0.0,0.0,0.0
2021-07-20 11:00:00,0.0,0.0,0.0
2021-07-20 12:00:00,0.0,0.0,0.0
2021-07-20 13:00:00,0.0,0.0,0.0
2021-07-20 14:00:00,0.0,0.0,0.0
2021-07-20 15:00:00,0.0,0.0,0.0
2021-07-20 16:00:00,0.0,0.0,0.0
2021-07-20 17:00:00,0.0,0.0,0.0
2021-07-20 18:00:00,0.0,0.0,0.0
2021-07-20 19:00:00,0.0,0.0,0.0
2021-07-20 20:00:00,0.0,0.0,0.0
2021-07-20 21:00:00,0.0,0.0,0.0
2021-07-20 22:00:00,0.0,0.0,0.0
2021-07-20 23:00:00,0.1180104186056614,0.0,0.3540312558169842
2021-07-21 00:00:00,0.0,0.0,0.0
2021-07-21 01:00:00,0.0,0.0,0.0
2021-07-21 02:00:00,0.0,0.0,0.0
2021-07-21 03:00:00,0.0,0.0,0.0
2021-07-21 04:00:00,0.0,0.0,0.0
2021-07-21 05:00:00,0.0,0.0,0.0
2021-07-21 06:00:00,0.0,0.0,0.0
2021-07-21 07:00:00,0.0,0.0,0.0
2021-07-21 08:00:00,0.0,0.0,0.0
2021-07-21 09:00:00,0.0,0.0,0.0
2021-07-21 10:00:00,0.0,0.0,0.0
2021-07-21 11:00:00,0.0,0.0,0.0
2021-07-21 12:00:00,0.0,0.0,0.0
2021-07-21 13:00:00,0.0,0.0,0.0
2021-07-21 14:00:00,0.0,0.0,0.0
2021-07-21 15:00:00,0.0,0.0,0.0
2021-07-21 16:00:00,0.0,0.0,0.0
2021-07-21 17:00:00,0.0,0.0,0.0
2021-07-21 18:00:00,0.0,0.0,0.0
2021-07-21 19:00:00,0.0,0.0,0.0
2021-07-21 20:00:00,0.0,0.0,0.0
2021-07-21 21:00:00,0.0,0.0,0.0
2021-07-21 22:00:00,0.004415397656008601,0.0,0.013246192968025804
2021-07-21 23:00:00,0.12477214249250093,0.0,0.3743164274775028
2021-07-22 00:00:00,0.0,0.0,0.0
2021-07-22 01:00:00,0.0,0.0,0.0
2021-07-22 02:00:00,0.0,0.0,0.0
2021-07-22 03:00:00,0.0,0.0,0.0
2021-07-22 04:00:00,0.0,0.0,0.0
2021-07-22 05:00:00,0.0,0.0,0.0
2021-07-22 06:00:00,0.0,0.0,0.0
2021-07-22 07:00:00,0.0,0.0,0.0
2021-07-22 08:00:00,0.0,0.0,0.0
2021-07-22 09:00:00,0.0,0.0,0.0
2021-07-22 10:00:00,0.0,0.0,0.0
2021-07-22 11:00:00,0.0,0.0,0.0
2021-07-22 12:00:00,0.0,0.0,0.0
2021-07-22 13:00:00,0.0,0.0,0.0
2021-07-22 14:00:00,0.0,0.0,0.0
2021-07-22 15:00:00,0.0,0.0,0.0
2021-07-22 16:00:00,0.0,0.0,0.0
2021-07-22 17:00:00,0.0,0.0,0.0
2021-07-22 18:00:00,0.0,0.0,0.0
2021-07-22 19:00:00,0.0,0.0,0.0
2021-07-22 20:00:00,0.0,0.0,0.0
2021-07-22 21:00:00,0.0,0.0,0.0
2021-07-22 22:00:00,0.1352932703066508,0.0,0.4058798109199524
2021-07-22 23:00:00,0.18643584590597154,0.0,0.5593075377179145
2021-07-23 00:00:00,0.0,0.0,0.0
2021-07-23 01:00:00,0.0,0.0,0.0
2021-07-23 02:00:00,0.0,0.0,0.0
2021-07-23 03:00:00,0.0,0.0,0.0
2021-07-23 04:00:00,0.0,0.0,0.0
2021-07-23 05:00:00,0.0,0.0,0.0
2021-07-23 06:00:00,0.0,0.0,0.0
2021-07-23 07:00:00,0.0,0.0,0.0
2021-07-23 08:00:00,0.0,0.0,0.0
2021-07-23 09:00:00,0.0,0.0,0.0
2021-07-23 10:00:00,0.0,0.0,0.0
2021-07-23 11:00:00,0.0,0.0,0.0
2021-07-23 12:00:00,0.0,0.0,0.0
2021-07-23 13:00:00,0.0,0.0,0.0
2021-07-23 14:00:00,0.0,0.0,0.0
2021-07-23 15:00:00,0.0,0.0,0.0
2021-07-23 16:00:00,0.0,0.0,0.0
2021-07-23 17:00:00,0.0,0.0,0.0
2021-07-23 18:00:00,0.0,0.0,0.0
2021-07-23 19:00:00,0.07026651423228583,0.0,0.21079954269685744
2021-07-23 20:00:00,0.24608673144477208,0.0,0.7382601943343163
2021-07-23 21:00:00,0.26114291427834835,0.0,0.7834287428350448
2021-07-23 22:00:00,0.18934194987049102,0.0,0.5680258496114732
2021-07-23 23:00:00,0.1817753580954552,0.0,0.5453260742863655
2021-07-24 00:00:00,0.0,0.0,0.0
2021-07-24 01:00:00,0.0,0.0,0.0
2021-07-24 02:00:00,0.0,0.0,0.0
2021-07-24 03:00:00,0.0,0.0,0.0
2021-07-24 04:00:00,0.0,0.0,0.0
2021-07-24 05:00:00,0.0,0.0,0.0
2021-07-24 06:00:00,0.0,0.0,0.0
2021-07-24 07:00:00,0.29966369436855317,0.0,0.8989910831056594
2021-07-24 08:00:00,0.14315278788429897,0.0,0.4294583636528969
2021-07-24 09:00:00,0.037544024206570784,0.0,0.11263207261971236
2021-07-24 10:00:00,0.0,0.0,0.0
2021-07-24 11:00:00,0.0,0.0,0.0
2021-07-24 12:00:00,0.0,0.0,0.0
2021-07-24 13:00:00,0.0,0.0,0.0
2021-07-24 14:00:00,0.0,0.0,0.0
2021-07-24 15:00:00,0.0,0.0,0.0
2021-07-24 16:00:00,0.0,0.0,0.0
2021-07-24 17:00:00,0.0,0.0,0.0
2021-07-24 18:00:00,0.0,0.0,0.0
2021-07-24 19:00:00,0.0,0.0,0.0
2021-07-24 20:00:00,0.0,0.0,0.0
2021-07-24 21:00:00,0.0,0.0,0.0
2021-07-24 22:00:00,0.0,0.0,0.0
2021-07-24 23:00:00,0.0,0.0,0.0
2021-07-25 00:00:00,0.0,0.0,0.0
2021-07-25 01:00:00,0.0,0.0,0.0
2021-07-25 02:00:00,0.0,0.0,0.0
2021-07-25 03:00:00,0.0,0.0,0.0
2021-07-25 04:00:00,0.0,0.0,0.0
2021-07-25 05:00:00,0.0,0.0,0.0
2021-07-25 06:00:00,0.0,0.0,0.0
2021-07-25 07:00:00,0.1406800796904405,0.0,0.4220402390713215
2021-07-25 08:00:00,0.015158247173603374,0.0,0.04547474152081013
2021-07-25 09:00:00,0.0,0.0,0.0
2021-07-25 10:00:00,0.0,0.0,0.0
2021-07-25 11:00:00,0.0,0.0,0.0
2021-07-25 12:00:00,0.0,0.0,0.0
2021-07-25 13:00:00,0.0,0.0,0.0
2021-07-25 14:00:00,0.0,0.0,0.0
2021-07-25 15:00:00,0.0,0.0,0.0
2021-07-25 16:00:00,0.0,0.0,0.0
2021-07-25 17:00:00,0.0,0.0,0.0
2021-07-25 18:00:00,0.0026671064592967433,0.0,0.00800131937789023
2021-07-25 19:00:00,0.0,0.0,0.0
2021-07-25 20:00:00,0.0,0.0,0.0
2021-07-25 21:00:00,0.0,0.0,0.0
2021-07-25 22:00:00,0.0,0.0,0.0
2021-07-25 23:00:00,0.0,0.0,0.0
2021-07-26 00:00:00,0.0,0.0,0.0
2021-07-26 01:00:00,0.0,0.0,0.0
2021-07-26 02:00:00,0.0,0.0,0.0
2021-07-26 03:00:00,0.0,0.0,0.0
2021-07-26 04:00:00,0.0,0.0,0.0
2021-07-26 05:00:00,0.0,0.0,0.0
2021-07-26 06:00:00,0.0,0.0,0.0
2021-07-26 07:00:00,0.14716298759257,0.0,0.44148896277771
2021-07-26 08:00:00,0.0,0.0,0.0
2021-07-26 09:00:00,0.0,0.0,0.0
2021-07-26 10:00:00,0.0,0.0,0.0
2021-07-26 11:00:00,0.0,0.0,0.0
2021-07-26 12:00:00,0.0,0.0,0.0
2021-07-26 13:00:00,0.0,0.0,0.0
2021-07-26 14:00:00,0.0,0.0,0.0
2021-07-26 15:00:00,0.0,0.0,0.0
2021-07-26 16:00:00,0.0,0.0,0.0
2021-07-26 17:00:00,0.0,0.0,0.0
2021-07-26 18:00:00,0.0,0.0,0.0
2021-07-26 19:00:00,0.0,0.0,0.0
2021-07-26 20:00:00,0.04994005016474724,0.0,0.14982015049424172
2021-07-26 21:00:00,0.15162306613086066,0.0,0.45486919839258194
2021-07-26 22:00:00,0.2944520760736148,0.0,0.8833562282208443
2021-07-26 23:00:00,0.20226024101600648,0.0,0.6067807230480194
2021-07-27 00:00:00,0.0,0.0,0.0
2021-07-27 01:00:00,0.0,0.0,0.0
2021-07-27 02:00:00,0.0,0.0,0.0
2021-07-27 03:00:00,0.0,0.0,0.0
2021-07-27 04:00:00,0.0,0.0,0.0
2021-07-27 05:00:00,0.0,0.0,0.0
2021-07-27 06:00:00,0.0,0.0,0.0
2021-07-27 07:00:00,0.32073484770164495,0.0,0.9622045431049348
2021-07-27 08:00:00,0.039329150503869856,0.0,0.11798745151160955
2021-07-27 09:00:00,0.0,0.0,0.0
2021-07-27 10:00:00,0.0,0.0,0.0
2021-07-27 11:00:00,0.0,0.0,0.0
2021-07-27 12:00:00,0.0,0.0,0.0
2021-07-27 13:00:00,0.0,0.0,0.0
2021-07-27 14:00:00,0.0,0.0,0.0
2021-07-27 15:00:00,0.0,0.0,0.0
2021-07-27 16:00:00,0.0,0.0,0.0
2021-07-27 17:00:00,0.0,0.0,0.0
2021-07-27 18:00:00,0.0,0.0,0.0
2021-07-27 19:00:00,0.10118317940627734,0.0,0.30354953821883207
2021-07-27 20:00:00,0.17199979704790117,0.0,0.5159993911437035
2021-07-27 21:00:00,0.20249453379440308,0.0,0.6074836013832092
2021-07-27 22:00:00,0.2178042745429039,0.0,0.6534128236287118
2021-07-27 23:00:00,0.23940928754444124,0.0,0.7182278626333236
2021-07-28 00:00:00,0.0,0.0,0.0
2021-07-28 01:00:00,0.0,0.0,0.0
2021-07-28 02:00:00,0.0,0.0,0.0
2021-07-28 03:00:00,0.0,0.0,0.0
2021-07-28 04:00:00,0.0,0.0,0.0
2021-07-28 05:00:00,0.0,0.0,0.0
2021-07-28 06:00:00,0.0,0.0,0.0
2021-07-28 07:00:00,0.09269281835176149,0.0,0.2780784550552845
2021-07-28 08:00:00,0.0,0.0,0.0
2021-07-28 09:00:00,0.0,0.0,0.0
2021-07-28 10:00:00,0.0,0.0,0.0
2021-07-28 11:00:00,0.0,0.0,0.0
2021-07-28 12:00:00,0.0,0.0,0.0
2021-07-28 13:00:00,0.0,0.0,0.0
2021-07-28 14:00:00,0.0,0.0,0.0
2021-07-28 15:00:00,0.0,0.0,0.0
2021-07-28 16:00:00,0.0,0.0,0.0
2021-07-28 17:00:00,0.0,0.0,0.0
2021-07-28 18:00:00,0.0,0.0,0.0
2021-07-28 19:00:00,0.2031585627652486,0.0,0.6094756882957458
2021-07-28 20:00:00,0.2810145236860911,0.0,0.8430435710582733
2021-07-28 21:00:00,0.3718403887683233,0.0,1.11552116630497
2021-07-28 22:00:00,0.3676805950754801,0.0,1.1030417852264405
2021-07-28 23:00:00,0.39874429153213503,0.0,1.196232874596405
2021-07-29 00:00:00,0.0,0.0,0.0
2021-07-29 01:00:00,0.0,0.0,0.0
2021-07-29 02:00:00,0.008843749670449893,0.0,0.017687499340899786
2021-07-29 03:00:00,0.008735119030006726,0.0,0.01747023806001345
2021-07-29 04:00:00,0.014162121451612313,0.0,0.028324242903224627
2021-07-29 05:00:00,0.0,0.0,0.0
2021-07-29 06:00:00,0.0,0.0,0.0
2021-07-29 07:00:00,0.12785097455999056,0.0,0.38355292367997174
2021-07-29 08:00:00,0.0,0.0,0.0
2021-07-29 09:00:00,0.0,0.0,0.0
2021-07-29 10:00:00,0.0,0.0,0.0
2021-07-29 11:00:00,0.0,0.0,0.0
2021-07-29 12:00:00,0.0,0.0,0.0
2021-07-29 13:00:00,0.0,0.0,0.0
2021-07-29 14:00:00,0.0,0.0,0.0
2021-07-29 15:00:00,0.0,0.0,0.0
2021-07-29 16:00:00,0.0,0.0,0.0
2021-07-29 17:00:00,0.0,0.0,0.0
2021-07-29 18:00:00,0.0,0.0,0.0
2021-07-29 19:00:00,0.23496675902700423,0.0,0.7049002770810128
2021-07-29 20:00:00,0.2455743904950778,0.0,0.7367231714852334
2021-07-29 21:00:00,0.27692429189408624,0.0,0.8307728756822587
2021-07-29 22:00:00,0.2675319395405134,0.0,0.8025958186215401
2021-07-29 23:00:00,0.28095325815874733,0.0,0.8428597744762422
2021-07-30 00:00:00,0.0,0.0,0.0
2021-07-30 01:00:00,0.0,0.0,0.0
2021-07-30 02:00:00,0.0,0.0,0.0
2021-07-30 03:00:00,0.0,0.0,0.0
2021-07-30 04:00:00,0.0,0.0,0.0
2021-07-30 05:00:00,0.0,0.0,0.0
2021-07-30 06:00:00,0.0,0.0,0.0
2021-07-30 07:00:00,0.3047776108996709,0.0,0.9143328326990128
2021-07-30 08:00:00,0.18436139355465572,0.0,0.5530841806639671
2021-07-30 09:00:00,0.13470792725316685,0.0,0.4041237817595005
2021-07-30 10:00:00,0.0,0.0,0.0
2021-07-30 11:00:00,0.0,0.0,0.0
2021-07-30 12:00:00,0.0,0.0,0.0
2021-07-30 13:00:00,0.0,0.0,0.0
2021-07-30 14:00:00,0.0,0.0,0.0
2021-07-30 15:00:00,0.0,0.0,0.0
2021-07-30 16:00:00,0.0,0.0,0.0
2021-07-30 17:00:00,0.0,0.0,0.0
2021-07-30 18:00:00,0.0,0.0,0.0
2021-07-30 19:00:00,0.21271546650753023,0.0,0.6381463995225907
2021-07-30 20:00:00,0.34708728094654084,0.0,1.0412618428396225
2021-07-30 21:00:00,0.36003185723692577,0.0,1.0800955717107772
2021-07-30 22:00:00,0.41049151764977776,0.0,1.2314745529493334
2021-07-30 23:00:00,0.3994962700393041,0.0,1.1984888101179123
2021-07-31 00:00:00,0.0,0.0,0.0
2021-07-31 01:00:00,0.0,0.0,0.0
2021-07-31 02:00:00,0.0,0.0,0.0
2021-07-31 03:00:00,0.0,0.0,0.0
2021-07-31 04:00:00,0.0,0.0,0.0
2021-07-31 05:00:00,0.0,0.0,0.0
2021-07-31 06:00:00,0.0,0.0,0.0
2021-07-31 07:00:00,0.3030393810501417,0.0,0.9091181431504249
2021-07-31 08:00:00,0.03098850060025851,0.0,0.09296550180077552
2021-07-31 09:00:00,0.0,0.0,0.0
2021-07-31 10:00:00,0.0,0.0,0.0
2021-07-31 11:00:00,0.0,0.0,0.0
2021-07-31 12:00:00,0.0,0.0,0.0
2021-07-31 13:00:00,0.0,0.0,0.0
2021-07-31 14:00:00,0.0,0.0,0.0
2021-07-31 15:00:00,0.0,0.0,0.0
2021-07-31 16:00:00,0.0,0.0,0.0
2021-07-31 17:00:00,0.0,0.0,0.0
2021-07-31 18:00:00,0.0,0.0,0.0
2021-07-31 19:00:00,0.0,0.0,0.0
2021-07-31 20:00:00,0.0,0.0,0.0
2021-07-31 21:00:00,0.0,0.0,0.0
2021-07-31 22:00:00,0.0,0.0,0.0
2021-07-31 23:00:00,0.007221167353579402,0.0,0.021663502060738207
2021-08-01 00:00:00,0.019063276017548238,0.00021503973633209245,0.03791151229876438
2021-08-01 01:00:00,0.05601063104639252,0.01669383037253817,0.09532743172024688
2021-08-01 02:00:00,0.046383590789663795,0.022496808336774504,0.07166034735866786
2021-08-01 03:00:00,0.02610503030177355,0.008240608552493651,0.053593265247839694
2021-08-01 04:00:00,0.020990509865463775,0.0027077519585877656,0.039273267772339776
2021-08-01 05:00:00,0.013228085160642862,0.0,0.026456170321285725
2021-08-01 06:00:00,0.010011385713424284,0.0,0.02002277142684857
2021-08-01 07:00:00,0.6286375589056015,0.0,1.8859126767168044
2021-08-01 08:00:00,0.18997217510798772,0.0,0.5699165253239632
2021-08-01 09:00:00,0.14832257530566853,0.0,0.44496772591700556
2021-08-01 10:00:00,0.0,0.0,0.0
2021-08-01 11:00:00,0.0,0.0,0.0
2021-08-01 12:00:00,0.0,0.0,0.0
2021-08-01 13:00:00,0.24062580313768386,0.0,0.7218774094130517
2021-08-01 14:00:00,0.06320990013709069,0.0,0.18962970041127206
2021-08-01 15:00:00,0.08457354052227338,0.0,0.2537206215668202
2021-08-01 16:00:00,0.055018368074019754,0.0,0.16505510422205924
2021-08-01 17:00:00,0.15873905114887557,0.0,0.4762171534466267
2021-08-01 18:00:00,0.22954587667659124,0.0,0.6886376300297737
2021-08-01 19:00:00,0.0,0.0,0.0
2021-08-01 20:00:00,0.0,0.0,0.0
2021-08-01 21:00:00,0.0,0.0,0.0
2021-08-01 22:00:00,0.0,0.0,0.0
2021-08-01 23:00:00,0.0,0.0,0.0
2021-08-02 00:00:00,0.0,0.0,0.0
2021-08-02 01:00:00,0.0,0.0,0.0
2021-08-02 02:00:00,0.0,0.0,0.0
2021-08-02 03:00:00,0.0,0.0,0.0
2021-08-02 04:00:00,0.014493734580024084,0.0,0.028987469160048168
2021-08-02 05:00:00,0.0,0.0,0.0
2021-08-02 06:00:00,0.0,0.0,0.0
2021-08-02 07:00:00,0.33312298861494066,0.0,0.999368965844822
2021-08-02 08:00:00,0.011906404058915377,0.0,0.03571921217674613
2021-08-02 09:00:00,0.006937159279958407,0.0,0.02081147783987522
2021-08-02 10:00:00,0.0,0.0,0.0
2021-08-02 11:00:00,0.0,0.0,0.0
2021-08-02 12:00:00,0.0,0.0,0.0
2021-08-02 13:00:00,0.0,0.0,0.0
2021-08-02 14:00:00,0.0,0.0,0.0
2021-08-02 15:00:00,0.0,0.0,0.0
2021-08-02 16:00:00,0.0,0.0,0.0
2021-08-02 17:00:00,0.0,0.0,0.0
2021-08-02 18:00:00,0.10333430341119766,0.0,0.310002910233593
2021-08-02 19:00:00,0.20100838606259028,0.0,0.6030251581877709
2021-08-02 20:00:00,0.25935107709239325,0.0,0.7780532312771797
2021-08-02 21:00:00,0.3754897161727906,0.0,1.1264691485183715
2021-08-02 22:00:00,0.3618544667889913,0.0,1.0855634003669739
2021-08-02 23:00:00,0.3482989104544321,0.0,1.0448967313632964
2021-08-03 00:00:00,0.0,0.0,0.0
2021-08-03 01:00:00,0.0,0.0,0.0
2021-08-03 02:00:00,0.0,0.0,0.0
2021-08-03 03:00:00,0.0,0.0,0.0
2021-08-03 04:00:00,0.0,0.0,0.0
2021-08-03 05:00:00,0.0,0.0,0.0
2021-08-03 06:00:00,0.0,0.0,0.0
2021-08-03 07:00:00,0.14494354813715618,0.0,0.4348306444114685
2021-08-03 08:00:00,0.0,0.0,0.0
2021-08-03 09:00:00,0.0,0.0,0.0
2021-08-03 10:00:00,0.0,0.0,0.0
2021-08-03 11:00:00,0.0,0.0,0.0
2021-08-03 12:00:00,0.0,0.0,0.0
2021-08-03 13:00:00,0.0,0.0,0.0
2021-08-03 14:00:00,0.0,0.0,0.0
2021-08-03 15:00:00,0.0,0.0,0.0
2021-08-03 16:00:00,0.0,0.0,0.0
2021-08-03 17:00:00,0.0,0.0,0.0
2021-08-03 18:00:00,0.0,0.0,0.0
2021-08-03 19:00:00,0.1584659488925457,0.0,0.4753978466776371
2021-08-03 20:00:00,0.2567898310376485,0.0,0.7703694931129456
2021-08-03 21:00:00,0.3091427398365021,0.0,0.9274282195095063
2021-08-03 22:00:00,0.3188576137096723,0.0,0.956572841129017
2021-08-03 23:00:00,0.3748344622123718,0.0,1.1245033866371157
2021-08-04 00:00:00,0.0,0.0,0.0
2021-08-04 01:00:00,0.0,0.0,0.0
2021-08-04 02:00:00,0.037546791326336065,0.0,0.07509358265267213
2021-08-04 03:00:00,0.047445015552314125,0.0,0.09489003110462825
2021-08-04 04:00:00,0.04081534310789506,0.0,0.08163068621579012
2021-08-04 05:00:00,0.0,0.0,0.0
2021-08-04 06:00:00,0.0,0.0,0.0
2021-08-04 07:00:00,0.3431127596329371,0.0,1.0293382788988112
2021-08-04 08:00:00,0.0,0.0,0.0
2021-08-04 09:00:00,0.0,0.0,0.0
2021-08-04 10:00:00,0.0,0.0,0.0
2021-08-04 11:00:00,0.0,0.0,0.0
2021-08-04 12:00:00,0.0,0.0,0.0
2021-08-04 13:00:00,0.0,0.0,0.0
2021-08-04 14:00:00,0.0,0.0,0.0
2021-08-04 15:00:00,0.0,0.0,0.0
2021-08-04 16:00:00,0.0,0.0,0.0
2021-08-04 17:00:00,0.0,0.0,0.0
2021-08-04 18:00:00,0.0,0.0,0.0
2021-08-04 19:00:00,0.16837376330747603,0.0,0.5051212899224281
2021-08-04 20:00:00,0.28588409606323245,0.0,0.8576522881896973
2021-08-04 21:00:00,0.30920384581820165,0.0,0.9276115374546051
2021-08-04 22:00:00,0.3862655486361822,0.0,1.1587966459085464
2021-08-04 23:00:00,0.4087896442639033,0.0,1.22636893279171
2021-08-05 00:00:00,0.0,0.0,0.0
2021-08-05 01:00:00,0.0,0.0,0.0
2021-08-05 02:00:00,0.0,0.0,0.0
2021-08-05 03:00:00,0.0,0.0,0.0
2021-08-05 04:00:00,0.0,0.0,0.0
2021-08-05 05:00:00,0.0,0.0,0.0
2021-08-05 06:00:00,0.0,0.0,0.0
2021-08-05 07:00:00,0.2311126547883034,0.0,0.6933379643649101
2021-08-05 08:00:00,0.05380765096778076,0.0,0.16142295290334227
2021-08-05 09:00:00,0.0,0.0,0.0
2021-08-05 10:00:00,0.0,0.0,0.0
2021-08-05 11:00:00,0.0,0.0,0.0
2021-08-05 12:00:00,0.0,0.0,0.0
2021-08-05 13:00:00,0.0,0.0,0.0
2021-08-05 14:00:00,0.0,0.0,0.0
2021-08-05 15:00:00,0.0,0.0,0.0
2021-08-05 16:00:00,0.0,0.0,0.0
2021-08-05 17:00:00,0.0,0.0,0.0
2021-08-05 18:00:00,0.0,0.0,0.0
2021-08-05 19:00:00,0.1637837348420461,0.0,0.49135120452613834
2021-08-05 20:00:00,0.30122151798098884,0.0,0.9036645539429665
2021-08-05 21:00:00,0.36774908004322054,0.0,1.1032472401296616
2021-08-05 22:00:00,0.3517691877597809,0.0,1.0553075632793425
2021-08-05 23:00:00,0.43593900800120033,0.0,1.3078170240036011
2021-08-06 00:00:00,0.002401585425576071,0.0,0.004803170851152142
2021-08-06 01:00:00,0.03923200465690295,0.0,0.0784640093138059
2021-08-06 02:00:00,0.02526676502304077,0.0,0.05053353004608154
2021-08-06 03:00:00,0.04514912381855647,0.0,0.09029824763711294
2021-08-06 04:00:00,0.05910324760824442,0.0074145223400791495,0.1107919728764097
2021-08-06 05:00:00,0.0,0.0,0.0
2021-08-06 06:00:00,0.0,0.0,0.0
2021-08-06 07:00:00,0.44748357126439414,0.0,1.3424507137931825
2021-08-06 08:00:00,0.16135518091641537,0.0,0.4546193598967023
2021-08-06 09:00:00,0.022814438785219195,0.0,0.06844331635565758
2021-08-06 10:00:00,0.0,0.0,0.0
2021-08-06 11:00:00,0.0,0.0,0.0
2021-08-06 12:00:00,0.0,0.0,0.0
2021-08-06 13:00:00,0.0,0.0,0.0
2021-08-06 14:00:00,0.0,0.0,0.0
2021-08-06 15:00:00,0.0,0.0,0.0
2021-08-06 16:00:00,0.0,0.0,0.0
2021-08-06 17:00:00,0.0,0.0,0.0
2021-08-06 18:00:00,0.0,0.0,0.0
2021-08-06 19:00:00,0.21497429379383726,0.0,0.6449228813815117
2021-08-06 20:00:00,0.2929636548163732,0.0,0.8788909644491196
2021-08-06 21:00:00,0.2956654007539749,0.0,0.8869962022619248
2021-08-06 22:00:00,0.317740993632857,0.0,0.953222980898571
2021-08-06 23:00:00,0.350066716077741,0.0,1.050200148233223
2021-08-07 00:00:00,0.0,0.0,0.0
2021-08-07 01:00:00,0.0,0.0,0.0
2021-08-07 02:00:00,0.0,0.0,0.0
2021-08-07 03:00:00,0.0,0.0,0.0
2021-08-07 04:00:00,0.0,0.0,0.0
2021-08-07 05:00:00,0.0,0.0,0.0
2021-08-07 06:00:00,0.0,0.0,0.0
2021-08-07 07:00:00,0.14367093230679828,0.0,0.43101279692039496
2021-08-07 08:00:00,0.0,0.0,0.0
2021-08-07 09:00:00,0.0,0.0,0.0
2021-08-07 10:00:00,0.0,0.0,0.0
2021-08-07 11:00:00,0.0,0.0,0.0
2021-08-07 12:00:00,0.0,0.0,0.0
2021-08-07 13:00:00,0.0,0.0,0.0
2021-08-07 14:00:00,0.0,0.0,0.0
2021-08-07 15:00:00,0.0,0.0,0.0
2021-08-07 16:00:00,0.0,0.0,0.0
2021-08-07 17:00:00,0.05434979703811805,0.0,0.16304939111435413
2021-08-07 18:00:00,0.05268256500022411,0.0,0.15804769500067234
2021-08-07 19:00:00,0.0,0.0,0.0
2021-08-07 20:00:00,0.0,0.0,0.0
2021-08-07 21:00:00,0.0,0.0,0.0
2021-08-07 22:00:00,0.0,0.0,0.0
2021-08-07 23:00:00,0.0018370453167329231,0.0,0.0036740906334658463
2021-08-08 00:00:00,0.1483660564794938,0.060505077960038185,0.23622703499894934
2021-08-08 01:00:00,0.2093084056370803,0.09996825367560912,0.31864855759855143
2021-08-08 02:00:00,0.31824951152663244,0.17264773235047579,0.48815788835514506
2021-08-08 03:00:00,0.39640593971628263,0.2220024264986555,0.6211591085695808
2021-08-08 04:00:00,0.380692792713786,0.21215560438915332,0.5993127781328952
2021-08-08 05:00:00,0.24028775392278073,0.12500182664539297,0.3822850409414347
2021-08-08 06:00:00,0.0,0.0,0.0
2021-08-08 07:00:00,0.502934258175977,0.0,1.5088027745279313
2021-08-08 08:00:00,0.1103288642224312,0.0,0.3309865926672936
2021-08-08 09:00:00,0.06078086756331127,0.0,0.1823426026899338
2021-08-08 10:00:00,0.0,0.0,0.0
2021-08-08 11:00:00,0.0,0.0,0.0
2021-08-08 12:00:00,0.0,0.0,0.0
2021-08-08 13:00:00,0.0,0.0,0.0
2021-08-08 14:00:00,0.0,0.0,0.0
2021-08-08 15:00:00,0.0016074804803001385,0.0,0.004822441440900415
2021-08-08 16:00:00,0.08304868801435629,0.0,0.24914606404306888
2021-08-08 17:00:00,0.1435511833292802,0.0,0.43065354998784067
2021-08-08 18:00:00,0.2193476792177518,0.0,0.6580430376532556
2021-08-08 19:00:00,0.0,0.0,0.0
2021-08-08 20:00:00,0.0,0.0,0.0
2021-08-08 21:00:00,0.0,0.0,0.0
2021-08-08 22:00:00,0.0,0.0,0.0
2021-08-08 23:00:00,0.0,0.0,0.0
2021-08-09 00:00:00,0.0,0.0,0.0
2021-08-09 01:00:00,0.0,0.0,0.0
2021-08-09 02:00:00,0.0,0.0,0.0
2021-08-09 03:00:00,0.0,0.0,0.0
2021-08-09 04:00:00,0.0,0.0,0.0
2021-08-09 05:00:00,0.0,0.0,0.0
2021-08-09 06:00:00,0.0,0.0,0.0
2021-08-09 07:00:00,0.4110731811818441,0.0,1.2332195435455322
2021-08-09 08:00:00,0.09832550995717779,0.0,0.22999091174849604
2021-08-09 09:00:00,0.01880314587896207,0.0,0.04901836862856089
2021-08-09 10:00:00,0.0,0.0,0.0
2021-08-09 11:00:00,0.0,0.0,0.0
2021-08-09 12:00:00,0.0,0.0,0.0
2021-08-09 13:00:00,0.0,0.0,0.0
2021-08-09 14:00:00,0.0,0.0,0.0
2021-08-09 15:00:00,0.0,0.0,0.0
2021-08-09 16:00:00,0.0,0.0,0.0
2021-08-09 17:00:00,0.0,0.0,0.0
2021-08-09 18:00:00,0.0,0.0,0.0
2021-08-09 19:00:00,0.09011927731081644,0.0,0.2703578319324494
2021-08-09 20:00:00,0.20037536877632142,0.0,0.6011261063289642
2021-08-09 21:00:00,0.24983174634930294,0.0,0.7494952390479088
2021-08-09 22:00:00,0.3360882042406082,0.0,1.0082646127218247
2021-08-09 23:00:00,0.3954197990591049,0.0,1.1862593971773148
2021-08-10 00:00:00,0.0,0.0,0.0
2021-08-10 01:00:00,0.0,0.0,0.0
2021-08-10 02:00:00,0.0009757246017801266,0.0,0.0019514492035602531
2021-08-10 03:00:00,0.040833506382318335,0.0,0.08166701276463667
2021-08-10 04:00:00,0.15355050493248856,0.06890523354699858,0.2386521465559954
2021-08-10 05:00:00,0.0,0.0,0.0
2021-08-10 06:00:00,0.0,0.0,0.0
2021-08-10 07:00:00,0.26635588871126176,0.0,0.7990676661337853
2021-08-10 08:00:00,0.043265658264064415,0.0,0.08653131652812883
2021-08-10 09:00:00,0.0,0.0,0.0
2021-08-10 10:00:00,0.0,0.0,0.0
2021-08-10 11:00:00,0.0,0.0,0.0
2021-08-10 12:00:00,0.0,0.0,0.0
2021-08-10 13:00:00,0.0,0.0,0.0
2021-08-10 14:00:00,0.0,0.0,0.0
2021-08-10 15:00:00,0.0,0.0,0.0
2021-08-10 16:00:00,0.0,0.0,0.0
2021-08-10 17:00:00,0.0,0.0,0.0
2021-08-10 18:00:00,0.0,0.0,0.0
2021-08-10 19:00:00,0.0,0.0,0.0
2021-08-10 20:00:00,0.2507534814218203,0.0,0.7522604442654609
2021-08-10 21:00:00,0.24969766817862193,0.0,0.7490930045358658
2021-08-10 22:00:00,0.30004149845383965,0.0,0.900124495361519
2021-08-10 23:00:00,0.3304763457541784,0.0,0.9914290372625351
2021-08-11 00:00:00,0.0,0.0,0.0
2021-08-11 01:00:00,0.0,0.0,0.0
2021-08-11 02:00:00,0.0,0.0,0.0
2021-08-11 03:00:00,0.0,0.0,0.0
2021-08-11 04:00:00,0.006212431916675965,0.0,0.01242486383335193
2021-08-11 05:00:00,0.0,0.0,0.0
2021-08-11 06:00:00,0.0,0.0,0.0
2021-08-11 07:00:00,0.23478276301291784,0.0,0.7043482890387535
2021-08-11 08:00:00,0.0,0.0,0.0
2021-08-11 09:00:00,0.0,0.0,0.0
2021-08-11 10:00:00,0.0,0.0,0.0
2021-08-11 11:00:00,0.0,0.0,0.0
2021-08-11 12:00:00,0.0,0.0,0.0
2021-08-11 13:00:00,0.0,0.0,0.0
2021-08-11 14:00:00,0.0,0.0,0.0
2021-08-11 15:00:00,0.0,0.0,0.0
2021-08-11 16:00:00,0.0,0.0,0.0
2021-08-11 17:00:00,0.0,0.0,0.0
2021-08-11 18:00:00,0.0,0.0,0.0
2021-08-11 19:00:00,0.0,0.0,0.0
2021-08-11 20:00:00,0.17460992389936447,0.0,0.5238297716980934
2021-08-11 21:00:00,0.2218571327677727,0.0,0.665571398303318
2021-08-11 22:00:00,0.3374687526992162,0.0,1.0124062580976487
2021-08-11 23:00:00,0.36095135867042544,0.0,1.0828540760112764
2021-08-12 00:00:00,0.0,0.0,0.0
2021-08-12 01:00:00,0.0,0.0,0.0
2021-08-12 02:00:00,0.0,0.0,0.0
2021-08-12 03:00:00,0.0,0.0,0.0
2021-08-12 04:00:00,0.043381093834185605,0.0,0.08676218766837121
2021-08-12 05:00:00,0.16399381407604616,0.07401146432139874,0.2539761638306936
2021-08-12 06:00:00,0.0,0.0,0.0
2021-08-12 07:00:00,0.0953155592807134,0.0,0.2859466778421402
2021-08-12 08:00:00,0.0,0.0,0.0
2021-08-12 09:00:00,0.0,0.0,0.0
2021-08-12 10:00:00,0.0,0.0,0.0
2021-08-12 11:00:00,0.0,0.0,0.0
2021-08-12 12:00:00,0.0,0.0,0.0
2021-08-12 13:00:00,0.0,0.0,0.0
2021-08-12 14:00:00,0.0,0.0,0.0
2021-08-12 15:00:00,0.0,0.0,0.0
2021-08-12 16:00:00,0.0,0.0,0.0
2021-08-12 17:00:00,0.0,0.0,0.0
2021-08-12 18:00:00,0.0,0.0,0.0
2021-08-12 19:00:00,0.03704658581719796,0.0,0.11113975745159388
2021-08-12 20:00:00,0.3393775168991089,0.0,1.0181325506973267
2021-08-12 21:00:00,0.2929847746710142,0.0,0.8789543240130425
2021-08-12 22:00:00,0.28607012628428136,0.0,0.8582103788528442
2021-08-12 23:00:00,0.3186467940841675,0.0,0.9559403822525024
2021-08-13 00:00:00,0.0,0.0,0.0
2021-08-13 01:00:00,0.0,0.0,0.0
2021-08-13 02:00:00,0.0,0.0,0.0
2021-08-13 03:00:00,0.0,0.0,0.0
2021-08-13 04:00:00,0.0,0.0,0.0
2021-08-13 05:00:00,0.0,0.0,0.0
2021-08-13 06:00:00,0.0,0.0,0.0
2021-08-13 07:00:00,0.15030986587727865,0.0,0.450929597631836
2021-08-13 08:00:00,0.0,0.0,0.0
2021-08-13 09:00:00,0.0,0.0,0.0
2021-08-13 10:00:00,0.0,0.0,0.0
2021-08-13 11:00:00,0.0,0.0,0.0
2021-08-13 12:00:00,0.0,0.0,0.0
2021-08-13 13:00:00,0.0,0.0,0.0
2021-08-13 14:00:00,0.0,0.0,0.0
2021-08-13 15:00:00,0.0,0.0,0.0
2021-08-13 16:00:00,0.0,0.0,0.0
2021-08-13 17:00:00,0.0,0.0,0.0
2021-08-13 18:00:00,0.0,0.0,0.0
2021-08-13 19:00:00,0.10135750296568871,0.0,0.3040725088970661
2021-08-13 20:00:00,0.21935501831738155,0.0,0.6580650549521446
2021-08-13 21:00:00,0.25236590953095756,0.0,0.7570977285928726
2021-08-13 22:00:00,0.304546748352623,0.0,0.913640245057869
2021-08-13 23:00:00,0.34870288002535504,0.0,1.046108640076065
2021-08-14 00:00:00,0.0,0.0,0.0
2021-08-14 01:00:00,0.0,0.0,0.0
2021-08-14 02:00:00,0.0,0.0,0.0
2021-08-14 03:00:00,0.0,0.0,0.0
2021-08-14 04:00:00,0.0,0.0,0.0
2021-08-14 05:00:00,0.0,0.0,0.0
2021-08-14 06:00:00,0.0,0.0,0.0
2021-08-14 07:00:00,0.28317690563052494,0.0,0.8495307168915749
2021-08-14 08:00:00,0.04451204808996518,0.0,0.13353614426989557
2021-08-14 09:00:00,0.03153675427728494,0.0,0.09461026283185482
2021-08-14 10:00:00,0.0,0.0,0.0
2021-08-14 11:00:00,0.0,0.0,0.0
2021-08-14 12:00:00,0.0,0.0,0.0
2021-08-14 13:00:00,0.0,0.0,0.0
2021-08-14 14:00:00,0.0011827371784164258,0.0,0.003548211535249278
2021-08-14 15:00:00,0.05470826119985581,0.0,0.16412478359956742
2021-08-14 16:00:00,0.1387332339396159,0.0,0.4161997018188477
2021-08-14 17:00:00,0.22222179428062439,0.0,0.6666653828418733
2021-08-14 18:00:00,0.1684105585216522,0.0,0.5052316755649566
2021-08-14 19:00:00,0.0,0.0,0.0
2021-08-14 20:00:00,0.0,0.0,0.0
2021-08-14 21:00:00,0.0,0.0,0.0
2021-08-14 22:00:00,0.0,0.0,0.0
2021-08-14 23:00:00,0.0,0.0,0.0
2021-08-15 00:00:00,0.0,0.0,0.0
2021-08-15 01:00:00,0.0,0.0,0.0
2021-08-15 02:00:00,0.0,0.0,0.0
2021-08-15 03:00:00,0.0,0.0,0.0
2021-08-15 04:00:00,0.0,0.0,0.0
2021-08-15 05:00:00,0.0,0.0,0.0
2021-08-15 06:00:00,0.0,0.0,0.0
2021-08-15 07:00:00,0.19318660102977753,0.0,0.5795598030893326
2021-08-15 08:00:00,0.0,0.0,0.0
2021-08-15 09:00:00,0.0,0.0,0.0
2021-08-15 10:00:00,0.0,0.0,0.0
2021-08-15 11:00:00,0.0,0.0,0.0
2021-08-15 12:00:00,0.0,0.0,0.0
2021-08-15 13:00:00,0.0,0.0,0.0
2021-08-15 14:00:00,0.0,0.0,0.0
2021-08-15 15:00:00,0.0,0.0,0.0
2021-08-15 16:00:00,0.0,0.0,0.0
2021-08-15 17:00:00,0.0,0.0,0.0
2021-08-15 18:00:00,0.0,0.0,0.0
2021-08-15 19:00:00,0.0,0.0,0.0
2021-08-15 20:00:00,0.0,0.0,0.0
2021-08-15 21:00:00,0.0,0.0,0.0
2021-08-15 22:00:00,0.0,0.0,0.0
2021-08-15 23:00:00,0.0,0.0,0.0
2021-08-16 00:00:00,0.0,0.0,0.0
2021-08-16 01:00:00,0.0,0.0,0.0
2021-08-16 02:00:00,0.0,0.0,0.0
2021-08-16 03:00:00,0.0,0.0,0.0
2021-08-16 04:00:00,0.0,0.0,0.0
2021-08-16 05:00:00,0.0,0.0,0.0
2021-08-16 06:00:00,0.0,0.0,0.0
2021-08-16 07:00:00,0.12378744672017097,0.0,0.37136234016051295
2021-08-16 08:00:00,0.0,0.0,0.0
2021-08-16 09:00:00,0.0,0.0,0.0
2021-08-16 10:00:00,0.0,0.0,0.0
2021-08-16 11:00:00,0.0,0.0,0.0
2021-08-16 12:00:00,0.0,0.0,0.0
2021-08-16 13:00:00,0.0,0.0,0.0
2021-08-16 14:00:00,0.0,0.0,0.0
2021-08-16 15:00:00,0.0,0.0,0.0
2021-08-16 16:00:00,0.0,0.0,0.0
2021-08-16 17:00:00,0.0,0.0,0.0
2021-08-16 18:00:00,0.0,0.0,0.0
2021-08-16 19:00:00,0.0921110750468731,0.0,0.27633322514061925
2021-08-16 20:00:00,0.26239295440006255,0.0,0.7871788632001877
2021-08-16 21:00:00,0.319370433296299,0.0,0.958111299888897
2021-08-16 22:00:00,0.3534600524962107,0.0,1.0603801574886322
2021-08-16 23:00:00,0.27236070811916985,0.0,0.8170821243575097
2021-08-17 00:00:00,0.0,0.0,0.0
2021-08-17 01:00:00,0.0,0.0,0.0
2021-08-17 02:00:00,0.0,0.0,0.0
2021-08-17 03:00:00,0.0,0.0,0.0
2021-08-17 04:00:00,0.0,0.0,0.0
2021-08-17 05:00:00,0.0,0.0,0.0
2021-08-17 06:00:00,0.0,0.0,0.0
2021-08-17 07:00:00,0.07385926276270548,0.0,0.22157778828811645
2021-08-17 08:00:00,0.0,0.0,0.0
2021-08-17 09:00:00,0.0,0.0,0.0
2021-08-17 10:00:00,0.0,0.0,0.0
2021-08-17 11:00:00,0.0,0.0,0.0
2021-08-17 12:00:00,0.0,0.0,0.0
2021-08-17 13:00:00,0.0,0.0,0.0
2021-08-17 14:00:00,0.0,0.0,0.0
2021-08-17 15:00:00,0.0,0.0,0.0
2021-08-17 16:00:00,0.0,0.0,0.0
2021-08-17 17:00:00,0.0,0.0,0.0
2021-08-17 18:00:00,0.17624845766452152,0.0,0.5287453729935646
2021-08-17 19:00:00,0.29238564089091623,0.0,0.8771569226727486
2021-08-17 20:00:00,0.3286008468210856,0.0,0.9858025404632569
2021-08-17 21:00:00,0.3263368941309611,0.0,0.9790106823928834
2021-08-17 22:00:00,0.3194271118863741,0.0,0.9582813356591224
2021-08-17 23:00:00,0.31014566369867325,0.0,0.9304369910960197
2021-08-18 00:00:00,0.0,0.0,0.0
2021-08-18 01:00:00,0.0,0.0,0.0
2021-08-18 02:00:00,0.0,0.0,0.0
2021-08-18 03:00:00,0.0,0.0,0.0
2021-08-18 04:00:00,0.0,0.0,0.0
2021-08-18 05:00:00,0.0,0.0,0.0
2021-08-18 06:00:00,0.0,0.0,0.0
2021-08-18 07:00:00,0.21132109740749996,0.0,0.6339632922224998
2021-08-18 08:00:00,0.07015486219620705,0.0,0.21046458658862113
2021-08-18 09:00:00,0.0,0.0,0.0
2021-08-18 10:00:00,0.0,0.0,0.0
2021-08-18 11:00:00,0.0,0.0,0.0
2021-08-18 12:00:00,0.0,0.0,0.0
2021-08-18 13:00:00,0.0,0.0,0.0
2021-08-18 14:00:00,0.0,0.0,0.0
2021-08-18 15:00:00,0.0,0.0,0.0
2021-08-18 16:00:00,0.0,0.0,0.0
2021-08-18 17:00:00,0.0,0.0,0.0
2021-08-18 18:00:00,0.0,0.0,0.0
2021-08-18 19:00:00,0.0,0.0,0.0
2021-08-18 20:00:00,0.05748724717241924,0.0,0.1724617415172577
2021-08-18 21:00:00,0.13099472176143329,0.0,0.39298416528429986
2021-08-18 22:00:00,0.13620110496492388,0.0,0.4086033148947716
2021-08-18 23:00:00,0.16876652479689916,0.0,0.5062995743906975
2021-08-19 00:00:00,0.0,0.0,0.0
2021-08-19 01:00:00,0.0,0.0,0.0
2021-08-19 02:00:00,0.0,0.0,0.0
2021-08-19 03:00:00,0.0,0.0,0.0
2021-08-19 04:00:00,0.0,0.0,0.0
2021-08-19 05:00:00,0.0,0.0,0.0
2021-08-19 06:00:00,0.0,0.0,0.0
2021-08-19 07:00:00,0.0,0.0,0.0
2021-08-19 08:00:00,0.0,0.0,0.0
2021-08-19 09:00:00,0.0,0.0,0.0
2021-08-19 10:00:00,0.0,0.0,0.0
2021-08-19 11:00:00,0.0,0.0,0.0
2021-08-19 12:00:00,0.0,0.0,0.0
2021-08-19 13:00:00,0.0,0.0,0.0
2021-08-19 14:00:00,0.0,0.0,0.0
2021-08-19 15:00:00,0.0,0.0,0.0
2021-08-19 16:00:00,0.0,0.0,0.0
2021-08-19 17:00:00,0.0,0.0,0.0
2021-08-19 18:00:00,0.0,0.0,0.0
2021-08-19 19:00:00,0.0,0.0,0.0
2021-08-19 20:00:00,0.0,0.0,0.0
2021-08-19 21:00:00,0.09932528035205206,0.0,0.29797584105615615
2021-08-19 22:00:00,0.12048184046276411,0.0,0.36144552138829233
2021-08-19 23:00:00,0.16227441310542423,0.0,0.48682323931627275
2021-08-20 00:00:00,0.0,0.0,0.0
2021-08-20 01:00:00,0.0,0.0,0.0
2021-08-20 02:00:00,0.0,0.0,0.0
2021-08-20 03:00:00,0.0,0.0,0.0
2021-08-20 04:00:00,0.0,0.0,0.0
2021-08-20 05:00:00,0.0,0.0,0.0
2021-08-20 06:00:00,0.0,0.0,0.0
2021-08-20 07:00:00,0.0,0.0,0.0
2021-08-20 08:00:00,0.0,0.0,0.0
2021-08-20 09:00:00,0.0,0.0,0.0
2021-08-20 10:00:00,0.0,0.0,0.0
2021-08-20 11:00:00,0.0,0.0,0.0
2021-08-20 12:00:00,0.0,0.0,0.0
2021-08-20 13:00:00,0.0,0.0,0.0
2021-08-20 14:00:00,0.0,0.0,0.0
2021-08-20 15:00:00,0.0,0.0,0.0
2021-08-20 16:00:00,0.0,0.0,0.0
2021-08-20 17:00:00,0.0,0.0,0.0
2021-08-20 18:00:00,0.0,0.0,0.0
2021-08-20 19:00:00,0.0,0.0,0.0
2021-08-20 20:00:00,0.05545516416122119,0.0,0.16636549248366359
2021-08-20 21:00:00,0.17722154649124147,0.0,0.5316646394737244
2021-08-20 22:00:00,0.21740927941446306,0.0,0.6522278382433891
2021-08-20 23:00:00,0.2504535954404831,0.0,0.7513607863214493
2021-08-21 00:00:00,0.0,0.0,0.0
2021-08-21 01:00:00,0.0,0.0,0.0
2021-08-21 02:00:00,0.0,0.0,0.0
2021-08-21 03:00:00,0.0,0.0,0.0
2021-08-21 04:00:00,0.0,0.0,0.0
2021-08-21 05:00:00,0.0,0.0,0.0
2021-08-21 06:00:00,0.0,0.0,0.0
2021-08-21 07:00:00,0.20400963906062444,0.0,0.6120289171818734
2021-08-21 08:00:00,0.0,0.0,0.0
2021-08-21 09:00:00,0.0,0.0,0.0
2021-08-21 10:00:00,0.0,0.0,0.0
2021-08-21 11:00:00,0.0,0.0,0.0
2021-08-21 12:00:00,0.0,0.0,0.0
2021-08-21 13:00:00,0.0,0.0,0.0
2021-08-21 14:00:00,0.0,0.0,0.0
2021-08-21 15:00:00,0.0,0.0,0.0
2021-08-21 16:00:00,0.0,0.0,0.0
2021-08-21 17:00:00,0.0,0.0,0.0
2021-08-21 18:00:00,0.0,0.0,0.0
2021-08-21 19:00:00,0.0,0.0,0.0
2021-08-21 20:00:00,0.0,0.0,0.0
2021-08-21 21:00:00,0.0,0.0,0.0
2021-08-21 22:00:00,0.0,0.0,0.0
2021-08-21 23:00:00,0.0,0.0,0.0
2021-08-22 00:00:00,0.0,0.0,0.0
2021-08-22 01:00:00,0.0,0.0,0.0
2021-08-22 02:00:00,0.0,0.0,0.0
2021-08-22 03:00:00,0.0,0.0,0.0
2021-08-22 04:00:00,0.0,0.0,0.0
2021-08-22 05:00:00,0.0,0.0,0.0
2021-08-22 06:00:00,0.0,0.0,0.0
2021-08-22 07:00:00,0.24359321251595814,0.0,0.7307796375478744
2021-08-22 08:00:00,0.0,0.0,0.0
2021-08-22 09:00:00,0.0,0.0,0.0
2021-08-22 10:00:00,0.0,0.0,0.0
2021-08-22 11:00:00,0.0,0.0,0.0
2021-08-22 12:00:00,0.0,0.0,0.0
2021-08-22 13:00:00,0.0,0.0,0.0
2021-08-22 14:00:00,0.09901953106829324,0.0,0.29705859320487976
2021-08-22 15:00:00,0.0760398827685833,0.0,0.2281196483057499
2021-08-22 16:00:00,0.02104378626932303,0.0,0.06313135880796909
2021-08-22 17:00:00,0.0,0.0,0.0
2021-08-22 18:00:00,0.0,0.0,0.0
2021-08-22 19:00:00,0.0,0.0,0.0
2021-08-22 20:00:00,0.0,0.0,0.0
2021-08-22 21:00:00,0.0,0.0,0.0
2021-08-22 22:00:00,0.0,0.0,0.0
2021-08-22 23:00:00,0.0,0.0,0.0
2021-08-23 00:00:00,0.0,0.0,0.0
2021-08-23 01:00:00,0.0,0.0,0.0
2021-08-23 02:00:00,0.0,0.0,0.0
2021-08-23 03:00:00,0.0,0.0,0.0
2021-08-23 04:00:00,0.0,0.0,0.0
2021-08-23 05:00:00,0.0,0.0,0.0
2021-08-23 06:00:00,0.0,0.0,0.0
2021-08-23 07:00:00,0.14056555583276747,0.0,0.4216966674983025
2021-08-23 08:00:00,0.0,0.0,0.0
2021-08-23 09:00:00,0.0,0.0,0.0
2021-08-23 10:00:00,0.0,0.0,0.0
2021-08-23 11:00:00,0.0,0.0,0.0
2021-08-23 12:00:00,0.0,0.0,0.0
2021-08-23 13:00:00,0.0,0.0,0.0
2021-08-23 14:00:00,0.0,0.0,0.0
2021-08-23 15:00:00,0.0,0.0,0.0
2021-08-23 16:00:00,0.0,0.0,0.0
2021-08-23 17:00:00,0.0,0.0,0.0
2021-08-23 18:00:00,0.0,0.0,0.0
2021-08-23 19:00:00,0.14040187197349865,0.0,0.421205615920496
2021-08-23 20:00:00,0.2139154890698115,0.0,0.6417464672094345
2021-08-23 21:00:00,0.37347002786382044,0.0,1.1204100835914612
2021-08-23 22:00:00,0.3310641119071325,0.0,0.9931923357213974
2021-08-23 23:00:00,0.3512994454970678,0.0,1.0538983364912033
2021-08-24 00:00:00,0.0,0.0,0.0
2021-08-24 01:00:00,0.0,0.0,0.0
2021-08-24 02:00:00,0.0,0.0,0.0
2021-08-24 03:00:00,0.03828601366067727,0.0,0.07657202732135454
2021-08-24 04:00:00,0.04802987998712426,1.312763328915656e-05,0.09604663234095938
2021-08-24 05:00:00,0.07449941223784685,0.011235485957014561,0.13776333851867914
2021-08-24 06:00:00,0.0,0.0,0.0
2021-08-24 07:00:00,0.33644762069040934,0.0,1.0093428620712281
2021-08-24 08:00:00,0.0,0.0,0.0
2021-08-24 09:00:00,0.0,0.0,0.0
2021-08-24 10:00:00,0.0,0.0,0.0
2021-08-24 11:00:00,0.0,0.0,0.0
2021-08-24 12:00:00,0.0,0.0,0.0
2021-08-24 13:00:00,0.0,0.0,0.0
2021-08-24 14:00:00,0.0,0.0,0.0
2021-08-24 15:00:00,0.0,0.0,0.0
2021-08-24 16:00:00,0.0,0.0,0.0
2021-08-24 17:00:00,0.0,0.0,0.0
2021-08-24 18:00:00,0.18140168225371042,0.0,0.5442050467611312
2021-08-24 19:00:00,0.24396379716084798,0.0,0.731891391482544
2021-08-24 20:00:00,0.2876560897596995,0.0,0.8629682692790985
2021-08-24 21:00:00,0.32254932042586004,0.0,0.9676479612775802
2021-08-24 22:00:00,0.3740120044169108,0.0,1.1220360132507325
2021-08-24 23:00:00,0.36687804059912366,0.0,1.100634121797371
2021-08-25 00:00:00,0.0,0.0,0.0
2021-08-25 01:00:00,0.0,0.0,0.0
2021-08-25 02:00:00,0.0,0.0,0.0
2021-08-25 03:00:00,0.0,0.0,0.0
2021-08-25 04:00:00,0.02287945612810055,0.0,0.0457589122562011
2021-08-25 05:00:00,0.005810643010631203,0.0,0.011621286021262407
2021-08-25 06:00:00,0.0,0.0,0.0
2021-08-25 07:00:00,0.243954822718366,0.0,0.731864468155098
2021-08-25 08:00:00,0.0,0.0,0.0
2021-08-25 09:00:00,0.0,0.0,0.0
2021-08-25 10:00:00,0.0,0.0,0.0
2021-08-25 11:00:00,0.0,0.0,0.0
2021-08-25 12:00:00,0.0,0.0,0.0
2021-08-25 13:00:00,0.0,0.0,0.0
2021-08-25 14:00:00,0.0,0.0,0.0
2021-08-25 15:00:00,0.0,0.0,0.0
2021-08-25 16:00:00,0.0,0.0,0.0
2021-08-25 17:00:00,0.0,0.0,0.0
2021-08-25 18:00:00,0.31079347884343467,0.0,0.932380436530304
2021-08-25 19:00:00,0.2255023119854927,0.0,0.6765069359564782
2021-08-25 20:00:00,0.26854052727305094,0.0,0.8056215818191528
2021-08-25 21:00:00,0.26293209901796977,0.0,0.7887962970539093
2021-08-25 22:00:00,0.30428678866872794,0.0,0.9128603660061837
2021-08-25 23:00:00,0.29898797867927557,0.0,0.8969639360378265
2021-08-26 00:00:00,0.0,0.0,0.0
2021-08-26 01:00:00,0.0,0.0,0.0
2021-08-26 02:00:00,0.0,0.0,0.0
2021-08-26 03:00:00,0.0,0.0,0.0
2021-08-26 04:00:00,0.0,0.0,0.0
2021-08-26 05:00:00,0.0,0.0,0.0
2021-08-26 06:00:00,0.0,0.0,0.0
2021-08-26 07:00:00,0.3718774831305822,0.0,1.1156324493917467
2021-08-26 08:00:00,0.055253459587016135,0.0,0.10039846726181804
2021-08-26 09:00:00,0.0,0.0,0.0
2021-08-26 10:00:00,0.0,0.0,0.0
2021-08-26 11:00:00,0.0,0.0,0.0
2021-08-26 12:00:00,0.0,0.0,0.0
2021-08-26 13:00:00,0.0,0.0,0.0
2021-08-26 14:00:00,0.0,0.0,0.0
2021-08-26 15:00:00,0.0,0.0,0.0
2021-08-26 16:00:00,0.0,0.0,0.0
2021-08-26 17:00:00,0.0,0.0,0.0
2021-08-26 18:00:00,0.20175484030183158,0.0,0.6052645209054947
2021-08-26 19:00:00,0.37392928000043235,0.0,1.121787840001297
2021-08-26 20:00:00,0.3717289062494914,0.0,1.1151867187484743
2021-08-26 21:00:00,0.2885901098468145,0.0,0.8657703295404435
2021-08-26 22:00:00,0.3541110784970602,0.0,1.0623332354911805
2021-08-26 23:00:00,0.36718807767206824,0.0,1.1015642330162048
2021-08-27 00:00:00,0.0,0.0,0.0
2021-08-27 01:00:00,0.0093538314288944,0.0,0.0187076628577888
2021-08-27 02:00:00,0.019322079365563394,0.0,0.03864415873112679
2021-08-27 03:00:00,0.02739303231518666,0.0,0.05478606463037332
2021-08-27 04:00:00,0.041767312079974014,0.0,0.08353462415994803
2021-08-27 05:00:00,0.05205194089861711,0.0,0.10410388179723422
2021-08-27 06:00:00,0.0,0.0,0.0
2021-08-27 07:00:00,0.20859669598843258,0.0,0.6257900879652978
2021-08-27 08:00:00,0.017379323485041603,0.0,0.034758646970083205
2021-08-27 09:00:00,0.0,0.0,0.0
2021-08-27 10:00:00,0.0,0.0,0.0
2021-08-27 11:00:00,0.0,0.0,0.0
2021-08-27 12:00:00,0.0,0.0,0.0
2021-08-27 13:00:00,0.0,0.0,0.0
2021-08-27 14:00:00,0.0,0.0,0.0
2021-08-27 15:00:00,0.0,0.0,0.0
2021-08-27 16:00:00,0.0,0.0,0.0
2021-08-27 17:00:00,0.0,0.0,0.0
2021-08-27 18:00:00,0.18056502489592235,0.0,0.5416950746877671
2021-08-27 19:00:00,0.31247152009871804,0.0,0.937414560296154
2021-08-27 20:00:00,0.3173920473659515,0.0,0.9521761420978546
2021-08-27 21:00:00,0.3671114957628886,0.0,1.1013344872886657
2021-08-27 22:00:00,0.3972237417708079,0.0,1.1916712253124238
2021-08-27 23:00:00,0.4218483355762482,0.0,1.2655450067287446
2021-08-28 00:00:00,0.0,0.0,0.0
2021-08-28 01:00:00,0.05088480966803233,0.0,0.10176961933606465
2021-08-28 02:00:00,0.05717712035504977,0.0,0.11435424071009954
2021-08-28 03:00:00,0.05521964923826159,0.003942392186293006,0.10649690629023015
2021-08-28 04:00:00,0.04146354543129478,0.002076796456995358,0.08085029440559421
2021-08-28 05:00:00,0.060635322049458824,0.0117006886475722,0.10956995545134544
2021-08-28 06:00:00,0.0,0.0,0.0
2021-08-28 07:00:00,0.44442540035781863,0.0,1.3332762010734558
2021-08-28 08:00:00,0.09563697395240466,0.0,0.286910921857214
2021-08-28 09:00:00,0.20923710632582965,0.0,0.5031152169447071
2021-08-28 10:00:00,0.026116905213754694,0.0,0.05223381042750939
2021-08-28 11:00:00,9.990019936561587e-06,0.0,1.9980039873123173e-05
2021-08-28 12:00:00,0.0,0.0,0.0
2021-08-28 13:00:00,0.05402937454090118,0.0,0.16208812362270356
2021-08-28 14:00:00,0.0,0.0,0.0
2021-08-28 15:00:00,0.0,0.0,0.0
2021-08-28 16:00:00,0.0,0.0,0.0
2021-08-28 17:00:00,0.0,0.0,0.0
2021-08-28 18:00:00,0.13432366000000037,0.0,0.40011078843316433
2021-08-28 19:00:00,0.009538352777620203,0.0,0.019076705555240405
2021-08-28 20:00:00,0.03542959093949861,0.0,0.07085918187899722
2021-08-28 21:00:00,0.0,0.0,0.0
2021-08-28 22:00:00,0.0,0.0,0.0
2021-08-28 23:00:00,0.0,0.0,0.0
2021-08-29 00:00:00,0.0,0.0,0.0
2021-08-29 01:00:00,0.0,0.0,0.0
2021-08-29 02:00:00,0.0,0.0,0.0
2021-08-29 03:00:00,0.0,0.0,0.0
2021-08-29 04:00:00,0.0,0.0,0.0
2021-08-29 05:00:00,0.0,0.0,0.0
2021-08-29 06:00:00,0.0,0.0,0.0
2021-08-29 07:00:00,0.3411835337041855,0.0,1.0235506011125566
2021-08-29 08:00:00,0.0,0.0,0.0
2021-08-29 09:00:00,0.04320900595636106,0.0,0.08641801191272212
2021-08-29 10:00:00,0.018578827586861402,0.0,0.037157655173722805
2021-08-29 11:00:00,0.0,0.0,0.0
2021-08-29 12:00:00,0.0,0.0,0.0
2021-08-29 13:00:00,0.0,0.0,0.0
2021-08-29 14:00:00,0.0,0.0,0.0
2021-08-29 15:00:00,0.0,0.0,0.0
2021-08-29 16:00:00,0.0,0.0,0.0
2021-08-29 17:00:00,0.02604551461210457,0.0,0.06116532003612725
2021-08-29 18:00:00,0.20863886906419976,0.0,0.5288853874355911
2021-08-29 19:00:00,0.06442014416281307,0.0,0.12884028832562613
2021-08-29 20:00:00,0.07089563080848843,0.0,0.14179126161697686
2021-08-29 21:00:00,0.0,0.0,0.0
2021-08-29 22:00:00,0.0,0.0,0.0
2021-08-29 23:00:00,0.0,0.0,0.0
2021-08-30 00:00:00,0.0,0.0,0.0
2021-08-30 01:00:00,0.03200509552981059,0.0,0.06401019105962118
2021-08-30 02:00:00,0.017939987801428636,0.0,0.03587997560285727
2021-08-30 03:00:00,0.00984876819242537,0.0,0.01969753638485074
2021-08-30 04:00:00,0.03958543814504941,0.0,0.07917087629009882
2021-08-30 05:00:00,0.03104552321062883,0.0,0.06209104642125766
2021-08-30 06:00:00,0.0,0.0,0.0
2021-08-30 07:00:00,0.2711786344418526,0.0,0.8135359033255577
2021-08-30 08:00:00,0.09268766904464422,0.0,0.18537533808928844
2021-08-30 09:00:00,0.0264921806001551,0.0,0.0529843612003102
2021-08-30 10:00:00,0.043397887505864166,0.0,0.08679577501172833
2021-08-30 11:00:00,0.0,0.0,0.0
2021-08-30 12:00:00,0.0,0.0,0.0
2021-08-30 13:00:00,0.0,0.0,0.0
2021-08-30 14:00:00,0.0,0.0,0.0
2021-08-30 15:00:00,0.0,0.0,0.0
2021-08-30 16:00:00,0.12851493604061354,0.0,0.2570298720812271
2021-08-30 17:00:00,0.018587119211772845,0.0,0.03717423842354569
2021-08-30 18:00:00,0.5051120260844406,0.0,1.3952955115654486
2021-08-30 19:00:00,0.3826163731919547,0.0,1.0339530094104707
2021-08-30 20:00:00,0.3520111786155065,0.0,1.0560335358465196
2021-08-30 21:00:00,0.3541886176801046,0.0,1.062565853040314
2021-08-30 22:00:00,0.3647303169107437,0.0,1.0941909507322312
2021-08-30 23:00:00,0.36289969019006096,0.0,1.0886990705701827
2021-08-31 00:00:00,0.0,0.0,0.0
2021-08-31 01:00:00,0.0023616217346236115,0.0,0.004723243469247223
2021-08-31 02:00:00,0.006698721430940429,0.0,0.013397442861880857
2021-08-31 03:00:00,0.00795561079729895,0.0,0.0159112215945979
2021-08-31 04:00:00,0.0019273487745324772,0.0,0.0038546975490649543
2021-08-31 05:00:00,0.03126204659291109,0.0,0.06252409318582218
2021-08-31 06:00:00,0.0,0.0,0.0
2021-08-31 07:00:00,0.49815758125012716,0.0,1.4944727437503815
2021-08-31 08:00:00,0.3604085178224575,0.0,0.6475879782568749
2021-08-31 09:00:00,0.0730802882384536,0.0,0.1461605764769072
2021-08-31 10:00:00,0.05553409326933019,0.0,0.11106818653866038
2021-08-31 11:00:00,0.0,0.0,0.0
2021-08-31 12:00:00,0.0,0.0,0.0
2021-08-31 13:00:00,0.0,0.0,0.0
2021-08-31 14:00:00,0.0,0.0,0.0
2021-08-31 15:00:00,0.0,0.0,0.0
2021-08-31 16:00:00,0.11419731925584979,0.0,0.22839463851169958
2021-08-31 17:00:00,0.05384745113848518,0.0,0.10769490227697036
2021-08-31 18:00:00,0.6622412270727995,0.0,1.7895849250394387
2021-08-31 19:00:00,0.5797100632155744,0.0,1.6304811854227073
2021-08-31 20:00:00,0.456951546757193,0.0,1.3088039733581542
2021-08-31 21:00:00,0.43192715300687157,0.0,1.2957814590206147
2021-08-31 22:00:00,0.433466170176506,0.0,1.3003985105295182
2021-08-31 23:00:00,0.39257095203762055,0.0,1.1777128561128618
2021-09-01 00:00:00,1.8825734761481001,0.0,4.963865139025721
2021-09-01 01:00:00,0.19341104904580322,0.0,0.5802331471374097
2021-09-01 02:00:00,0.19502771568955057,0.0,0.5850831470686517
2021-09-01 03:00:00,0.2040449675770178,0.0,0.6121349027310533
2021-09-01 04:00:00,0.0,0.0,0.0
2021-09-01 05:00:00,2.002325,0.0,6.006975
2021-09-01 06:00:00,5.67480059422686,0.992535,11.401154203516306
2021-09-01 07:00:00,8.370747200593517,4.606908197293829,14.233066899078205
2021-09-01 08:00:00,4.329221324695283,1.8016792636688763,7.862604623701472
2021-09-01 09:00:00,2.081024218990359,0.6415631042858282,3.9620124745378957
2021-09-01 10:00:00,2.203292444349095,0.5037151107580972,4.372906646388833
2021-09-01 11:00:00,1.5692286545315943,0.18616928890472728,3.090900799112931
2021-09-01 12:00:00,1.3978160106615964,0.11924837291004915,2.9070571037050654
2021-09-01 13:00:00,2.519824165892709,0.5878979654952124,4.980309943545276
2021-09-01 14:00:00,2.326743023440644,0.7750436535237226,4.3348489650806
2021-09-01 15:00:00,2.06317359078657,0.7146410072931436,3.9559495724377967
2021-09-01 16:00:00,2.1420268422275233,0.7804759194237263,4.0447114904381545
2021-09-01 17:00:00,2.0768071100812553,0.6580110496577776,4.1780565242737655
2021-09-01 18:00:00,2.7928596651045217,1.2359108539464008,4.891852317632245
2021-09-01 19:00:00,4.200238591587127,1.8648662132857057,7.284187077237936
2021-09-01 20:00:00,4.769348371812532,2.253445267032056,8.422008518875403
2021-09-01 21:00:00,2.7303185731591118,1.251016844274446,4.6800126440821685
2021-09-01 22:00:00,2.6659091728641378,1.0323463500521306,4.7345055906411595
2021-09-01 23:00:00,2.1758113790285107,0.4961126826435166,3.8670353259530943
2021-09-02 00:00:00,1.0603644070337863,0.0,3.1810932211013596
2021-09-02 01:00:00,1.0823375403847069,0.02096163210387727,3.2028828693564835
2021-09-02 02:00:00,1.0868454336638491,0.015462707066803081,3.2279832334824876
2021-09-02 03:00:00,0.028282182682792346,0.0,0.05656436536558469
2021-09-02 04:00:00,0.021298166841475168,0.0,0.042596333682950335
2021-09-02 05:00:00,2.361566868490725,0.3224647577593538,6.058036493082771
2021-09-02 06:00:00,6.994219548725358,1.8279801497199957,13.31303974867477
2021-09-02 07:00:00,4.75291837133963,3.2449929618280593,7.800983000625739
2021-09-02 08:00:00,4.768285655925576,2.2799725858808113,7.996500453187472
2021-09-02 09:00:00,2.0920749611753644,0.6695976108307158,3.8089204704348463
2021-09-02 10:00:00,1.7652537120660043,0.43630441887412985,3.479102799947451
2021-09-02 11:00:00,0.11459092585416897,0.0,0.22918185170833794
2021-09-02 12:00:00,1.4107404116917925,0.0,2.821480823383585
2021-09-02 13:00:00,1.6685270587276764,0.2154925738394907,3.8222002463530744
2021-09-02 14:00:00,3.3006820398957504,1.2062019842552478,6.2543330287900085
2021-09-02 15:00:00,2.40341005422592,0.8769086310751841,4.669528095162092
2021-09-02 16:00:00,3.0540781198919094,1.3463552459878922,5.3245167308081145
2021-09-02 17:00:00,2.8496253738618162,1.397906600538192,4.888760425051239
2021-09-02 18:00:00,3.3147497887462682,1.7470692293291072,5.405441751926361
2021-09-02 19:00:00,4.220718718067282,1.896335428622689,7.422498847663538
2021-09-02 20:00:00,5.227303382388255,2.314558422847676,8.881603701118285
2021-09-02 21:00:00,2.6421090084067576,1.0577927700914493,4.633259126138946
2021-09-02 22:00:00,2.360343738521623,0.9870960585728081,4.310139946705423
2021-09-02 23:00:00,1.3909010055653293,0.07996315527083334,3.0684620689745437
2021-09-03 00:00:00,1.0148231428814514,0.0,3.044469428644354
2021-09-03 01:00:00,1.018302775308188,0.0,3.0549083259245635
2021-09-03 02:00:00,1.0418932917916213,0.010906558555160565,3.1027186994692633
2021-09-03 03:00:00,0.08603008688626107,0.0,0.17206017377252214
2021-09-03 04:00:00,0.11647372385881374,0.0,0.2329474477176275
2021-09-03 05:00:00,2.165434911411767,0.04516575645195643,6.127177442782409
2021-09-03 06:00:00,4.8324880734579345,0.8275462596506626,9.798924606488313
2021-09-03 07:00:00,5.555334934409521,3.356307962727415,8.830648400438523
2021-09-03 08:00:00,4.104301404311457,1.2289157048605217,7.411654963400478
2021-09-03 09:00:00,1.760334311443681,0.5102175419873956,3.358785649549468
2021-09-03 10:00:00,1.5665390642057828,0.3280772334073115,3.1524604389326774
2021-09-03 11:00:00,1.2566210818441443,0.12127956803413938,2.921398997473694
2021-09-03 12:00:00,1.1701474024596574,0.12315472894981123,2.8706514230422426
2021-09-03 13:00:00,2.1817464364774533,0.3588792405974577,4.906647646323722
2021-09-03 14:00:00,3.409790970407966,1.2735138597045117,6.197357935633987
2021-09-03 15:00:00,2.0384794506612196,0.7578983244227753,3.8666870310959895
2021-09-03 16:00:00,1.2066447112163488,0.5673693064266877,2.1628961269362748
2021-09-03 17:00:00,1.3297696125093141,0.636507129448236,2.185396723725006
2021-09-03 18:00:00,2.1187633524212965,1.4556153086499541,3.436171478951756
2021-09-03 19:00:00,3.390486154413624,1.5966502493384838,5.367061225906213
2021-09-03 20:00:00,4.075100677479023,1.9481880672690204,6.113381981044639
2021-09-03 21:00:00,2.1607250430131346,1.3352644448450197,3.4781802666214774
2021-09-03 22:00:00,3.430398765251186,1.2269743703797416,6.35624722288291
2021-09-03 23:00:00,2.4780179225216656,0.8786141736349171,4.26302974999913
2021-09-04 00:00:00,1.2208195167561207,0.1861087718882191,2.187441715272817
2021-09-04 01:00:00,0.8005548080916193,0.10265861314640908,1.5061752420028187
2021-09-04 02:00:00,0.38682235738558235,0.09478388208513937,0.6789108557486007
2021-09-04 03:00:00,0.5139210862316486,0.20696457442433538,0.840416777091134
2021-09-04 04:00:00,0.5972623902361812,0.2565360725108341,0.9578772663018785
2021-09-04 05:00:00,1.5296241572771114,0.733163253932747,2.3297211939824933
2021-09-04 06:00:00,1.7956962534203882,0.07241844618640442,3.5496258500740394
2021-09-04 07:00:00,4.16313324516172,0.9738896132044454,8.574310593025984
2021-09-04 08:00:00,4.098733242504346,2.193800867011889,7.132440218173377
2021-09-04 09:00:00,2.085467256064999,0.6453664772544704,3.830241517417206
2021-09-04 10:00:00,1.5030648857854225,0.34767365242829656,2.8047662948197094
2021-09-04 11:00:00,1.1398126169813616,0.15836129848790736,2.6739415901183454
2021-09-04 12:00:00,1.0275722612720668,0.07320455325046434,2.656470673656816
2021-09-04 13:00:00,3.5971577455413453,0.8737247821902451,7.2398833964402955
2021-09-04 14:00:00,1.2068471055030563,0.26981390297944813,2.6521875717093732
2021-09-04 15:00:00,1.1192279693959115,0.09776148583156327,2.7873431993695807
2021-09-04 16:00:00,1.480053804912458,0.21553938993196953,2.8383178980343096
2021-09-04 17:00:00,4.316709249483101,2.529089071537648,7.540483249406113
2021-09-04 18:00:00,4.219547539319042,2.223325091576891,6.5466042092937995
2021-09-04 19:00:00,5.0994257102151925,2.4826416577920294,9.031798724195996
2021-09-04 20:00:00,2.9267616734926585,1.3890905389580235,5.168732281346048
2021-09-04 21:00:00,1.3660568781816018,0.5477449671049355,2.2981803601586375
2021-09-04 22:00:00,1.168969295443827,0.45244858860406617,1.8301663424833503
2021-09-04 23:00:00,2.1548606650002595,0.30323756115352557,4.718108512183659
2021-09-05 00:00:00,0.47190051922213766,0.049562212425301476,1.0772562055130808
2021-09-05 01:00:00,0.7283100185470014,0.20321555833395422,1.2414346176831375
2021-09-05 02:00:00,0.6544998224219069,0.29271306843004297,1.0378399190368939
2021-09-05 03:00:00,0.7492483718551766,0.3281457598105601,1.1964735331354777
2021-09-05 04:00:00,0.9383034560746413,0.42105267378551986,1.5182366916283734
2021-09-05 05:00:00,1.5756815219325473,0.6397468782497622,2.3800036399479296
2021-09-05 06:00:00,0.5791448915374341,0.0,1.1604002901160342
2021-09-05 07:00:00,7.321461461495586,3.211017411150741,12.827199877333939
2021-09-05 08:00:00,3.681909897886466,2.2368834941680444,6.1573414399120185
2021-09-05 09:00:00,1.6302168202054608,0.5137555971430552,2.96063464841113
2021-09-05 10:00:00,1.4562809648812658,0.39799654797204626,2.747717073654006
2021-09-05 11:00:00,1.4283292598606183,0.3596032172350975,2.7684640750639593
2021-09-05 12:00:00,0.5495525241561898,0.11145855684396481,0.9859095671077801
2021-09-05 13:00:00,4.790021710178383,1.7322638519836506,9.174040487108668
2021-09-05 14:00:00,1.9480479317132762,0.7243156608459195,3.4202553327322347
2021-09-05 15:00:00,1.7054935155210793,0.49082529045101636,3.021449334599035
2021-09-05 16:00:00,1.4617189851067593,0.2558346970314667,2.8532338721895836
2021-09-05 17:00:00,5.85209397522424,3.648471971362138,10.02665492172461
2021-09-05 18:00:00,5.318992985977897,2.788366505716827,8.70995798994135
2021-09-05 19:00:00,3.9980109152318373,1.6970752583561683,6.906772797173175
2021-09-05 20:00:00,2.3264875033791563,1.2046122503956633,4.178130946165023
2021-09-05 21:00:00,3.7097627433213267,1.1036696860708486,6.417581979124213
2021-09-05 22:00:00,2.3406324369286478,0.9690876025308016,4.07843383801029
2021-09-05 23:00:00,1.7476991482222946,0.4202556798506377,3.3765653477680955
2021-09-06 00:00:00,0.7160295182488924,0.059893768982410896,1.3589876724482826
2021-09-06 01:00:00,0.30098494140393667,0.061941701726754506,0.5550903042530734
2021-09-06 02:00:00,0.31832576302106835,0.07580471498204469,0.5807443999212223
2021-09-06 03:00:00,0.35227973400248774,0.09088374525043964,0.6289761506262216
2021-09-06 04:00:00,0.3407212995782608,0.08220367943925858,0.6153836129418649
2021-09-06 05:00:00,3.815428843689899,0.20912590742661424,7.858952353070342
2021-09-06 06:00:00,4.599291477398368,1.560378009253796,8.743418196498604
2021-09-06 07:00:00,4.9104824334255435,2.960341919308148,7.819125405239345
2021-09-06 08:00:00,4.1345345432515765,1.7384400241593116,7.296529308846198
2021-09-06 09:00:00,1.0348378760985069,0.3960744975740161,1.7026573051572425
2021-09-06 10:00:00,1.1638869181110838,0.4398836656074705,1.914497111348065
2021-09-06 11:00:00,0.5899895324852851,0.09343034796166345,1.0912202344069892
2021-09-06 12:00:00,0.5031937406182581,0.08099422568409763,0.9294429668366232
2021-09-06 13:00:00,2.4268849947023523,0.4839734572580181,5.039033565068346
2021-09-06 14:00:00,2.6965836113408828,1.2426268428360374,4.828256986159657
2021-09-06 15:00:00,2.2036805821196976,0.9534876278779568,4.037917558388002
2021-09-06 16:00:00,2.36039001093155,0.9767810989048455,4.170326751805461
2021-09-06 17:00:00,2.2719497383418625,0.9371222316214126,4.187065047235707
2021-09-06 18:00:00,2.8923388663206353,1.3855772082601916,4.756583754468749
2021-09-06 19:00:00,4.215263254693067,2.1657187205060655,7.157318998356782
2021-09-06 20:00:00,5.091403555422381,2.325976181967396,8.493656457616966
2021-09-06 21:00:00,2.8844512970904788,1.3023808362650555,4.740890972239669
2021-09-06 22:00:00,2.7028717609147765,1.185552955138572,4.4663067926310696
2021-09-06 23:00:00,1.8580307907147526,0.5128347575467757,3.331571937311376
2021-09-07 00:00:00,0.1999654975926561,0.02727408854459127,0.372656906640721
2021-09-07 01:00:00,0.3235266723473327,0.03973820808509986,0.6073151366095656
2021-09-07 02:00:00,0.32633890122751236,0.0394984035032789,0.6131793989517458
2021-09-07 03:00:00,0.5705896350141515,0.12371808726186442,1.0317940092982636
2021-09-07 04:00:00,1.5087777787248753,0.018541530970042946,2.9990140264797076
2021-09-07 05:00:00,2.246895881619409,0.026167597123277188,6.226686664352296
2021-09-07 06:00:00,3.9841264796661515,1.0087183958277721,7.555099976967725
2021-09-07 07:00:00,3.177075330676786,2.0580478676734852,5.634000839243236
2021-09-07 08:00:00,4.746330944488489,2.0612218334382137,8.44638474965146
2021-09-07 09:00:00,2.1145352899042353,0.715649091039231,3.69975447602714
2021-09-07 10:00:00,1.8613797135805765,0.5721124063586097,3.5527478525483227
2021-09-07 11:00:00,0.5438469307434287,0.0782692896408604,1.01333803632804
2021-09-07 12:00:00,1.6926914018230221,0.35504464828692406,3.6741979946369008
2021-09-07 13:00:00,2.123609601096971,0.4245151122805395,4.2574278977375695
2021-09-07 14:00:00,2.5504822131633333,1.1107526198703008,4.754631963011039
2021-09-07 15:00:00,2.013853192642485,0.8331891765330081,3.5927104969518053
2021-09-07 16:00:00,2.162694946723663,0.9000329118621843,3.865733349898275
2021-09-07 17:00:00,2.2140639259138237,0.9373298253458417,4.157218423678241
2021-09-07 18:00:00,2.5531089025818465,1.298887447048978,4.449726250011712
2021-09-07 19:00:00,3.9406855235066724,1.793045832888293,6.775385834804763
2021-09-07 20:00:00,4.559998801748673,1.9817897426527584,7.7822353372267745
2021-09-07 21:00:00,2.285877502171171,1.0006034559911219,4.032688709344266
2021-09-07 22:00:00,1.3478015671507892,0.6816702046356553,2.234701072323474
2021-09-07 23:00:00,0.9423981725991477,0.2605717331971638,1.6757098281495761
2021-09-08 00:00:00,0.37651829874586157,0.0,0.7530365974917231
2021-09-08 01:00:00,0.0,0.0,0.0
2021-09-08 02:00:00,0.0,0.0,0.0
2021-09-08 03:00:00,0.0,0.0,0.0
2021-09-08 04:00:00,0.0,0.0,0.0
2021-09-08 05:00:00,2.002325,0.0,6.006975
2021-09-08 06:00:00,3.416825213950346,0.7261174994841553,6.504960754099903
2021-09-08 07:00:00,4.534835573672163,2.624884212146416,7.674316980462569
2021-09-08 08:00:00,4.073362854659648,1.8094440305079613,7.127135898310005
2021-09-08 09:00:00,1.2792067817978034,0.3280379090197615,2.5571327402194135
2021-09-08 10:00:00,1.0329935269799935,0.1830405650793437,2.319785812173873
2021-09-08 11:00:00,0.8404560366993226,0.060279900162218514,2.2362001151128266
2021-09-08 12:00:00,0.6717876815758521,0.0,1.886313296001934
2021-09-08 13:00:00,0.9107407773293215,0.03441417126545653,2.050395173409191
2021-09-08 14:00:00,1.006886258628508,0.2717756856542356,2.078474548121736
2021-09-08 15:00:00,0.8686152620657702,0.0940902478631465,1.9677257827342693
2021-09-08 16:00:00,0.3218772730605469,0.14734339557234705,0.6198775463345403
2021-09-08 17:00:00,1.6428494147851342,0.02671216533943723,3.269839807701077
2021-09-08 18:00:00,1.666981141875407,0.6503134292881895,3.122836783267189
2021-09-08 19:00:00,3.30813684484512,1.1122041808590672,6.042271577604525
2021-09-08 20:00:00,3.557158620807372,1.3647539603257672,6.505788076239161
2021-09-08 21:00:00,1.898323807536903,0.7390959730835538,3.390827916355445
2021-09-08 22:00:00,1.955947176918601,0.8033492608640986,3.472629533809669
2021-09-08 23:00:00,1.1953263052921554,0.16114065887511353,2.3248929326001275
2021-09-09 00:00:00,0.14250489713004671,0.0,0.4275146913901401
2021-09-09 01:00:00,0.20047789940199384,0.0,0.6014336982059816
2021-09-09 02:00:00,0.0,0.0,0.0
2021-09-09 03:00:00,0.005626132835777601,0.0,0.011252265671555201
2021-09-09 04:00:00,0.10433326181405753,0.0,0.20866652362811505
2021-09-09 05:00:00,2.285481013485411,0.08528448656964192,6.202105746573441
2021-09-09 06:00:00,2.735344186611138,0.7989553863870342,5.891810444997568
2021-09-09 07:00:00,5.599936438736322,3.02563718643549,9.098114124416313
2021-09-09 08:00:00,4.036305087489625,1.7979637176893668,7.105243395082557
2021-09-09 09:00:00,0.609013517988664,0.14379127448850149,1.1553144578826742
2021-09-09 10:00:00,1.623079582489045,0.3840344371474779,3.3410535741669554
2021-09-09 11:00:00,0.9085030618648852,0.0,2.448396974740168
2021-09-09 12:00:00,0.9009718824073407,0.0,2.423758853158294
2021-09-09 13:00:00,2.2916029094532195,0.49513376019827704,4.415433356952689
2021-09-09 14:00:00,1.6172398159510037,0.6103923865955778,3.1713675724101824
2021-09-09 15:00:00,1.2160701180367515,0.26372532628173195,2.5404010347020822
2021-09-09 16:00:00,2.0744524478993056,0.5185971382709536,3.9790431581470838
2021-09-09 17:00:00,1.7048399488733192,0.592372531037535,3.260156950421275
2021-09-09 18:00:00,2.140138018625858,0.9482336767085169,3.7286635405931006
2021-09-09 19:00:00,3.602644636017187,1.5815329150922959,6.376724857413248
2021-09-09 20:00:00,4.599953802481516,1.876154225863171,7.693687331410008
2021-09-09 21:00:00,2.7064759153197055,1.2498922025191612,4.3894214103911535
2021-09-09 22:00:00,2.5076764114829833,1.181295623851887,4.056394512079365
2021-09-09 23:00:00,2.285748363006857,0.7923119729311296,3.6936486758249387
2021-09-10 00:00:00,1.3854759455638272,0.35746118224850243,2.777199712856493
2021-09-10 01:00:00,1.6808308277644444,0.48091309595407583,2.997803650217769
2021-09-10 02:00:00,2.1678329280196973,0.7899110460011625,3.661968090861539
2021-09-10 03:00:00,2.0671211450651845,0.5142017459194779,3.7677998779226223
2021-09-10 04:00:00,2.342003403996735,0.6971290181456539,4.156132284574335
2021-09-10 05:00:00,5.6025186040453,2.290874777289819,9.853106026964346
2021-09-10 06:00:00,6.686671711181974,2.054728962577975,12.101275289783743
2021-09-10 07:00:00,4.280451853375811,2.8807210381660338,6.992120830092033
2021-09-10 08:00:00,3.9706327902720457,1.6620086297071603,6.908158975215175
2021-09-10 09:00:00,1.8393715245811577,0.7588141183955137,3.2520699061229377
2021-09-10 10:00:00,1.2882087664309363,0.21260742700293067,2.641368681355504
2021-09-10 11:00:00,0.7793533665101834,0.0,2.1080816223369347
2021-09-10 12:00:00,0.7775088618128767,0.0,2.1320233108940068
2021-09-10 13:00:00,1.3048810334193708,0.06018964461205979,3.091026963869441
2021-09-10 14:00:00,1.432887598512698,0.4817958373484114,2.806549382322488
2021-09-10 15:00:00,1.1596377168836756,0.385050429783503,2.2725000539305498
2021-09-10 16:00:00,2.00292083613424,0.5430319102156365,3.823948664324154
2021-09-10 17:00:00,1.1521154728260263,0.2993402552663766,2.1694403206050388
2021-09-10 18:00:00,2.2682224408407405,1.071425414133821,3.9127442926290468
2021-09-10 19:00:00,3.627377038242291,1.5436576152614536,6.233048609887588
2021-09-10 20:00:00,4.633411993197293,2.0352439568763243,7.3989802831701095
2021-09-10 21:00:00,2.348716391167678,1.052510820583388,3.7627687853191625
2021-09-10 22:00:00,2.441541426565123,1.0667596851590888,3.9778259646649774
2021-09-10 23:00:00,2.1129724507189,0.6181266461188795,3.4284349518489843
2021-09-11 00:00:00,0.8841961912945073,0.26275254009590265,1.3804198343303242
2021-09-11 01:00:00,0.4910025109214435,0.0004588028990397293,0.9810874160448074
2021-09-11 02:00:00,0.6761769379633521,0.19449302113633687,1.156784475014315
2021-09-11 03:00:00,0.9091545835565074,0.34542584443165525,1.5335590697681654
2021-09-11 04:00:00,1.579224168139824,0.5394029975930612,2.540329872281806
2021-09-11 05:00:00,1.697078842519439,0.711098171594839,2.5728975760162442
2021-09-11 06:00:00,2.3129985557846138,0.1414481276847438,4.327984798015515
2021-09-11 07:00:00,4.983328606673286,1.7715727700748611,9.429579875395389
2021-09-11 08:00:00,2.9204961188182543,1.5571032104974614,5.28659626557324
2021-09-11 09:00:00,1.8392660685931221,0.3313075321953629,3.590629661057899
2021-09-11 10:00:00,1.058086486417788,0.08084020194665072,2.1219238778842846
2021-09-11 11:00:00,1.013619665703649,0.060940779301010564,2.0827403658231347
2021-09-11 12:00:00,0.883296960583126,0.047447637022475966,1.9223565505083406
2021-09-11 13:00:00,2.5434578538376726,0.4967628628606107,5.225009685583245
2021-09-11 14:00:00,1.0747538168758284,0.3007516179918982,2.1735287256895712
2021-09-11 15:00:00,0.9433934806592597,0.11318893722199634,1.9928725181259275
2021-09-11 16:00:00,1.0039585837221903,0.17911717992722423,2.019085526752858
2021-09-11 17:00:00,4.14380762194725,1.9809809831393257,7.176818856026842
2021-09-11 18:00:00,4.270257003697636,2.073043607292837,7.225263541168024
2021-09-11 19:00:00,3.6946943049607395,1.5804510891619294,6.702746471940739
2021-09-11 20:00:00,2.4319760025424584,1.2733283383567724,4.082861206042415
2021-09-11 21:00:00,2.293273145170729,0.997624858957644,3.782932618461928
2021-09-11 22:00:00,1.7615175959736586,0.791690800452508,3.03655318687767
2021-09-11 23:00:00,1.4535942122105219,0.3558038735245029,2.7833861678798484
2021-09-12 00:00:00,1.1302613596194488,0.18223927301878257,2.470643506732689
2021-09-12 01:00:00,1.4569622808812839,0.3402765864494807,2.6266110807584897
2021-09-12 02:00:00,1.726722845815679,0.5179121782546316,2.9954491901881295
2021-09-12 03:00:00,1.2917019957260711,0.14210050087824236,2.6224282836341577
2021-09-12 04:00:00,0.39829481138484707,0.08408483891976534,0.7361537558432788
2021-09-12 05:00:00,0.5722777731871893,0.13854909832309087,1.0085924782559006
2021-09-12 06:00:00,0.372526790289387,0.0,0.745053580578774
2021-09-12 07:00:00,5.4475427491463035,2.049615290468366,10.082021799488086
2021-09-12 08:00:00,3.7454334432194654,1.9678476366416287,6.387366556147893
2021-09-12 09:00:00,1.3322801431972848,0.4913305738608891,2.4483253588602434
2021-09-12 10:00:00,1.143736222151951,0.28460285915371664,2.18939511089608
2021-09-12 11:00:00,0.40822469978014725,0.07632493386878189,0.7232833140981832
2021-09-12 12:00:00,1.2040951005109564,0.18968665727391598,2.7500242952535463
2021-09-12 13:00:00,2.4261413639204736,0.7106561024847928,4.7449041351887224
2021-09-12 14:00:00,0.8263123037536529,0.1569378186531584,1.760189283365037
2021-09-12 15:00:00,0.6390622864129776,0.04517562138744639,1.7378480830205065
2021-09-12 16:00:00,0.6588248750336326,0.051199515486918784,1.77985792414734
2021-09-12 17:00:00,3.5161879887564886,1.2495231530175492,6.140043323933329
2021-09-12 18:00:00,4.376173330212365,2.349221358168702,7.448637557804196
2021-09-12 19:00:00,3.7662081467001927,1.5995165014474624,6.611505404601545
2021-09-12 20:00:00,2.2261212419555636,1.0627084105338054,3.849704679543144
2021-09-12 21:00:00,2.539717559224264,1.1448708282871807,4.224709763744836
2021-09-12 22:00:00,2.4561050341458857,1.2755975828488166,3.9157956754129417
2021-09-12 23:00:00,2.1434320851689264,0.8766417365138129,3.841133158303669
2021-09-13 00:00:00,2.6629572362964993,1.2643517729701523,4.131909550965552
2021-09-13 01:00:00,2.999376942543957,1.634610001740136,4.558800944631585
2021-09-13 02:00:00,1.9933854188312519,0.8274933487153748,3.387419717082819
2021-09-13 03:00:00,2.340876754987064,1.0187114812346683,3.8553124895435067
2021-09-13 04:00:00,1.941633965763642,0.5491178947694598,3.416079128019579
2021-09-13 05:00:00,4.286930836701491,1.3764948997582525,8.498080258695296
2021-09-13 06:00:00,6.024166061441098,2.0223479285989994,10.80466497384911
2021-09-13 07:00:00,4.408682872203576,2.76416327776228,7.047606809253368
2021-09-13 08:00:00,4.24269375761805,2.250214900166571,7.089643463372871
2021-09-13 09:00:00,1.2491591677623444,0.2913356731416877,2.5024236105530417
2021-09-13 10:00:00,0.9233086265327122,0.3767096427007849,1.602969758245465
2021-09-13 11:00:00,0.09894202906043749,0.0,0.19788405812087498
2021-09-13 12:00:00,0.9296621194814637,0.0,1.8593242389629274
2021-09-13 13:00:00,1.9931918194780311,0.34265763287747775,4.238256311565808
2021-09-13 14:00:00,2.2669564436845384,0.9807812847022424,4.294882812817894
2021-09-13 15:00:00,1.6741828464845505,0.6173302586100291,3.250881262229352
2021-09-13 16:00:00,2.1697885868874334,1.0827281443092411,3.780467786511769
2021-09-13 17:00:00,2.1297392737509244,0.9435139911230561,3.9268078183874158
2021-09-13 18:00:00,2.6511256073527307,1.394123119937967,4.3107006351983275
2021-09-13 19:00:00,3.7914368786167754,1.9435845806378191,6.3576225858797
2021-09-13 20:00:00,4.857689248630951,2.1604457631925276,7.642832210079916
2021-09-13 21:00:00,2.60220890672026,1.212331941755692,3.974294764552578
2021-09-13 22:00:00,2.393202323482778,1.109507159089072,3.758964274973909
2021-09-13 23:00:00,1.6523349802699618,0.5294235040729418,2.9703059032601575
2021-09-14 00:00:00,0.42773296861284493,0.04191333373785813,0.8135526034878318
2021-09-14 01:00:00,0.3362502679287648,0.0,0.6725005358575296
2021-09-14 02:00:00,0.34317233444836265,0.0,0.6863446688967253
2021-09-14 03:00:00,0.3749859355509859,0.016259194116357095,0.7373187763233243
2021-09-14 04:00:00,0.43895447689298733,0.0700891318837285,0.8145728491692742
2021-09-14 05:00:00,3.9910231575718775,0.8971602126241963,8.617965300202057
2021-09-14 06:00:00,4.141766450890013,1.348491127036794,7.910342498787978
2021-09-14 07:00:00,5.0768181128797805,2.9586656447306536,8.196172001514247
2021-09-14 08:00:00,3.602144126400246,1.494881033529621,6.270126885878811
2021-09-14 09:00:00,1.2117359863143173,0.34200968806832754,2.296606763375637
2021-09-14 10:00:00,0.5734608213309379,0.15874879113600446,1.1230231234270505
2021-09-14 11:00:00,0.9882488881062613,0.0,2.7873465800817625
2021-09-14 12:00:00,0.7476587058050165,0.0,2.0899941629678502
2021-09-14 13:00:00,2.245333649138543,0.5619979458485401,4.387483303956888
2021-09-14 14:00:00,1.827306329044913,0.780425194102682,3.5394611906424562
2021-09-14 15:00:00,1.9890483424953898,0.8428684139335323,3.4948308836660638
2021-09-14 16:00:00,1.817110053046739,0.7745355613994938,3.243864168898082
2021-09-14 17:00:00,1.5956116054722516,0.6158787069397552,2.917744367851934
2021-09-14 18:00:00,2.2664619166248348,1.1632047799740555,3.7806626803152072
2021-09-14 19:00:00,3.6288392720765836,1.6204134937781254,6.190552520913555
2021-09-14 20:00:00,5.432653819878705,2.9434651049823937,8.877778645538422
2021-09-14 21:00:00,2.6254540577123566,1.3959189135469454,3.9672778950271934
2021-09-14 22:00:00,2.3394418103733,1.1017512703343215,3.6874471956647703
2021-09-14 23:00:00,1.8701208400952607,0.4454064603556924,3.072445757087074
2021-09-15 00:00:00,0.9105995207879951,0.0,2.2506425829088883
2021-09-15 01:00:00,0.22712228082260227,0.0,0.45424456164520455
2021-09-15 02:00:00,0.21119827887599057,0.0,0.42239655775198115
2021-09-15 03:00:00,1.3169680238201513,0.01726106748831471,3.190845154081075
2021-09-15 04:00:00,0.9324607162680532,0.0,2.2019378250044395
2021-09-15 05:00:00,3.3355473370913136,0.6882316473954079,7.359475063758949
2021-09-15 06:00:00,3.901059299341389,1.2590286421318106,7.320166696851605
2021-09-15 07:00:00,5.575850657021313,3.3731785619423333,8.61730967546115
2021-09-15 08:00:00,4.433127822379122,2.221603553236288,7.2318132215101105
2021-09-15 09:00:00,2.0529335832780347,0.7246780872723753,3.496195879385237
2021-09-15 10:00:00,1.9906913803517219,0.5782626321612674,3.5041814829540967
2021-09-15 11:00:00,1.0544311814465734,0.11865254361056984,2.405889045280419
2021-09-15 12:00:00,1.0576051061725884,0.1190931806047386,2.382483454889461
2021-09-15 13:00:00,2.402892837857182,0.1704144589068058,4.712301437064046
2021-09-15 14:00:00,2.742682069181745,1.2074582862039807,5.004576110443301
2021-09-15 15:00:00,1.5368556086307763,0.6419106908666576,2.586356697549515
2021-09-15 16:00:00,3.083140023521113,1.343148968376161,5.254532064161087
2021-09-15 17:00:00,3.013510164214842,1.5206874050313732,4.9658665531920745
2021-09-15 18:00:00,2.8716268804193907,1.5246766200333755,4.538218896470363
2021-09-15 19:00:00,3.707125026337814,1.7904044844499483,6.285289069910368
2021-09-15 20:00:00,4.997358951727985,2.0797964584988584,7.969496216949505
2021-09-15 21:00:00,2.4762880885669953,1.1186471104046907,3.8837817454615293
2021-09-15 22:00:00,2.445182716404867,1.2472240270256245,3.7490156524881058
2021-09-15 23:00:00,1.929475461489697,0.5805722209292501,3.14143804392978
2021-09-16 00:00:00,1.2916376530190874,0.26590388622681493,2.332424741883699
2021-09-16 01:00:00,0.5778416240724907,0.018403982588118466,1.140734320493893
2021-09-16 02:00:00,0.6471344991179395,0.06733922871383329,1.2451758412791505
2021-09-16 03:00:00,0.6723160458348718,0.07745622230096977,1.2886617645952478
2021-09-16 04:00:00,0.7035068736836476,0.0684605718402948,1.3521095516519515
2021-09-16 05:00:00,2.553423135387208,0.1623899138062324,6.298738870224558
2021-09-16 06:00:00,6.938500090335922,2.9497555896364283,12.57863761635234
2021-09-16 07:00:00,4.71551574387797,3.16426763245683,7.467247655874599
2021-09-16 08:00:00,4.197650952887574,2.098014353793016,6.979027336453718
2021-09-16 09:00:00,1.5657836070301796,0.48324963255670794,2.8844032068258296
2021-09-16 10:00:00,1.7165185753148555,0.7242753478098994,2.900946614076994
2021-09-16 11:00:00,1.088644442890482,0.29204129242092947,2.071136926162168
2021-09-16 12:00:00,1.003099711922858,0.23797447333102528,2.032984462745137
2021-09-16 13:00:00,1.0122425128291155,0.056313003620545234,2.322851973081121
2021-09-16 14:00:00,1.1018709071846582,0.5256309120767216,1.995790772154749
2021-09-16 15:00:00,0.846242545397907,0.3077539279522508,1.4583504123252362
2021-09-16 16:00:00,2.030693202194987,0.7422923252997653,3.7250960872850363
2021-09-16 17:00:00,1.4961610228348652,0.6274931111538946,2.607856130008743
2021-09-16 18:00:00,2.720397506130684,1.5565855626069522,4.497412487632527
2021-09-16 19:00:00,3.9155310644940786,1.8236293782332813,6.22452846665413
2021-09-16 20:00:00,4.966131912268616,2.2723669497956935,7.727795737944225
2021-09-16 21:00:00,2.693582121841597,1.3054994764872148,4.050542901494092
2021-09-16 22:00:00,2.7107377333674227,1.3080499626319468,4.142863461586471
2021-09-16 23:00:00,1.9861115067133004,1.0889781361661945,2.9964115725701466
2021-09-17 00:00:00,0.46195846431063164,0.05004315477334568,0.8505991663137948
2021-09-17 01:00:00,0.7311426339779424,0.09170567351536324,1.3249689873676431
2021-09-17 02:00:00,0.8320997828628887,0.21085564869378448,1.4380585476118797
2021-09-17 03:00:00,0.8128814237900023,0.2348513763434099,1.403597636217482
2021-09-17 04:00:00,0.6854760736086684,0.12098319428611803,1.2473963080582269
2021-09-17 05:00:00,2.6400228926098968,0.16061899059699578,6.5957898792040055
2021-09-17 06:00:00,5.033958604158486,1.5017422900153303,9.503562664809154
2021-09-17 07:00:00,4.506789852179114,2.9503403508391024,7.4567113488651255
2021-09-17 08:00:00,3.9636925555703324,1.775387749355361,6.703074922010782
2021-09-17 09:00:00,1.4825471526087448,0.5523642422658778,2.6458086705878823
2021-09-17 10:00:00,1.2645774592759356,0.38851951770541227,2.3537746758006013
2021-09-17 11:00:00,2.169128296311268,0.48157948807133233,3.8969965423594535
2021-09-17 12:00:00,1.1311670852079176,0.3068640718745245,2.205813178652232
2021-09-17 13:00:00,1.0291135883528872,0.1761111387766544,2.1548147784966423
2021-09-17 14:00:00,1.2704916028317084,0.6414684542008298,2.4313657895633902
2021-09-17 15:00:00,1.9628175788749203,0.7186051851435931,3.638295728313449
2021-09-17 16:00:00,2.003553584974978,0.9760545930993764,3.41664005409817
2021-09-17 17:00:00,2.0278726799084983,0.8360150540985445,3.8054393901328982
2021-09-17 18:00:00,2.8531017852871847,1.4026587437761369,4.691732152691687
2021-09-17 19:00:00,4.258968277919229,2.339910688853372,6.995786239056382
2021-09-17 20:00:00,5.406860566714339,2.6559630246019577,8.170941905752978
2021-09-17 21:00:00,3.156306730953076,1.7805918276947303,4.729403928123763
2021-09-17 22:00:00,2.644554268602547,1.182078006488907,4.203901660932764
2021-09-17 23:00:00,1.5758220294493088,0.46078937594765557,2.4598874719606463
2021-09-18 00:00:00,1.8101768744691766,0.7929789718683293,2.95828317179015
2021-09-18 01:00:00,1.0253635889065207,0.385633166885972,1.691629972181473
2021-09-18 02:00:00,1.5189833997152538,0.7514225148599858,2.3103453845562396
2021-09-18 03:00:00,3.5235822766564264,1.2546138401490485,5.853403555425713
2021-09-18 04:00:00,2.423299997527563,1.4779835424064223,3.6350210364072866
2021-09-18 05:00:00,2.342481984574968,1.3521736536202162,3.548827674781299
2021-09-18 06:00:00,1.860851930756781,0.31234044207332395,3.5269195409366185
2021-09-18 07:00:00,5.3766654272249825,1.9817128725984572,10.046407531474625
2021-09-18 08:00:00,3.4821691942513473,1.8555425719144896,6.187860821706909
2021-09-18 09:00:00,2.6687586713117275,0.9896709640031749,4.192439380325451
2021-09-18 10:00:00,1.8829149891954493,0.7791972682102328,3.0210738488207003
2021-09-18 11:00:00,1.5642734448168383,0.6053583619999087,2.6655968256894584
2021-09-18 12:00:00,1.1899311447346685,0.364349659665889,2.2000119291468265
2021-09-18 13:00:00,4.14241274636368,1.610888835898997,7.952508304373389
2021-09-18 14:00:00,1.4237609296285318,0.5025107264549834,2.521105746784829
2021-09-18 15:00:00,0.33999207917361324,0.0,0.6799841583472265
2021-09-18 16:00:00,0.5390091039971081,0.08428729344928301,1.0495039726025004
2021-09-18 17:00:00,4.50994850499684,2.890266803065174,7.849953540631034
2021-09-18 18:00:00,4.99726243781647,2.8788222457128927,7.724445243375371
2021-09-18 19:00:00,3.6503550701334473,2.079146307074367,5.770966278728631
2021-09-18 20:00:00,2.321285526092233,1.3100497116144336,3.806504562399267
2021-09-18 21:00:00,2.9314886296349285,1.3035062378904727,5.165867787481444
2021-09-18 22:00:00,2.6311207403589942,1.5047832847033162,4.138243082104796
2021-09-18 23:00:00,1.7979986672381805,0.567606692000733,3.1256422895035256
2021-09-19 00:00:00,1.1081896587091518,0.036361451949115595,2.1800178654691873
2021-09-19 01:00:00,0.5102911309737187,0.011434259574775398,1.0131499932238335
2021-09-19 02:00:00,1.7186887616805984,0.021651122152317823,3.4892955132745134
2021-09-19 03:00:00,1.2938113423123416,0.054323002873065185,2.5533884528463684
2021-09-19 04:00:00,0.8336726043229734,0.18447083794056748,1.5015505010269186
2021-09-19 05:00:00,1.5785870979093974,0.6433493113910199,2.557242723460436
2021-09-19 06:00:00,1.163091881104005,0.15117180130017507,2.166549102705241
2021-09-19 07:00:00,6.799638638879692,2.608112028105949,11.783116023340472
2021-09-19 08:00:00,4.914847170088705,2.728300908332283,8.356779331119709
2021-09-19 09:00:00,1.7984297018867483,0.861347133382241,2.9680096196167485
2021-09-19 10:00:00,1.050385010680097,0.1340562109989903,2.145548891164457
2021-09-19 11:00:00,0.4904783701167202,0.13156803705633427,0.9067806170720981
2021-09-19 12:00:00,1.139838725396906,0.1666239129834831,2.671667819996271
2021-09-19 13:00:00,2.403980084098746,0.7701268593555375,4.721995194705051
2021-09-19 14:00:00,0.3398580770345634,0.13286241602852172,0.5867112102115164
2021-09-19 15:00:00,0.35305332290158653,0.05348637399465496,0.6552945905082507
2021-09-19 16:00:00,0.4172540651028521,0.072659070444933,0.7717524903613802
2021-09-19 17:00:00,4.5256804143903775,2.0955470001256473,7.774145485898023
2021-09-19 18:00:00,4.213495691041518,2.0275721234857507,7.052509561274355
2021-09-19 19:00:00,3.842592849035759,1.882899043938355,6.530337128684424
2021-09-19 20:00:00,1.9043333913305405,0.794379439193871,3.4798489254863885
2021-09-19 21:00:00,1.354394653606748,0.327522663646888,2.7109436028929044
2021-09-19 22:00:00,0.44304089797039975,0.07608879442545574,0.808732833224294
2021-09-19 23:00:00,0.7082870370778942,0.06257781997124395,1.399898008486379
2021-09-20 00:00:00,1.0770448674609563,0.0,3.0585832075632866
2021-09-20 01:00:00,1.0080533797215105,0.0,2.2083288066557882
2021-09-20 02:00:00,1.066838419965004,0.0,2.257594333260494
2021-09-20 03:00:00,0.45217605892911944,0.0,0.9043521178582389
2021-09-20 04:00:00,0.5464136607637877,0.009283031490256919,1.0837823164857867
2021-09-20 05:00:00,2.539648466763336,0.0642692088367381,6.38734999122848
2021-09-20 06:00:00,5.9396998273695925,2.2230359709770338,10.85734510024265
2021-09-20 07:00:00,4.3761419898474365,2.786695698049331,6.996582383514178
2021-09-20 08:00:00,4.86646939729969,2.7580030943649283,7.673177973003032
2021-09-20 09:00:00,2.127567685129875,0.858421309542615,3.5231810045770864
2021-09-20 10:00:00,1.6541864999225897,0.5080840413992997,3.0559899639433095
2021-09-20 11:00:00,0.2522952209972437,0.0,0.5045904419944874
2021-09-20 12:00:00,0.2183561493393479,0.0,0.4367122986786958
2021-09-20 13:00:00,0.9199236153673356,0.048978146399287055,2.2510184050701123
2021-09-20 14:00:00,1.377309136795875,0.5530514128633254,2.8720588293369054
2021-09-20 15:00:00,2.3149677526681094,0.9708034853384588,4.3258257542808884
2021-09-20 16:00:00,2.1659409458775105,1.0606080031616483,3.771897719143193
2021-09-20 17:00:00,2.065529603485201,0.9414701163009842,3.598920431982186
2021-09-20 18:00:00,2.343016796727402,1.1920827097163267,3.8249657387848637
2021-09-20 19:00:00,3.786694377353011,1.9596491201184432,6.3424798676518
2021-09-20 20:00:00,5.130220909683632,2.350279800792114,8.082386135936838
2021-09-20 21:00:00,3.5459209061455534,2.2345822198686305,5.269905710690008
2021-09-20 22:00:00,2.493460006908689,1.2748666599512986,3.835695890677249
2021-09-20 23:00:00,1.9985825547136973,0.5281341255604373,3.07499490421024
2021-09-21 00:00:00,2.608990293199915,0.988441510353946,4.525863484408091
2021-09-21 01:00:00,0.8422264980945363,0.13043291627228973,1.5681441579340236
2021-09-21 02:00:00,1.4506082651766186,0.4617923660553421,2.066429253454068
2021-09-21 03:00:00,0.861103881613655,0.3532028873361223,1.3932983780419235
2021-09-21 04:00:00,2.6484298607826866,1.5670147797221363,3.8118201130103926
2021-09-21 05:00:00,5.237808813952874,2.1906110414081876,9.011173683978734
2021-09-21 06:00:00,8.2442852631599,3.9550262070571147,13.523619698076658
2021-09-21 07:00:00,7.523257481018431,4.54460176024772,11.285393161943587
2021-09-21 08:00:00,5.458387603618241,3.320847645611116,8.288832498703634
2021-09-21 09:00:00,1.906950785779314,0.9990611750048944,2.885846559180648
2021-09-21 10:00:00,1.0872091234148076,0.4042943522338533,1.769338925193026
2021-09-21 11:00:00,0.4582092862449859,0.08213970695238917,0.9050017758604418
2021-09-21 12:00:00,0.42028389199996413,0.07538505459922719,0.8332522256715539
2021-09-21 13:00:00,0.9190197996932469,0.05248407441433346,2.247364266491221
2021-09-21 14:00:00,1.8211735479570323,0.5848820239499887,3.770202006460316
2021-09-21 15:00:00,1.649491565265103,0.6299968904081406,2.86974182667197
2021-09-21 16:00:00,1.815235716868923,0.6290652139540877,3.398797666306784
2021-09-21 17:00:00,1.8272306034529247,0.8847355312672112,2.984839067399678
2021-09-21 18:00:00,3.0390372981516514,1.8942795179290457,4.932699657640683
2021-09-21 19:00:00,4.191465994270788,2.1598925964700384,6.7665510739116685
2021-09-21 20:00:00,4.543449474660092,2.0694476009278437,7.350188147487681
2021-09-21 21:00:00,2.620085202266691,1.3047543986931998,4.210088899042694
2021-09-21 22:00:00,2.6830582122193953,1.0993734762143186,4.327707581674591
2021-09-21 23:00:00,2.3539391303579635,0.9952625339334706,3.6989008653691897
2021-09-22 00:00:00,0.5939322896274696,0.05125944566157826,1.1401119996921023
2021-09-22 01:00:00,1.08593628415807,0.22581335049284051,1.9435425535494624
2021-09-22 02:00:00,1.131942136289113,0.36676732080856783,1.9657275534785008
2021-09-22 03:00:00,1.0579969318274327,0.3418007922823589,1.8038447864698228
2021-09-22 04:00:00,1.7947715437350333,0.899044603808946,2.7441652659359144
2021-09-22 05:00:00,3.560775610494828,0.7498699654328327,7.449961954553428
2021-09-22 06:00:00,5.85030505112957,1.8765121627875332,10.713834852193195
2021-09-22 07:00:00,4.118178291283477,2.6754402792040577,6.725212951786871
2021-09-22 08:00:00,5.0430650519485,2.4787189292709515,8.799965670618153
2021-09-22 09:00:00,1.5177207525800318,0.4597747697283299,2.9669262862003545
2021-09-22 10:00:00,1.3128843197669,0.2923133177718526,2.6039557006843994
2021-09-22 11:00:00,0.95594195051094,0.05036071941214114,1.9837911396327599
2021-09-22 12:00:00,0.4469987469608892,0.03013739574422866,0.9610597251321442
2021-09-22 13:00:00,1.1085458439061768,0.08468582344937907,2.52644504949555
2021-09-22 14:00:00,1.4086080372342629,0.7098107842175548,2.6784829278431945
2021-09-22 15:00:00,1.9771344754444649,0.7698268840531979,3.763467607744688
2021-09-22 16:00:00,2.2459651644507903,1.1326154205067513,3.8381104841149463
2021-09-22 17:00:00,1.9200545750923537,0.9239048611029013,3.328168396779874
2021-09-22 18:00:00,2.4451552651105333,1.239898805982412,3.9777202207504314
2021-09-22 19:00:00,3.708510249502576,1.8582957071250445,6.317229330724743
2021-09-22 20:00:00,4.437548568649193,1.9122685468500575,7.260806706086912
2021-09-22 21:00:00,2.328917576184466,1.2345380389913254,3.714291965166096
2021-09-22 22:00:00,2.3485992681453434,1.281544534452362,3.788684514383527
2021-09-22 23:00:00,1.622151240818414,0.4095867935703429,2.7645657889365367
2021-09-23 00:00:00,0.536484185300332,0.07499092542085192,0.933842852696028
2021-09-23 01:00:00,0.4916723387926556,0.0,0.9853147779464573
2021-09-23 02:00:00,0.4844237619111997,0.0,0.9711508915146108
2021-09-23 03:00:00,0.521668969726479,0.0,1.0441516199552496
2021-09-23 04:00:00,0.5312203480428501,0.0,1.0626162008304894
2021-09-23 05:00:00,3.8738281232895844,0.27338789608741126,7.913967539636376
2021-09-23 06:00:00,3.70626403876313,1.2132273598347623,7.188382207963764
2021-09-23 07:00:00,4.654756258079459,2.7544100444533397,7.650058828883496
2021-09-23 08:00:00,4.729046290477961,2.710481782047345,7.607614701773529
2021-09-23 09:00:00,2.210569628412612,0.8913114307494079,3.7409286819372456
2021-09-23 10:00:00,2.141632737027987,0.9876068718761796,3.4825288325295207
2021-09-23 11:00:00,2.1934091914150584,0.8901482937290645,3.85190543363825
2021-09-23 12:00:00,1.5066372238201258,0.512408220698269,2.7558194920549774
2021-09-23 13:00:00,2.464786499696475,0.7397871560187742,4.69529042361978
2021-09-23 14:00:00,2.520565339540354,1.1336574166032016,4.708327915378825
2021-09-23 15:00:00,2.38093873502262,1.1539021522248225,3.9336720635447127
2021-09-23 16:00:00,2.5598271887970427,1.2733134452129973,4.2334468209777665
2021-09-23 17:00:00,2.8182474556641632,1.362372524236742,4.671757230791984
2021-09-23 18:00:00,2.609620754417202,1.3609051462006296,4.162826664264691
2021-09-23 19:00:00,3.7086504855579085,1.8068628856178885,6.179279312072313
2021-09-23 20:00:00,4.867530015622523,2.058489537102185,7.72699145060888
2021-09-23 21:00:00,2.362605075575255,1.1496410683512739,3.6583283833558715
2021-09-23 22:00:00,2.452897132999152,1.1980033876631109,3.822641126883052
2021-09-23 23:00:00,1.450080182768726,0.6856499330707408,2.044098091843096
2021-09-24 00:00:00,1.1899116561761554,0.14203558546167494,2.2122560951040455
2021-09-24 01:00:00,1.1760950328868631,0.09394853530692578,2.2481350957000745
2021-09-24 02:00:00,1.6127081279712838,0.25302970796732455,3.009267880901591
2021-09-24 03:00:00,2.106132340447866,0.7643584280336779,3.261295371158347
2021-09-24 04:00:00,3.477480267846364,1.8753636993330718,5.188470134224254
2021-09-24 05:00:00,5.8387430918004615,2.6532847127885324,9.20578319159195
2021-09-24 06:00:00,9.11588604783093,4.97891284898159,13.958532012710963
2021-09-24 07:00:00,7.83444276102628,5.165724013453552,11.688046152645583
2021-09-24 08:00:00,5.184306892060409,3.125363103235393,8.072766846233751
2021-09-24 09:00:00,1.0447952554389608,0.32790946358716233,1.8470559974129244
2021-09-24 10:00:00,1.6438714627628597,0.43263459398635984,3.1407645567807148
2021-09-24 11:00:00,1.588380028142715,0.4724796649624805,2.8690936294842215
2021-09-24 12:00:00,0.37273993741471184,0.037270398836129925,0.7458752195631753
2021-09-24 13:00:00,0.9228187930743982,0.029921814570299195,2.223241495767577
2021-09-24 14:00:00,1.0688122265031321,0.46535810317908105,2.2757204731512344
2021-09-24 15:00:00,0.731794440161424,0.36593136983221347,1.3329362062004462
2021-09-24 16:00:00,1.1615788131308387,0.6037149522669378,2.061617052348501
2021-09-24 17:00:00,2.01479934092349,0.6953869195815767,3.964935604395053
2021-09-24 18:00:00,3.7203473083259975,1.591935462697775,6.277384402793774
2021-09-24 19:00:00,5.291689698137207,3.328485475474329,8.273622465899424
2021-09-24 20:00:00,5.857899501442049,3.1357942894691666,9.02411325296634
2021-09-24 21:00:00,5.435172302451323,3.5393394788011365,8.056163853320001
2021-09-24 22:00:00,5.12026870470163,3.170997687696336,7.805495083680257
2021-09-24 23:00:00,4.454169632367331,2.5655579748128416,6.11535582229878
2021-09-25 00:00:00,3.568947773525859,2.167623409324109,5.226309624401184
2021-09-25 01:00:00,3.5318021101807395,2.202676015416948,4.923079322765524
2021-09-25 02:00:00,3.591489095470084,2.430513351634723,4.892145593784651
2021-09-25 03:00:00,3.3762860581680743,2.252907487870807,4.570672994558842
2021-09-25 04:00:00,6.745020991069328,4.111084607320862,9.421201540882254
2021-09-25 05:00:00,7.3652247559191295,5.864736448652112,8.7965671559974
2021-09-25 06:00:00,8.876648926573582,6.3810960088261375,11.545604549028086
2021-09-25 07:00:00,7.5818140268520215,3.5464038917774277,12.96527655438516
2021-09-25 08:00:00,6.351911444988767,3.530233779447859,10.47115561140183
2021-09-25 09:00:00,2.1594497394707624,1.05239336156434,3.5445772427787126
2021-09-25 10:00:00,1.2569379387636685,0.3476112663280889,2.398303181177759
2021-09-25 11:00:00,1.177133037286315,0.2678357775990083,2.305519643987338
2021-09-25 12:00:00,1.5466929086522325,0.4351159880103127,2.7597312650952444
2021-09-25 13:00:00,3.617275375285752,1.0590336449548037,7.198583367142412
2021-09-25 14:00:00,0.5671125964276237,0.28346082045210175,0.9965484198031712
2021-09-25 15:00:00,1.2956126263245256,0.26740937050641217,2.812978373850908
2021-09-25 16:00:00,1.110752101549417,0.2736368898071563,2.1864183737337703
2021-09-25 17:00:00,5.524610115830715,3.65892933668469,9.033346055996361
2021-09-25 18:00:00,5.252698091992418,2.7172928927690645,8.205493241734313
2021-09-25 19:00:00,4.573799466875642,2.548540523030554,7.415829889717322
2021-09-25 20:00:00,4.113144282474744,2.623308262653315,6.124420929235423
2021-09-25 21:00:00,4.88551285843163,3.1724733680037525,6.834800848011109
2021-09-25 22:00:00,4.630116196358472,2.7211643538758663,6.247182214599935
2021-09-25 23:00:00,2.585660401052884,1.3535754343317206,4.006507229148826
2021-09-26 00:00:00,2.6173106108485884,0.8689038430852346,4.482880927704888
2021-09-26 01:00:00,2.0798423144716787,1.0832158020753444,3.1684365288192593
2021-09-26 02:00:00,2.5779136184615914,1.5125813540028652,3.9290634431350333
2021-09-26 03:00:00,2.7588150209295397,1.7206873511150707,4.110375756557641
2021-09-26 04:00:00,3.394055541681265,2.260843756767148,4.884699786033306
2021-09-26 05:00:00,4.811108091349948,3.3237068631756492,6.209134800682246
2021-09-26 06:00:00,4.638902105460094,3.404013182503739,5.988564646625172
2021-09-26 07:00:00,5.994155802050586,2.2868028934517497,10.998438899460826
2021-09-26 08:00:00,7.110718810650781,3.266004690259548,11.347684528049113
2021-09-26 09:00:00,2.893982105376427,1.4057307213941868,4.18726596159594
2021-09-26 10:00:00,1.370811900056084,0.37391264267862606,2.567709391512238
2021-09-26 11:00:00,1.416126607116435,0.40135307604551823,2.4144536517295947
2021-09-26 12:00:00,1.7270164534416144,0.597295400515251,2.9903778597559256
2021-09-26 13:00:00,3.4475460220539533,1.282521010997629,6.664691516258132
2021-09-26 14:00:00,1.3145379801433312,0.44645972222586683,2.3549350708322123
2021-09-26 15:00:00,1.114452929048498,0.26417462508742906,2.2159786372251857
2021-09-26 16:00:00,0.5407702371475088,0.11583621983422115,0.9878648083378967
2021-09-26 17:00:00,4.662951506347787,3.0881928569081056,7.399787197895872
2021-09-26 18:00:00,5.3273278549398855,3.009120249570142,7.853896228331358
2021-09-26 19:00:00,4.892585766263725,2.408651322406874,8.553005396458914
2021-09-26 20:00:00,3.2441710122882927,1.8859195181086614,5.068288630357858
2021-09-26 21:00:00,3.6563222067946684,2.11591741437539,5.629233442542689
2021-09-26 22:00:00,4.151700553115992,2.555565792218428,5.647172164451484
2021-09-26 23:00:00,5.268567960050572,3.278721743928924,6.8885472446837985
2021-09-27 00:00:00,2.5679909203610825,1.255736117095283,3.912272033720594
2021-09-27 01:00:00,3.6972223503945214,2.2985453292216405,5.098940897062997
2021-09-27 02:00:00,4.086828337559104,2.677908715090891,5.4369725800455395
2021-09-27 03:00:00,7.008264336261025,5.611950147038092,8.414950522242725
2021-09-27 04:00:00,5.075197466429108,3.575532812678536,6.571413307121418
2021-09-27 05:00:00,7.3419546966595695,4.135250435830397,11.101206486749355
2021-09-27 06:00:00,12.159823965610931,7.5666762877710365,17.531956361991988
2021-09-27 07:00:00,7.973590119484965,5.495409554645095,11.280416854452511
2021-09-27 08:00:00,7.773289578743907,4.768519866685314,12.103952448949824
2021-09-27 09:00:00,2.0544662488168517,1.099578194327425,3.2550391433818078
2021-09-27 10:00:00,2.3873990015097353,0.9182854318113102,4.1183420750188375
2021-09-27 11:00:00,1.15026430186557,0.08421483496369454,2.2716727452905343
2021-09-27 12:00:00,0.7259292205219864,0.0,2.001797312035716
2021-09-27 13:00:00,1.2718000631517723,0.04607277907875989,3.0570827553322815
2021-09-27 14:00:00,1.7885735941410603,0.6602463353216539,3.2703575691443048
2021-09-27 15:00:00,0.7806222626056498,0.2791909312491869,1.4132470983755019
2021-09-27 16:00:00,2.023782994616222,0.8714590088291297,3.7024790503750378
2021-09-27 17:00:00,1.8600331543127229,0.7384176900898074,3.262708437907662
2021-09-27 18:00:00,2.807329259156241,1.4051581248639655,4.772532703607574
2021-09-27 19:00:00,4.361968892720408,2.5477737142522505,6.890127829118187
2021-09-27 20:00:00,5.035839305431488,2.4728855184674328,7.8840090880951506
2021-09-27 21:00:00,4.228886872856699,2.441159514661913,6.290595804139303
2021-09-27 22:00:00,4.201704340181619,2.578276161945012,6.3099405360164456
2021-09-27 23:00:00,3.6464332588456814,1.8489067492384959,5.423165157094757
2021-09-28 00:00:00,1.7868495167485583,0.5852224784724818,2.9942333345261076
2021-09-28 01:00:00,2.4471731882208156,1.3259616997538024,3.5982224781407597
2021-09-28 02:00:00,1.7787538498804398,0.8430759674484055,2.774629398114821
2021-09-28 03:00:00,3.1446244174170173,2.0104164193777736,4.352434407883011
2021-09-28 04:00:00,5.146810626562664,3.0688143149132623,7.493942549826976
2021-09-28 05:00:00,5.086072275262828,2.0633946062866233,8.980103134591168
2021-09-28 06:00:00,8.883021942143603,3.9407005112343043,14.481585678543476
2021-09-28 07:00:00,7.09028460913881,4.562025433330748,10.418562637828119
2021-09-28 08:00:00,6.188595158263093,4.007610675688868,9.151061123847159
2021-09-28 09:00:00,2.984951170740324,1.5723168819941216,4.671138533063667
2021-09-28 10:00:00,2.559868209805501,1.3508502384723993,4.167466291266289
2021-09-28 11:00:00,1.1901389683863155,0.5128541487572398,2.02974636230157
2021-09-28 12:00:00,0.670112941363392,0.10819927392449782,1.3419666464213096
2021-09-28 13:00:00,1.5527948731351022,0.19251409313012244,3.3185783212942463
2021-09-28 14:00:00,1.8702147681885761,0.9466937887898552,3.5710258266125083
2021-09-28 15:00:00,2.485234479295329,1.0568045711665397,4.649337009972202
2021-09-28 16:00:00,1.8208373909642208,1.0891181029813668,3.0079882479439393
2021-09-28 17:00:00,3.476563718426448,1.8912896228830869,5.553046762894464
2021-09-28 18:00:00,2.9337522046128535,1.8811273709831033,4.271681009502578
2021-09-28 19:00:00,5.022901990375137,2.670570459507063,8.207424688238197
2021-09-28 20:00:00,7.771301170722556,5.213088060504074,11.18699062476555
2021-09-28 21:00:00,3.9366048484824216,2.4479357168608824,5.798953913366926
2021-09-28 22:00:00,4.1677631926945065,2.5140316984050664,6.353073830707434
2021-09-28 23:00:00,4.02873175576769,2.5074192515208273,5.767521895531942
2021-09-29 00:00:00,2.6737708229095083,1.0882036339432526,4.502809000862145
2021-09-29 01:00:00,3.3361397717764247,1.4557852420410926,5.29181298705397
2021-09-29 02:00:00,3.3665319734358636,2.3342114583180678,4.7830049617298895
2021-09-29 03:00:00,3.7893437619884143,2.7987326088223785,5.055572015882957
2021-09-29 04:00:00,5.503992648818715,4.343630998716337,6.714654588080985
2021-09-29 05:00:00,8.156677780139539,4.983495159705434,11.899868998588124
2021-09-29 06:00:00,12.687955501533233,7.424370023217834,18.29460316849021
2021-09-29 07:00:00,8.84100945267,6.123363587741128,12.474834713545098
2021-09-29 08:00:00,7.86591210019856,5.497415420210166,11.833335049065388
2021-09-29 09:00:00,3.1942359997586385,1.7828438321357865,4.870264991874384
2021-09-29 10:00:00,2.261844537467073,0.7751159095236093,3.9161648163366847
2021-09-29 11:00:00,1.3749173438321733,0.2784554953824195,2.7332053799519826
2021-09-29 12:00:00,1.3938248620138445,0.4340524469265225,2.5847339354768155
2021-09-29 13:00:00,2.1106433715707236,0.523884810290857,4.027786461442835
2021-09-29 14:00:00,2.630619312458435,1.472151295442949,4.645297363031776
2021-09-29 15:00:00,1.6830785927110046,0.8170758976718073,3.0286373111951885
2021-09-29 16:00:00,2.674786418149634,1.367777852883879,4.440560360333582
2021-09-29 17:00:00,2.598459284131401,1.3570539006681062,4.192764992475922
2021-09-29 18:00:00,2.9890208887001855,1.5958669858970163,4.782559488052411
2021-09-29 19:00:00,4.842815170167627,3.073790642116751,7.406919993835666
2021-09-29 20:00:00,6.860543282331882,4.394372466599709,10.059588439318283
2021-09-29 21:00:00,3.334604498165517,1.968238530319977,5.027444881391113
2021-09-29 22:00:00,3.300763721795832,1.617275435878324,4.985879537102981
2021-09-29 23:00:00,2.6714374650306594,0.9699303302643698,4.162969056818057
2021-09-30 00:00:00,1.5976321738297863,0.1570075802669302,3.132778123414758
2021-09-30 01:00:00,1.0004421391047698,0.18784896248067312,1.928671693635937
2021-09-30 02:00:00,2.329388996618078,0.9391004493492104,3.9228069855294567
2021-09-30 03:00:00,1.9263580836070793,0.8125505045089968,3.20322822556775
2021-09-30 04:00:00,1.9346053885783785,0.882181952453334,3.1627995303584995
2021-09-30 05:00:00,3.8420189269750633,0.8454756931821568,7.58183390514305
2021-09-30 06:00:00,8.991978102228064,4.675681298244285,13.936883977419692
2021-09-30 07:00:00,8.03829571592485,5.205001736733865,11.862788791806551
2021-09-30 08:00:00,6.090437428112931,3.9496815184038603,8.821017949093113
2021-09-30 09:00:00,1.9598316769707478,0.8285954499009023,3.003666863317399
2021-09-30 10:00:00,1.3610052021678296,0.4331001201113188,2.235271874300014
2021-09-30 11:00:00,1.3325700709023849,0.11815250440166154,2.36494024247779
2021-09-30 12:00:00,1.071608922033345,0.3537814417341932,1.6484018696656213
2021-09-30 13:00:00,3.3886047310022263,1.283393724805842,6.151126164237845
2021-09-30 14:00:00,3.720973358434108,1.8483714942854645,6.3128198752827025
2021-09-30 15:00:00,2.418313590878976,1.2194738346307974,4.029001180075043
2021-09-30 16:00:00,3.0519463010990813,1.6619646227259748,4.984504950384497
2021-09-30 17:00:00,4.005022443894661,2.309834249174783,6.145394242927652
2021-09-30 18:00:00,4.325923373754198,2.4530870838933043,6.334833042416944
2021-09-30 19:00:00,5.4332531136585445,3.310836871698734,7.74511306908118
2021-09-30 20:00:00,6.488584955978816,3.5222245231212606,9.711789507845022
2021-09-30 21:00:00,4.61470533449427,3.0309301413081675,6.550754803631691
2021-09-30 22:00:00,3.7184127416021933,1.915482152924979,5.647639961423827
2021-09-30 23:00:00,3.353038488239633,1.573677993508187,5.3324133619312155
2021-10-01 00:00:00,34.25715478938002,25.375675882905217,50.11756554589985
2021-10-01 01:00:00,12.857943146098357,8.146426409663357,19.631121820083
2021-10-01 02:00:00,14.9319058522968,6.70023155187274,23.974389219851595
2021-10-01 03:00:00,12.731017049886438,7.511997186724913,18.90909062873995
2021-10-01 04:00:00,12.413477777041656,8.551620820545763,17.652840334629236
2021-10-01 05:00:00,16.77940318785348,10.703423666641882,24.53310334751782
2021-10-01 06:00:00,50.25580906676877,35.81842964090078,72.82339496563566
2021-10-01 07:00:00,76.15673056328251,56.13919464938407,100.63917638161368
2021-10-01 08:00:00,46.390556681145334,35.003359491754075,58.08577708128629
2021-10-01 09:00:00,20.940842145143158,13.281720595827991,27.75189720868154
2021-10-01 10:00:00,11.609952167257756,7.041395334216449,16.380760455858965
2021-10-01 11:00:00,8.856094135747115,4.797825878409229,12.583904084229266
2021-10-01 12:00:00,7.877354997201748,4.387590201272153,12.091655394119742
2021-10-01 13:00:00,13.139544092544853,9.492796878687052,20.1687152426573
2021-10-01 14:00:00,10.069246555849094,6.743577938062987,14.800929704592157
2021-10-01 15:00:00,14.142699784511537,6.186419869036951,24.465503984120293
2021-10-01 16:00:00,16.564652844239784,10.362539953611227,24.906371287274823
2021-10-01 17:00:00,60.28863393884835,38.01815599598219,84.2097732038019
2021-10-01 18:00:00,52.61913821127083,37.941720986311985,69.05101531710021
2021-10-01 19:00:00,56.638313386683976,41.44004054989988,76.9686831645724
2021-10-01 20:00:00,62.00002484162488,46.104266197496585,83.37413480642914
2021-10-01 21:00:00,51.62753332306311,33.569421235553826,67.83095970014152
2021-10-01 22:00:00,36.15187623009713,19.282148668893285,53.538587768568426
2021-10-01 23:00:00,15.955145775754856,10.719895813895686,22.257234652989965
2021-10-02 00:00:00,9.177526445039337,6.166704771022962,11.863037920659876
2021-10-02 01:00:00,5.063068000901863,2.9852716719502785,7.098346421694075
2021-10-02 02:00:00,3.906719869562633,2.4687306157977136,5.5239138732706365
2021-10-02 03:00:00,6.721540851109987,4.842547686011966,8.642831291181874
2021-10-02 04:00:00,10.535276634499587,6.0023794857294375,16.6693186649662
2021-10-02 05:00:00,16.334840387885873,9.101836211538016,24.67110311665029
2021-10-02 06:00:00,18.839411449572804,12.64883462446296,24.664312643842777
2021-10-02 07:00:00,66.59500580738926,44.25113285254128,89.9881393926686
2021-10-02 08:00:00,64.16226121353952,48.22585571844503,84.158155563909
2021-10-02 09:00:00,32.7364396793349,24.70940549116861,41.56710958823403
2021-10-02 10:00:00,17.338180471914306,11.125093510170954,24.71747421755858
2021-10-02 11:00:00,15.151234883615281,8.813808278489251,23.59194533384031
2021-10-02 12:00:00,8.906748461650011,5.1210201484849,12.899065895405581
2021-10-02 13:00:00,15.635165933428302,7.812147819287134,25.03284679690129
2021-10-02 14:00:00,10.277267045578096,5.701269006855187,15.963513083278116
2021-10-02 15:00:00,8.79552316490196,5.015358987547337,13.546009685200037
2021-10-02 16:00:00,11.489347251551601,7.493351744278488,17.199711064364745
2021-10-02 17:00:00,55.10898889143967,37.19889352876254,80.98741403089838
2021-10-02 18:00:00,53.46926609263788,34.6351267844247,73.16404647238167
2021-10-02 19:00:00,64.54893845622615,47.67137883299504,82.88831606098479
2021-10-02 20:00:00,60.225108125447576,42.576356463971536,79.85044070777748
2021-10-02 21:00:00,63.44008176159101,46.47331367708953,82.66585196132633
2021-10-02 22:00:00,32.16255649528542,23.94269223858723,41.35545019428927
2021-10-02 23:00:00,25.196609906982232,18.03283419742566,31.948643738614557
2021-10-03 00:00:00,20.739840769876967,14.474152186887508,29.28679601199848
2021-10-03 01:00:00,12.846668106928881,7.161666027127745,17.795245450933884
2021-10-03 02:00:00,13.630366797352083,8.369558967510526,20.81525764607303
2021-10-03 03:00:00,13.05982454045328,8.398576794890044,18.886333071091137
2021-10-03 04:00:00,11.580533977688482,9.342459332568724,13.759127454079398
2021-10-03 05:00:00,11.911171044556088,8.251598986540408,16.07914968575412
2021-10-03 06:00:00,21.866876162445926,16.138128773033248,31.831398983156674
2021-10-03 07:00:00,80.56473203598993,56.43375440169206,101.67476484363839
2021-10-03 08:00:00,70.86049147354869,51.620587252449305,93.44112437527977
2021-10-03 09:00:00,53.941771408238175,42.72261100896451,65.59462154260646
2021-10-03 10:00:00,31.132813814488514,23.91937427812139,39.76769965254238
2021-10-03 11:00:00,19.199305436188123,11.17340002843791,25.995000964010003
2021-10-03 12:00:00,11.250289545218152,7.001298093346201,15.853003621626101
2021-10-03 13:00:00,22.218854398780607,13.072935739185112,33.22659587222123
2021-10-03 14:00:00,16.59670192044255,11.182709851010701,24.074813444085297
2021-10-03 15:00:00,14.206742710853435,9.669840338992646,20.70620526098329
2021-10-03 16:00:00,18.05254430308921,13.072255343514662,23.948027218482807
2021-10-03 17:00:00,64.52109042095495,46.7709504249404,94.39770184047289
2021-10-03 18:00:00,65.29392564405268,45.35021637562738,88.58996624219377
2021-10-03 19:00:00,72.58037502916338,53.9654629982731,92.35826178173838
2021-10-03 20:00:00,63.35194200979107,46.9419840774346,81.53365685477391
2021-10-03 21:00:00,67.47992586746892,51.853968860604745,86.60972967248239
2021-10-03 22:00:00,41.31339303752236,32.874423075191544,52.353225512724
2021-10-03 23:00:00,33.123897840917465,24.05098939775363,42.62150457496461
2021-10-04 00:00:00,20.496565541248717,15.580656405169844,27.82231996278441
2021-10-04 01:00:00,13.268761350447367,9.707200773300787,16.873579191504692
2021-10-04 02:00:00,16.179373906268886,7.812034206256792,25.265043964986226
2021-10-04 03:00:00,14.910460282947689,9.96602119611038,21.490330830826718
2021-10-04 04:00:00,14.40248959033731,11.83081590670641,16.95250793144146
2021-10-04 05:00:00,25.47557414832035,17.66758314738652,34.51869250621717
2021-10-04 06:00:00,56.03753094738617,39.273836924324364,81.27909864867364
2021-10-04 07:00:00,98.08012345745243,75.74565763385853,123.23127012429157
2021-10-04 08:00:00,59.05146546342309,48.92088246833465,68.6851310186108
2021-10-04 09:00:00,20.240117161545964,13.326657806635602,25.53494479733782
2021-10-04 10:00:00,8.294113235190917,5.013913781003375,11.580771050138795
2021-10-04 11:00:00,7.886682297144467,4.247955403571591,11.57374490061026
2021-10-04 12:00:00,7.912129018806728,3.821069048349208,11.120357117339701
2021-10-04 13:00:00,11.475887982699453,7.42415789379888,16.701336329828283
2021-10-04 14:00:00,9.966423230980535,6.598452570957853,14.597750594190572
2021-10-04 15:00:00,17.119231894452216,7.928562655607845,28.255788734889705
2021-10-04 16:00:00,22.384417807747052,15.236381670437272,31.641270784387387
2021-10-04 17:00:00,64.74807346655918,44.82054097722738,91.19177913930392
2021-10-04 18:00:00,60.9586959603247,45.59535925221598,79.03688830911454
2021-10-04 19:00:00,59.62981494961844,44.32738436596651,78.64283454346499
2021-10-04 20:00:00,59.22959282898835,40.81199011337186,78.5715324841365
2021-10-04 21:00:00,50.833069579467264,34.47235945002641,65.93925339113156
2021-10-04 22:00:00,41.40061166222113,23.118493181539524,56.28890805751227
2021-10-04 23:00:00,20.252737995873435,15.240683825920673,27.641098710876946
2021-10-05 00:00:00,13.576774664673437,8.189467933624101,19.40819664425221
2021-10-05 01:00:00,8.976232105250956,3.995012834141924,14.945862995180507
2021-10-05 02:00:00,11.97624460691831,4.152957051816022,21.80207386502532
2021-10-05 03:00:00,9.905154523015248,5.050992823670061,16.729170311567216
2021-10-05 04:00:00,6.7521508178228045,2.697410833721078,11.692203016050515
2021-10-05 05:00:00,5.1711981945316605,1.8568781071529403,8.570947437383943
2021-10-05 06:00:00,42.04178849346977,28.37739772475487,66.61940882090865
2021-10-05 07:00:00,69.40092593567739,50.76948890186401,96.6866418540928
2021-10-05 08:00:00,46.998056932068835,36.564861297190525,56.23783468978522
2021-10-05 09:00:00,30.25995464798196,21.866189562942576,36.60162526460262
2021-10-05 10:00:00,20.081637765682522,15.026710199097145,27.742415718415707
2021-10-05 11:00:00,17.684623504695104,12.73091491229084,24.937450628556142
2021-10-05 12:00:00,15.71622904213372,10.58266158454623,22.234001700462933
2021-10-05 13:00:00,19.874442093812657,14.832125159041002,27.355700645649208
2021-10-05 14:00:00,13.1978168323031,9.114949803614204,19.399571832451763
2021-10-05 15:00:00,24.54504544912243,15.26666943459316,38.053996592838544
2021-10-05 16:00:00,24.3661442845593,17.358280578581635,32.89266139677234
2021-10-05 17:00:00,67.16772750284615,45.83138340614944,92.02313238606651
2021-10-05 18:00:00,55.16352949907706,41.28314374863825,69.9215523970545
2021-10-05 19:00:00,53.84710588957747,38.41589219709086,71.95724684607694
2021-10-05 20:00:00,52.60023208192052,35.54433615782809,71.49162779955854
2021-10-05 21:00:00,46.53804811250071,31.555703039534286,61.01660461165132
2021-10-05 22:00:00,36.680379707394735,21.778178338442153,51.63513731613349
2021-10-05 23:00:00,16.259839503119615,11.075104581907429,21.543200778866623
2021-10-06 00:00:00,5.628006428281272,3.3701248391146854,8.31184488030178
2021-10-06 01:00:00,2.811936947791995,0.934056579760384,4.533469225507957
2021-10-06 02:00:00,7.382546701502522,1.1591540321131073,14.012721043478114
2021-10-06 03:00:00,6.623580749419791,3.1755034919919702,11.627584395153786
2021-10-06 04:00:00,3.1429440586856483,1.8097478603281651,4.333826608461887
2021-10-06 05:00:00,11.924421917037645,6.169703650486334,19.380648164964377
2021-10-06 06:00:00,36.665401983413744,22.81733435995855,61.10332278589007
2021-10-06 07:00:00,66.46477818893067,48.32912608591054,91.81909478887907
2021-10-06 08:00:00,41.99854802168916,30.19775618604336,50.848538469358914
2021-10-06 09:00:00,20.724965276147657,11.965441186368404,26.801800071255595
2021-10-06 10:00:00,14.658843851061835,9.160703950563173,20.23400834762642
2021-10-06 11:00:00,9.318967464816886,5.193340424299691,13.679966989038457
2021-10-06 12:00:00,7.6944067395036955,4.54839420318821,11.438990027220722
2021-10-06 13:00:00,9.786909164697677,6.100890225443244,14.496349096160932
2021-10-06 14:00:00,13.809330374886747,8.579128338160674,20.205220197906122
2021-10-06 15:00:00,21.182362134501087,13.219638486536468,31.94423084747055
2021-10-06 16:00:00,23.33076288293121,16.410739013115915,32.94001475516963
2021-10-06 17:00:00,72.10633319652993,53.72118568028267,99.62919091537479
2021-10-06 18:00:00,57.337144310247886,43.465746096366985,76.7925987455666
2021-10-06 19:00:00,56.13537718480929,39.49824423117067,78.84453698659864
2021-10-06 20:00:00,54.45600126996425,37.80523685621295,75.62547635081128
2021-10-06 21:00:00,47.235714410380545,33.35657747794115,61.75602679159204
2021-10-06 22:00:00,39.31103980623349,23.827840948850163,53.42299684475328
2021-10-06 23:00:00,17.339952129140492,12.076193586881015,23.199025211592843
2021-10-07 00:00:00,7.820324511936247,4.581149269390233,10.581261294948867
2021-10-07 01:00:00,6.656280366224636,3.5683390729504487,9.77982233838619
2021-10-07 02:00:00,14.097869832391774,5.065327882073709,25.834189207888517
2021-10-07 03:00:00,11.8864625858866,6.038141784713454,18.753021498918933
2021-10-07 04:00:00,7.987444909747133,4.622231178299962,12.989920810659155
2021-10-07 05:00:00,14.402334086198156,6.45452961991027,23.39610464887755
2021-10-07 06:00:00,38.52998891626802,18.6976497641633,66.38923315768086
2021-10-07 07:00:00,66.23418444741787,48.90646371439616,86.96660321931661
2021-10-07 08:00:00,49.20478420777056,39.455586499982914,60.14140298653274
2021-10-07 09:00:00,31.265892173059253,22.27956366082631,37.135317754519534
2021-10-07 10:00:00,19.790803218084868,13.586401524218353,25.96455315762055
2021-10-07 11:00:00,13.074313193742405,7.425319987339328,17.838808959866082
2021-10-07 12:00:00,12.313265421621615,8.802152757019025,16.00766405218347
2021-10-07 13:00:00,23.092984482473693,17.63616885755635,29.051491289710448
2021-10-07 14:00:00,18.278127710139156,12.794338751326759,23.84338616168023
2021-10-07 15:00:00,27.069354607596612,18.108141432891355,39.91345708339895
2021-10-07 16:00:00,28.57888613963488,19.879808591728157,40.06954291611843
2021-10-07 17:00:00,77.67383798124861,56.000290550248394,99.83644598520065
2021-10-07 18:00:00,61.55821948317229,46.174044325976,78.82225158156767
2021-10-07 19:00:00,67.27514869332926,50.43626354351415,89.21661974982366
2021-10-07 20:00:00,60.10444845750868,42.08803302761504,81.66792546104686
2021-10-07 21:00:00,58.580001892391,44.779472254193635,72.47777618046753
2021-10-07 22:00:00,49.821442357888195,33.70647922882997,64.06588921968697
2021-10-07 23:00:00,29.26105122701454,23.39934580360592,37.43145408228525
2021-10-08 00:00:00,22.548995311059194,16.797580263360903,29.045691274155676
2021-10-08 01:00:00,13.793017330794985,9.88429765343842,17.80167591331734
2021-10-08 02:00:00,24.380683801683034,14.429736437840779,32.60334533715274
2021-10-08 03:00:00,21.905564028838764,16.415312370922763,29.835602340900298
2021-10-08 04:00:00,21.747736505000102,13.349246157026188,30.976234941607714
2021-10-08 05:00:00,24.16944079107801,18.209639412430445,32.60614679715047
2021-10-08 06:00:00,58.206432975012326,41.510961158555844,85.07907534245079
2021-10-08 07:00:00,103.7472033239387,82.11935453059435,131.27676277657886
2021-10-08 08:00:00,63.051181328916684,51.50380101362055,72.79498365851968
2021-10-08 09:00:00,18.84475744178291,10.76533744424329,24.750723480606233
2021-10-08 10:00:00,11.24769516659795,7.0285958865008125,16.626379699663378
2021-10-08 11:00:00,11.628479255207264,6.167807995985134,17.999000787716202
2021-10-08 12:00:00,7.147003715179453,3.672318522014459,11.517755552026989
2021-10-08 13:00:00,13.316907560050296,9.296931494646904,18.57971831650962
2021-10-08 14:00:00,19.29970565282016,13.582564656759988,26.020638517687413
2021-10-08 15:00:00,28.664543644543052,19.593737958108967,40.5727725799608
2021-10-08 16:00:00,28.18817002436267,20.657198855254947,39.28084138666279
2021-10-08 17:00:00,74.30032898701012,53.91800829863397,96.40975037893871
2021-10-08 18:00:00,66.39288155958282,52.198164129700444,86.42187882024436
2021-10-08 19:00:00,69.31224336141034,54.49389920616152,89.10917910544941
2021-10-08 20:00:00,67.21281708345501,51.6421051870077,85.28976561037567
2021-10-08 21:00:00,66.7265435618243,49.61729456462232,81.18873866027498
2021-10-08 22:00:00,55.57455079179392,37.79756612591176,68.96714678693796
2021-10-08 23:00:00,36.12199143188346,27.442560843849705,46.57979415308579
2021-10-09 00:00:00,22.438772183824724,15.944474980876434,29.13246468363991
2021-10-09 01:00:00,18.15293944494992,13.53177648746972,23.962504004112635
2021-10-09 02:00:00,18.73885188172503,13.996759110786169,23.402138579144584
2021-10-09 03:00:00,15.26938827923132,12.195664613714964,18.158307292661476
2021-10-09 04:00:00,16.806106243560016,13.351974228057399,20.254765227782812
2021-10-09 05:00:00,17.633770789890487,14.5466641902922,20.883762806997268
2021-10-09 06:00:00,28.139752711973216,19.953428817925218,36.97951471953957
2021-10-09 07:00:00,94.20117165502062,69.06783264518613,115.1132207482651
2021-10-09 08:00:00,76.54767011568312,61.17352630540334,99.82352802142505
2021-10-09 09:00:00,58.65662798519936,46.22958551502498,71.5309878014777
2021-10-09 10:00:00,24.239072803853787,16.74485306538793,31.897730874994433
2021-10-09 11:00:00,13.094941015530871,7.098304853783509,19.660163478851853
2021-10-09 12:00:00,9.300072216071815,6.0006263478953885,13.42504639328741
2021-10-09 13:00:00,18.961145969159283,10.74568469210302,30.638779352790856
2021-10-09 14:00:00,14.557387714271766,9.423079378154265,20.701077715803905
2021-10-09 15:00:00,15.422888021471163,10.078370319885426,22.50241592151419
2021-10-09 16:00:00,21.07169779415647,15.799923472564222,27.636536782875456
2021-10-09 17:00:00,70.55031051786337,52.34535698452974,99.17459291368765
2021-10-09 18:00:00,76.65545996238414,57.921439537374035,97.81319500668343
2021-10-09 19:00:00,67.05321635484687,52.10892915340613,86.76374277201639
2021-10-09 20:00:00,68.03461577123196,53.619015681426944,83.85170361672216
2021-10-09 21:00:00,66.22148758966688,51.13361776461535,80.30779393013152
2021-10-09 22:00:00,45.91819504608337,38.64825312485901,56.915063648450094
2021-10-09 23:00:00,34.678611293800245,28.093700584494552,42.829849623557195
2021-10-10 00:00:00,26.34703561720667,18.55786261890048,33.56592234034657
2021-10-10 01:00:00,15.518431249673863,11.15703706875038,21.01757598951549
2021-10-10 02:00:00,17.666246052118026,12.384245101922998,22.887947395434598
2021-10-10 03:00:00,14.849285204752357,10.749454784874908,19.544160343098746
2021-10-10 04:00:00,16.139009151717378,12.115307623051592,19.825693518316918
2021-10-10 05:00:00,19.314319496126796,13.320930580592897,25.99640750231912
2021-10-10 06:00:00,33.63062884038556,22.51613964188436,42.90409781128958
2021-10-10 07:00:00,85.47852471263056,57.76322666606544,109.54931631244644
2021-10-10 08:00:00,78.94551172051317,60.3867486988275,100.96792816740056
2021-10-10 09:00:00,56.201934563382025,44.00503279226043,67.53540543358022
2021-10-10 10:00:00,37.607271761855365,27.544379358386575,49.61798072576038
2021-10-10 11:00:00,29.084943160547734,20.89542266726562,38.050759553457546
2021-10-10 12:00:00,22.247887456529664,16.051167772607094,28.035094245907825
2021-10-10 13:00:00,30.18897894540371,20.3184821086913,42.369505136429964
2021-10-10 14:00:00,24.013154211060353,18.964624826217204,32.53485181734566
2021-10-10 15:00:00,19.936138638248924,13.0829419685499,27.04265065260206
2021-10-10 16:00:00,27.273215936773703,20.67951520604235,35.68503311447643
2021-10-10 17:00:00,69.47279963733479,52.88271221893852,98.85714589965654
2021-10-10 18:00:00,72.74271076055662,55.26279330491902,92.37219059576724
2021-10-10 19:00:00,67.30221801627744,52.36696963218054,85.72903913676302
2021-10-10 20:00:00,62.87628607362536,49.344709272703454,78.55741928306013
2021-10-10 21:00:00,55.74542465600752,42.23538267084974,72.46581697992224
2021-10-10 22:00:00,33.18722090883747,26.989438915257463,42.79404000427563
2021-10-10 23:00:00,26.670664373049807,19.51693152341474,34.25220662186377
2021-10-11 00:00:00,18.092252486760508,11.742381801680446,23.46203672480295
2021-10-11 01:00:00,10.815336713748632,8.056348389337073,14.324360685882706
2021-10-11 02:00:00,15.88295837584331,8.69253076628291,24.255766041297452
2021-10-11 03:00:00,15.298777266623555,11.004020060777874,21.14893406836297
2021-10-11 04:00:00,9.04197887774917,6.863882688649622,11.410413770915959
2021-10-11 05:00:00,19.5881097509931,13.30775137159472,26.610896501149288
2021-10-11 06:00:00,58.16109826184409,42.95753163795399,87.37992606242928
2021-10-11 07:00:00,92.5612796688045,67.73136771944618,120.65497326154717
2021-10-11 08:00:00,55.91912519698685,45.44813838220947,65.79586498217724
2021-10-11 09:00:00,23.140474329141227,16.915110018636888,27.775874177384512
2021-10-11 10:00:00,14.194758972700356,10.255600974523565,18.7088226404169
2021-10-11 11:00:00,9.866926201988441,6.486742754598864,13.224393879365545
2021-10-11 12:00:00,7.550857373148363,5.0246948002303995,10.322982985807236
2021-10-11 13:00:00,14.10022810313713,9.815052552279237,19.617994561233395
2021-10-11 14:00:00,11.24302132198152,7.600470998683559,15.267117621739434
2021-10-11 15:00:00,18.596489967812552,11.026662231908363,29.40034439426915
2021-10-11 16:00:00,19.53359091104256,13.73796224041716,26.143186805937116
2021-10-11 17:00:00,81.54841832275434,62.04320194994509,108.82504677174097
2021-10-11 18:00:00,65.8781133162045,53.63908756001441,83.01721262693617
2021-10-11 19:00:00,68.81088546605433,53.941258516706775,87.07118175217073
2021-10-11 20:00:00,63.84698797247541,47.390018910521356,83.55760933248702
2021-10-11 21:00:00,61.7314048149617,44.67954215339987,75.9842104858193
2021-10-11 22:00:00,48.85648935250595,33.08254034890468,64.41464691039648
2021-10-11 23:00:00,30.622665497578264,23.719080272369133,39.06615796083415
2021-10-12 00:00:00,20.477438540390104,16.748120001914344,23.822710713426954
2021-10-12 01:00:00,14.784414931674105,10.818714625513723,17.99508236822205
2021-10-12 02:00:00,22.353695608877832,13.377738552778451,31.493812122221
2021-10-12 03:00:00,26.763171752905652,20.590976068068198,34.17466916251804
2021-10-12 04:00:00,18.015032619607492,13.55420807363688,23.629087063094655
2021-10-12 05:00:00,26.11036289472968,20.375884823243712,31.32596136660056
2021-10-12 06:00:00,66.76252460604687,51.05708127528703,90.27413228737451
2021-10-12 07:00:00,97.43874629146073,75.5515069852772,125.77942382112784
2021-10-12 08:00:00,59.08551278736879,48.91811123658599,69.20414309460544
2021-10-12 09:00:00,33.94543063451213,25.183090744905257,41.3840772288038
2021-10-12 10:00:00,17.854418373965995,12.187107897851282,23.360064199742446
2021-10-12 11:00:00,17.80376348034018,12.310889569690621,24.310277539061172
2021-10-12 12:00:00,17.7480780018683,11.434433282669522,22.93580528763453
2021-10-12 13:00:00,18.85194541098196,13.32845467329143,26.75492465693855
2021-10-12 14:00:00,14.936699646503067,10.960354780991338,21.989026989408526
2021-10-12 15:00:00,21.83333666738839,13.437959985942198,31.802399354720624
2021-10-12 16:00:00,22.809165838208745,16.881875486419325,30.3747584007531
2021-10-12 17:00:00,87.63356122802804,69.50257786445432,112.24835603570543
2021-10-12 18:00:00,69.67574892654126,55.889341389753234,86.99080528940057
2021-10-12 19:00:00,72.6126075750883,56.71380731641747,90.80560535800967
2021-10-12 20:00:00,64.68282034659113,50.4532569207299,82.36344979330254
2021-10-12 21:00:00,61.220489502119875,45.02064537592479,74.26020916741193
2021-10-12 22:00:00,53.87867349423318,37.1141529501237,68.03382489666228
2021-10-12 23:00:00,31.66579317186938,25.031258347025755,39.44756708313752
2021-10-13 00:00:00,27.84506742941951,19.71198263936885,33.781610030733745
2021-10-13 01:00:00,17.06134209391301,13.152330818994729,20.268658701938122
2021-10-13 02:00:00,22.659076454561504,13.881477195895505,32.676731255154124
2021-10-13 03:00:00,18.847953922563498,14.74371579173181,24.626834028010354
2021-10-13 04:00:00,16.121539684649193,12.765603523010686,19.35709982570955
2021-10-13 05:00:00,32.2410468466395,25.295046061704525,42.0490661656507
2021-10-13 06:00:00,71.38245922504049,53.852883208758726,98.08313089263598
2021-10-13 07:00:00,100.30757050213093,77.12748482872166,126.65468355759184
2021-10-13 08:00:00,61.822251272181724,50.43582271927105,72.72922537224076
2021-10-13 09:00:00,24.198460139805505,15.93427672197413,29.0283412019229
2021-10-13 10:00:00,19.85427199152293,12.315817356979762,27.596264415028323
2021-10-13 11:00:00,16.24529128471351,10.853299021305562,22.865761473061145
2021-10-13 12:00:00,16.40543301376954,10.277918209822426,23.468472533998288
2021-10-13 13:00:00,24.771534548975303,17.111441660012883,33.62163110568836
2021-10-13 14:00:00,23.66559418904378,18.510984348955255,30.94969945744315
2021-10-13 15:00:00,25.41409870756188,19.020228399382333,36.66947053156213
2021-10-13 16:00:00,32.613907718847415,24.76121213473749,42.68074547200787
2021-10-13 17:00:00,92.39079517156541,70.60979092714364,118.47413269828286
2021-10-13 18:00:00,73.95690406305565,60.84206572191205,90.3701346077894
2021-10-13 19:00:00,76.6222351570133,59.877019528900185,96.05718811781853
2021-10-13 20:00:00,72.99810397169749,56.3866091881827,92.37920722775182
2021-10-13 21:00:00,76.45556857052856,61.21744654506711,91.41507836656973
2021-10-13 22:00:00,59.732211595787625,42.779730486668605,74.16985903731171
2021-10-13 23:00:00,36.74203367125202,29.534358015439583,44.931002759560975
2021-10-14 00:00:00,31.291346072841087,24.759734961465497,37.780068064285835
2021-10-14 01:00:00,22.15539498137778,15.207616537571742,28.783254452806467
2021-10-14 02:00:00,31.74562762407866,22.927932956692953,42.2372682880702
2021-10-14 03:00:00,27.666522286373084,22.654726378000873,34.19204345022347
2021-10-14 04:00:00,24.707245039795435,19.83935781318451,29.935913509461365
2021-10-14 05:00:00,29.30264921209378,25.0036490418727,34.98480651334006
2021-10-14 06:00:00,76.18524393466012,55.66526668553572,103.99134992457441
2021-10-14 07:00:00,113.44781944587615,88.12023160938132,137.83729953281605
2021-10-14 08:00:00,73.1250189582327,60.91537243661094,84.78594315567756
2021-10-14 09:00:00,31.838526783361548,23.22412983154219,38.77087497369065
2021-10-14 10:00:00,18.872665472572365,12.621379647332573,25.11902550042653
2021-10-14 11:00:00,17.520644330597204,12.244535345255274,23.566844394362064
2021-10-14 12:00:00,20.670698889498812,14.822747040120204,26.99898346637303
2021-10-14 13:00:00,29.86672959974701,23.36924913926238,38.923719057412214
2021-10-14 14:00:00,27.74922355069094,20.380289073235645,37.36694689871994
2021-10-14 15:00:00,22.287390151609728,14.07503642560842,31.61684082941151
2021-10-14 16:00:00,34.48661159658142,25.32744153979142,47.161647164900494
2021-10-14 17:00:00,100.80051576798377,77.07223281157488,122.60992433215378
2021-10-14 18:00:00,81.98430393524312,69.85100490210756,98.15290455097026
2021-10-14 19:00:00,80.71778201975249,65.03886761191431,99.94218958629826
2021-10-14 20:00:00,79.7584455575594,64.79284196643115,97.2028130370387
2021-10-14 21:00:00,72.97757926617133,55.94787225729675,88.01628238406758
2021-10-14 22:00:00,60.24161776601849,44.01440025758769,73.58846298654767
2021-10-14 23:00:00,35.0451962377509,29.092094368835202,44.08023266064853
2021-10-15 00:00:00,23.52851105304946,18.89905385493198,27.981007792250733
2021-10-15 01:00:00,21.16725383757223,16.69341037820432,26.438069081725327
2021-10-15 02:00:00,26.106256497266955,18.082136211998403,34.68288317258915
2021-10-15 03:00:00,20.017333661214497,15.443324001049639,25.429242880755314
2021-10-15 04:00:00,16.08376206810267,13.317620343214937,19.02344009508361
2021-10-15 05:00:00,29.818992133259165,21.537183537341505,40.99326976113096
2021-10-15 06:00:00,65.4624669312436,51.021579191212,89.40406347295082
2021-10-15 07:00:00,97.37082556409246,75.63540186906387,123.32070835402517
2021-10-15 08:00:00,68.75354671450629,56.6180306577495,79.7658240136113
2021-10-15 09:00:00,31.10424646800085,24.05279832987746,35.3338062987343
2021-10-15 10:00:00,26.771984620410677,19.04466020121087,36.253070748293474
2021-10-15 11:00:00,23.75312038932512,16.550426911167463,30.674702342278646
2021-10-15 12:00:00,22.27086379608373,15.726852243986828,27.647732091897314
2021-10-15 13:00:00,31.619729378514773,22.84689462514692,43.36029584617092
2021-10-15 14:00:00,30.95495925731882,24.24245542014838,39.95693401738606
2021-10-15 15:00:00,35.41354881564487,27.454329542215092,48.85219291634706
2021-10-15 16:00:00,44.36608727820595,35.9428011434775,55.77977980638072
2021-10-15 17:00:00,108.88544530524783,85.1467376041553,130.76503861741793
2021-10-15 18:00:00,87.0874506755112,73.99095343443327,104.83202009005913
2021-10-15 19:00:00,81.2051202573487,64.92949850997536,101.96497248440286
2021-10-15 20:00:00,76.01193196457461,59.67550176308207,98.39462987079861
2021-10-15 21:00:00,71.86366804879918,57.05838484957239,87.53767940685853
2021-10-15 22:00:00,56.66006627499169,39.78577348599913,73.08165837125469
2021-10-15 23:00:00,30.293874544911503,24.106643745181184,36.415733922829
2021-10-16 00:00:00,22.76668282616949,17.06938384626431,27.0943460755799
2021-10-16 01:00:00,15.453703229621366,11.664599757761735,19.545016555435385
2021-10-16 02:00:00,13.23988306846178,10.200459314870486,16.124699009140606
2021-10-16 03:00:00,13.716948105404382,10.610429133400986,16.108298477637984
2021-10-16 04:00:00,15.176491453647845,11.259602426411238,19.015909688545566
2021-10-16 05:00:00,20.02424865295788,13.480790578665621,27.690577865705915
2021-10-16 06:00:00,24.37488985129545,18.593183812068727,30.6577392290191
2021-10-16 07:00:00,94.18934746636555,71.40800815303587,117.16743608039098
2021-10-16 08:00:00,91.6635427729448,74.72683955936753,114.07024693352913
2021-10-16 09:00:00,76.89768543116081,61.9276303182895,90.39937898451976
2021-10-16 10:00:00,48.18993404323878,37.06396094361232,58.15089601943589
2021-10-16 11:00:00,33.01647228071834,24.815686854814448,41.73874476431919
2021-10-16 12:00:00,27.065466059265542,19.329747686154853,33.42477724763763
2021-10-16 13:00:00,37.15193113277248,27.6199012084271,49.31200665715808
2021-10-16 14:00:00,33.71800221964941,26.168738129166773,42.26916493452764
2021-10-16 15:00:00,38.651870884515716,28.968100658437475,49.7987617628976
2021-10-16 16:00:00,43.84241846347397,34.04594850030226,53.683275505935114
2021-10-16 17:00:00,94.61029069841307,76.131293739715,125.28777719178497
2021-10-16 18:00:00,86.70721102206289,68.50660228974071,105.46255302180627
2021-10-16 19:00:00,80.3676901462759,66.23497389924843,100.86158761570427
2021-10-16 20:00:00,78.33146925485767,64.68109188784548,94.81307540429846
2021-10-16 21:00:00,71.4451264643404,57.1064344064454,87.55272339233137
2021-10-16 22:00:00,46.42438777413377,38.57353258832009,57.75926840698476
2021-10-16 23:00:00,36.09100116296759,28.208416046305203,44.3050796084164
2021-10-17 00:00:00,22.653280367911393,17.987340856058843,27.90374912750825
2021-10-17 01:00:00,15.810843511127786,12.370119263070514,19.43134906323402
2021-10-17 02:00:00,17.313304795361116,13.332985237457843,21.867955888478626
2021-10-17 03:00:00,16.9202453152299,12.790822302882646,21.384007457270627
2021-10-17 04:00:00,15.097462520053533,12.1952450414608,17.762036406207503
2021-10-17 05:00:00,20.528385428100442,16.37341914885762,24.140199735052533
2021-10-17 06:00:00,25.698560910495075,19.88727159374505,31.82637043871269
2021-10-17 07:00:00,93.16484347084729,71.6318935640741,112.78881085040283
2021-10-17 08:00:00,78.98731296266656,62.45732093389744,93.63147006591673
2021-10-17 09:00:00,60.551167116557956,47.106228524175535,73.32336608821991
2021-10-17 10:00:00,41.25294978803395,31.856079277237225,50.00736383026863
2021-10-17 11:00:00,34.12442048732854,24.54185240285962,43.09518271447109
2021-10-17 12:00:00,27.67964407922346,20.127104335566212,34.17059499609231
2021-10-17 13:00:00,37.84251470061173,29.066062056666112,49.21250128002004
2021-10-17 14:00:00,35.54756160419679,27.30238966715336,45.92465435720371
2021-10-17 15:00:00,32.838143682012614,25.092135921631662,41.57030311436103
2021-10-17 16:00:00,41.37072410392938,32.148302106840596,49.90914254543007
2021-10-17 17:00:00,90.99123369898473,72.95657297349157,118.03063125883598
2021-10-17 18:00:00,86.15609865705922,69.82727016155081,104.21895829988797
2021-10-17 19:00:00,82.41471656996106,67.43091239873425,101.78514611546137
2021-10-17 20:00:00,76.89933606552962,62.43731154743435,94.75966102327173
2021-10-17 21:00:00,70.8741603214719,56.45620322326911,88.17248487873454
2021-10-17 22:00:00,44.68397035919321,38.21232628486356,55.93603320324626
2021-10-17 23:00:00,35.6735371393893,28.29335670328712,43.846734045423936
2021-10-18 00:00:00,24.960415269794176,18.638473636417665,31.242892173515713
2021-10-18 01:00:00,18.693199068505496,14.48443008067598,22.77441100185753
2021-10-18 02:00:00,27.892797353802916,18.964099864758047,36.66493823854121
2021-10-18 03:00:00,21.72790544986354,16.36744790443187,27.417171179482697
2021-10-18 04:00:00,19.50539487442015,14.630248648222224,24.60761540123814
2021-10-18 05:00:00,21.349285553395,15.899756075031338,26.789776355562143
2021-10-18 06:00:00,56.14091963662906,40.092015032400866,77.42994843289745
2021-10-18 07:00:00,97.89003828932984,74.31175208127958,126.93156266538803
2021-10-18 08:00:00,73.39650942081386,61.59644024419173,82.31123706493979
2021-10-18 09:00:00,31.269828066065116,22.38327052287571,38.26988854696226
2021-10-18 10:00:00,20.466539205708653,14.993691509045139,27.94190762390139
2021-10-18 11:00:00,20.086671321983875,13.411593367849793,25.86700042593251
2021-10-18 12:00:00,24.42301555450398,17.08317170651449,31.396312127160062
2021-10-18 13:00:00,31.636304930999827,23.6955710810214,41.04288851486296
2021-10-18 14:00:00,29.6431491544423,23.19287684004195,39.04373440912918
2021-10-18 15:00:00,36.41413961473272,27.392312299260038,49.06157819370345
2021-10-18 16:00:00,44.60303107094641,33.31825293536538,57.90660496281187
2021-10-18 17:00:00,100.15749504739735,79.27038955263716,124.52296647470993
2021-10-18 18:00:00,78.14906996919792,65.5550262715357,95.74167357842187
2021-10-18 19:00:00,76.32050127548548,61.96024294794665,94.02579525345215
2021-10-18 20:00:00,70.73505890520084,55.189988985058775,93.05105611367986
2021-10-18 21:00:00,70.0691282523324,54.770036128984565,82.14620750016435
2021-10-18 22:00:00,54.80822966532507,41.07915149663471,68.1182628584834
2021-10-18 23:00:00,32.7658664145778,25.64512672188621,41.91804895265754
2021-10-19 00:00:00,27.137105915674624,20.810565272398396,35.20111604896592
2021-10-19 01:00:00,22.94419322570356,17.137487331443538,29.03922624904012
2021-10-19 02:00:00,28.280128270145415,21.117157645795118,39.423668204277845
2021-10-19 03:00:00,21.582688502779437,16.02631035876083,29.579857806554156
2021-10-19 04:00:00,18.414907582083927,13.560759813028323,24.50567934601833
2021-10-19 05:00:00,29.440057235229173,19.2056274885999,38.83206414025553
2021-10-19 06:00:00,60.993113502436415,45.01766609809529,87.06940681388603
2021-10-19 07:00:00,101.05832024108429,80.65140993562362,126.55118722459773
2021-10-19 08:00:00,83.56079508066797,70.37945812320618,95.90591408946149
2021-10-19 09:00:00,48.67659630781634,39.44019054358254,55.315531261773046
2021-10-19 10:00:00,31.241839015368686,24.96803549790689,38.430712696511534
2021-10-19 11:00:00,21.74396559118958,15.223436458935028,28.084989033530135
2021-10-19 12:00:00,24.39125660658561,16.662249125286433,31.096698651444267
2021-10-19 13:00:00,26.270867226911292,18.362528250651334,34.28848583354832
2021-10-19 14:00:00,23.245270579742446,17.039391924586276,30.86317636885626
2021-10-19 15:00:00,32.519444505331265,22.983278672998264,45.55758151758034
2021-10-19 16:00:00,48.23833572665731,37.9759382070208,58.07517202292956
2021-10-19 17:00:00,97.17221932739062,74.08345048638834,118.23419749676165
2021-10-19 18:00:00,84.98056142007297,71.77069754224883,103.01813417291288
2021-10-19 19:00:00,81.30705592905318,66.22484292261211,99.6062901714254
2021-10-19 20:00:00,77.2077173566298,62.651476066057754,95.52748699363944
2021-10-19 21:00:00,76.1461359536721,63.3098428155241,89.61669818184137
2021-10-19 22:00:00,57.41431019005539,41.98878904494208,70.29122486569598
2021-10-19 23:00:00,34.5746142025236,28.233122585286505,42.529151264409975
2021-10-20 00:00:00,20.260525808344674,15.167766254309432,26.052706274882954
2021-10-20 01:00:00,17.730582834995925,14.115970043267597,21.862751672015232
2021-10-20 02:00:00,26.09384731692285,18.589043480764282,34.83590662628919
2021-10-20 03:00:00,22.282175298636957,17.59409128890115,27.006918877927838
2021-10-20 04:00:00,23.08268304041767,18.304515825940364,26.51142696404716
2021-10-20 05:00:00,33.893042131112225,28.550043561475466,39.72340768260812
2021-10-20 06:00:00,62.83926128372376,43.01182531130454,86.33916242496792
2021-10-20 07:00:00,122.01189711123456,100.41440876157888,143.8896782919828
2021-10-20 08:00:00,68.12200429450236,54.72829689477438,78.42018704357281
2021-10-20 09:00:00,34.96178163322506,25.515357649765075,41.43030582205553
2021-10-20 10:00:00,26.614142976924377,18.947209382810176,34.45366215119397
2021-10-20 11:00:00,16.283975154449767,10.664035271639568,22.070221255995286
2021-10-20 12:00:00,14.19843455080962,9.126797458423704,20.915081491364184
2021-10-20 13:00:00,14.547491889300877,10.354492103607365,20.431350283214297
2021-10-20 14:00:00,19.000146801421568,13.399079756317445,25.297435246751277
2021-10-20 15:00:00,21.050479902658175,13.900564876261722,30.107871056359315
2021-10-20 16:00:00,37.387045180944014,26.87472634746635,50.55623914413917
2021-10-20 17:00:00,104.36564395636171,83.7374307753543,127.36996295794661
2021-10-20 18:00:00,102.73556655331988,90.68608085539267,121.78437809046653
2021-10-20 19:00:00,97.50113516798663,81.38298931589169,115.72760781425082
2021-10-20 20:00:00,93.04533397161305,78.50255784588542,112.18240626434353
2021-10-20 21:00:00,95.95019012186985,80.3991339722179,109.43665968137937
2021-10-20 22:00:00,63.336935583247275,49.68181999806713,78.27010652591295
2021-10-20 23:00:00,48.904986415396976,42.324328421445365,57.750967987554674
2021-10-21 00:00:00,28.060659382141168,21.789915059638524,34.07113411295912
2021-10-21 01:00:00,19.213153806326783,15.326244642359363,24.075540507886263
2021-10-21 02:00:00,28.78348939111033,21.17779587377077,37.83382301416974
2021-10-21 03:00:00,20.712714731083768,16.378622941037268,26.985997090041238
2021-10-21 04:00:00,21.62798972984736,16.1575061114875,28.69627500999871
2021-10-21 05:00:00,23.433507307012853,18.06563570432286,29.274685146169617
2021-10-21 06:00:00,65.81348765353836,48.70540347934531,92.98339230422604
2021-10-21 07:00:00,114.41616378404419,91.12204852610051,144.98250728501554
2021-10-21 08:00:00,86.83933457808135,76.02191426872093,98.937918649797
2021-10-21 09:00:00,50.3941684260375,40.94588989998771,57.06556846118492
2021-10-21 10:00:00,38.01147210768855,31.10384702110112,43.645795728847155
2021-10-21 11:00:00,36.31097248768818,28.812709184600717,42.48018419415189
2021-10-21 12:00:00,34.65195804084264,27.171346955715407,40.754516448027104
2021-10-21 13:00:00,43.463498779751916,34.9785784543898,53.23535346877241
2021-10-21 14:00:00,37.5332245147248,30.76986605324277,45.317796402648845
2021-10-21 15:00:00,40.38376582917017,30.406884223345777,54.514220376905854
2021-10-21 16:00:00,44.16367463566471,37.48065468214854,52.933940067110164
2021-10-21 17:00:00,97.2392530863704,76.72753129834055,121.09425946147202
2021-10-21 18:00:00,73.6851657543343,59.80416159030281,88.98963902215064
2021-10-21 19:00:00,72.23772257966519,56.35064765524182,89.11696708336025
2021-10-21 20:00:00,66.75893686812262,50.51866694431338,85.60299494797407
2021-10-21 21:00:00,63.25917241033837,51.17647916912354,75.13723360219804
2021-10-21 22:00:00,56.36398732246445,42.010131179308026,70.01996940272718
2021-10-21 23:00:00,33.19920124649297,25.204823884691425,44.38946964385478
2021-10-22 00:00:00,20.953432221231683,16.508323249941398,26.346202969073275
2021-10-22 01:00:00,15.993733571779565,11.308144140442833,20.617108976384362
2021-10-22 02:00:00,22.986507977509998,15.998607573595356,33.63773055066721
2021-10-22 03:00:00,19.62819564279443,13.544239617791549,27.38036692453783
2021-10-22 04:00:00,20.002000871573266,13.747916731261778,27.24669727674798
2021-10-22 05:00:00,29.35786411324755,21.245217456437377,37.66969081995575
2021-10-22 06:00:00,62.103778261042805,46.22609310926521,86.7180359351227
2021-10-22 07:00:00,93.58567255969105,73.90382273169062,118.27815807982225
2021-10-22 08:00:00,69.84258952442983,58.334557654184835,81.85340355740074
2021-10-22 09:00:00,39.11946539334542,29.87214980655664,44.967459570036404
2021-10-22 10:00:00,25.729012147734622,19.481947861226317,31.94302207033112
2021-10-22 11:00:00,23.475462913414304,18.899780339238923,30.140398729564552
2021-10-22 12:00:00,18.487842323500775,12.668149631682242,25.88756984033205
2021-10-22 13:00:00,29.51593817900613,20.096481565768762,40.599362876789684
2021-10-22 14:00:00,29.410152825076413,21.576312457927614,39.197547151482695
2021-10-22 15:00:00,36.61935987713622,27.280652909562807,46.78329195939512
2021-10-22 16:00:00,45.220577629015864,38.275459561186516,56.669699803971234
2021-10-22 17:00:00,98.44871562874657,76.31608084164957,120.128032338433
2021-10-22 18:00:00,83.38940271267545,68.84976424955383,102.352583442312
2021-10-22 19:00:00,88.03922637406612,72.40715088219996,106.12764686672791
2021-10-22 20:00:00,86.4536766465271,71.13116716696508,103.40347649011947
2021-10-22 21:00:00,76.81632196691419,62.84296596735275,89.77851698660486
2021-10-22 22:00:00,60.08884840963094,45.14693797907804,74.78017742305065
2021-10-22 23:00:00,40.78435167090656,31.929960736394023,49.58765118234957
2021-10-23 00:00:00,40.63711832626465,33.54567207669183,49.90300110619821
2021-10-23 01:00:00,28.581451467277454,19.961819288665307,35.40413858038408
2021-10-23 02:00:00,28.15264247427619,21.756176472097206,34.169738635361945
2021-10-23 03:00:00,22.066973408273455,17.25460466739754,25.861937909175726
2021-10-23 04:00:00,27.614406384473423,18.801595998240813,36.26663194225444
2021-10-23 05:00:00,29.160494044314014,22.464441861089963,36.11479699715423
2021-10-23 06:00:00,31.688106817137125,24.99954370101609,38.87251654401752
2021-10-23 07:00:00,95.52961167336866,72.72512297540426,116.83332795859414
2021-10-23 08:00:00,96.44100823494331,79.30439239092406,113.30198965246883
2021-10-23 09:00:00,64.50981048775314,51.77895967457955,77.27769986602242
2021-10-23 10:00:00,43.34347712490759,33.303170287047806,53.77700301682158
2021-10-23 11:00:00,32.77148975362073,23.165151382897573,41.32762897202761
2021-10-23 12:00:00,25.319695931609104,19.394359184257297,32.68693033588452
2021-10-23 13:00:00,39.8185000926802,30.339549625460382,52.170351765251894
2021-10-23 14:00:00,37.92426791416293,30.80431670485772,47.45565074602101
2021-10-23 15:00:00,42.72581045916363,34.422971571655175,54.30593628807702
2021-10-23 16:00:00,50.349656771722366,41.851298030154155,58.08490342167272
2021-10-23 17:00:00,89.86090407797671,68.7699723442363,118.10998453019796
2021-10-23 18:00:00,91.69653160039664,73.92543125783357,113.86185094378222
2021-10-23 19:00:00,86.56469929072922,72.9472263546337,104.9188267765897
2021-10-23 20:00:00,78.75361127129017,65.21023241128114,93.1271050865693
2021-10-23 21:00:00,71.50528597911669,57.371077294099244,87.3796249004531
2021-10-23 22:00:00,52.867728340257344,44.59495409949408,62.23417094588351
2021-10-23 23:00:00,32.01676422659165,24.981538426961354,38.85470483420487
2021-10-24 00:00:00,26.712343360100732,20.113617394752563,33.126726600422884
2021-10-24 01:00:00,21.720869237210163,16.382874761326814,28.73979308414813
2021-10-24 02:00:00,17.668667020332332,13.206977559745786,21.98155315277841
2021-10-24 03:00:00,14.797668886945443,11.72487243583696,17.84232986813094
2021-10-24 04:00:00,15.578755279947453,12.387989760081997,18.644507955719433
2021-10-24 05:00:00,14.374541556166484,11.393060823101353,16.68966631998763
2021-10-24 06:00:00,26.558841028966647,18.93113322502926,33.50466876506232
2021-10-24 07:00:00,105.15259880781905,77.48703941400697,129.236108747559
2021-10-24 08:00:00,92.52632038206585,74.70591576643184,111.06959683006552
2021-10-24 09:00:00,69.54827187524461,55.36537284637506,83.15942100359696
2021-10-24 10:00:00,48.895654765934786,39.087027187359375,57.318582269177654
2021-10-24 11:00:00,37.39388273599001,27.43114123242137,46.3037404487906
2021-10-24 12:00:00,32.756693117898685,24.939826286260026,39.645197055172446
2021-10-24 13:00:00,36.71516276230418,27.0308498399328,47.96702137729763
2021-10-24 14:00:00,32.50380570348513,25.65262894832299,40.44158690245334
2021-10-24 15:00:00,37.49176492800712,30.626300514437453,45.61566715824385
2021-10-24 16:00:00,44.189817635585065,34.872913954409334,52.986860602759286
2021-10-24 17:00:00,87.88155803891274,69.73079607740655,114.09786757296217
2021-10-24 18:00:00,103.73316477737815,83.51944119247814,122.88082360865747
2021-10-24 19:00:00,93.69451168896326,80.16930444618659,112.41827183239906
2021-10-24 20:00:00,98.01454792948367,83.92555300883221,116.13051387945676
2021-10-24 21:00:00,92.11617908987441,76.91630411426777,107.75365771792228
2021-10-24 22:00:00,63.0981377232556,52.75723711817805,74.41958485302199
2021-10-24 23:00:00,51.35543187826514,42.41224394042866,59.917490374844476
2021-10-25 00:00:00,47.90984540010812,39.670199524282964,56.73663419386648
2021-10-25 01:00:00,37.99337822764636,30.283715473034803,45.86110884816165
2021-10-25 02:00:00,47.235120499308124,37.783919684835446,60.244048574882264
2021-10-25 03:00:00,45.75855670388553,38.024599843111076,54.698793345052124
2021-10-25 04:00:00,43.93299409308026,37.778643139295546,50.47105397265554
2021-10-25 05:00:00,50.38159717418552,42.89337426321107,58.7752616937342
2021-10-25 06:00:00,98.9735448997378,79.42442297429376,122.87699059244139
2021-10-25 07:00:00,152.70637202071342,124.12464246048455,182.43743004357066
2021-10-25 08:00:00,103.32733655481239,90.34103961579638,118.997520826955
2021-10-25 09:00:00,55.60243440529868,44.636664257767784,64.84856618022411
2021-10-25 10:00:00,41.01486715944706,32.81522367337601,47.31339144003056
2021-10-25 11:00:00,35.53964781046068,27.847925992336048,44.31413162378059
2021-10-25 12:00:00,19.820596476446944,14.492662414196598,24.4577570327197
2021-10-25 13:00:00,30.92251681349538,21.98227154858493,39.85615396428232
2021-10-25 14:00:00,30.670018615189928,24.680073983647475,37.17216214379392
2021-10-25 15:00:00,42.03281071308282,33.07391175499093,52.72143558044425
2021-10-25 16:00:00,52.67381356050373,45.78013263551309,59.886563713278285
2021-10-25 17:00:00,120.9299799771988,96.045502688863,139.7929813023196
2021-10-25 18:00:00,115.85937464210997,101.96965443888902,135.3138741600075
2021-10-25 19:00:00,120.81360288930173,100.74517950158085,140.21864047511744
2021-10-25 20:00:00,106.62734498865328,89.56078872856803,123.09902549361873
2021-10-25 21:00:00,106.13178346651985,90.98912696711547,120.32098438531698
2021-10-25 22:00:00,81.87291302122622,67.9694567690585,97.49555569691313
2021-10-25 23:00:00,59.88086112527475,48.683104698430334,71.38562514014718
2021-10-26 00:00:00,46.27692908512376,39.38674014446611,55.451183210518636
2021-10-26 01:00:00,29.84910754767287,24.014911168077013,34.91191829230151
2021-10-26 02:00:00,37.59968409363321,26.994001739808436,48.70212199529326
2021-10-26 03:00:00,32.560547204770316,27.498696866840515,39.39636387095066
2021-10-26 04:00:00,31.19165399042108,26.846059504747945,34.21675210782563
2021-10-26 05:00:00,39.783285111786014,31.045310554564377,49.004207418921965
2021-10-26 06:00:00,89.01923322375958,69.76057157745569,111.3618554000754
2021-10-26 07:00:00,149.28346727167926,128.1094829997793,180.19817582201478
2021-10-26 08:00:00,84.69059934623165,72.94529400653862,96.4462446112053
2021-10-26 09:00:00,47.616898067308384,37.60407060356321,55.21608438710507
2021-10-26 10:00:00,32.31127701603376,23.792331044770695,39.8849559597857
2021-10-26 11:00:00,29.52459062325631,22.90687815810186,36.70335208754199
2021-10-26 12:00:00,25.96259808849263,19.746338309524322,32.70998919187342
2021-10-26 13:00:00,33.343563936681676,26.418864382353533,43.10278869964179
2021-10-26 14:00:00,35.997885929286824,28.030029227736527,45.38691306999169
2021-10-26 15:00:00,42.319762078527745,33.59370433595868,55.54920693793089
2021-10-26 16:00:00,53.8216795852579,44.2263543440703,64.35214436033644
2021-10-26 17:00:00,106.48611861924171,83.27553469920811,127.19957576947854
2021-10-26 18:00:00,93.62640576073096,80.74768279460588,110.94646525603832
2021-10-26 19:00:00,86.51430909070518,70.74767863258872,106.0606870611118
2021-10-26 20:00:00,90.32258756789244,73.79947710686761,109.29260610639285
2021-10-26 21:00:00,79.45643641756156,65.92921658910421,93.4994979537538
2021-10-26 22:00:00,64.99283619965155,50.920956395144195,77.68764065062888
2021-10-26 23:00:00,35.81549552943038,29.42944802145319,45.36419246890615
2021-10-27 00:00:00,25.781057891409002,21.18167217317318,31.847981089923795
2021-10-27 01:00:00,18.510162235321374,13.62525168470097,23.946058654080478
2021-10-27 02:00:00,26.159440083917893,19.169997228289688,37.836479793204596
2021-10-27 03:00:00,28.327647286848418,20.809935105397347,37.879176225870076
2021-10-27 04:00:00,23.213174777978082,16.934992416206168,28.985627079977732
2021-10-27 05:00:00,35.39806889733255,26.42435601140349,46.83052590677062
2021-10-27 06:00:00,68.87288279230455,53.41211321845389,93.18894595240823
2021-10-27 07:00:00,109.47494826418877,87.81853105454402,134.05108255932018
2021-10-27 08:00:00,70.3136777903394,60.39041830713829,83.68042440595777
2021-10-27 09:00:00,38.82347186173728,30.15105871266773,46.273773832208285
2021-10-27 10:00:00,21.36853839015155,16.238995281667872,26.516724874953983
2021-10-27 11:00:00,18.83621368323892,12.841877802920324,24.797719814821193
2021-10-27 12:00:00,14.201696723761753,9.137631936883023,20.030477036801923
2021-10-27 13:00:00,21.780176288288178,15.49253553521894,30.595549115170066
2021-10-27 14:00:00,29.22202936592593,22.709794920276327,38.35688210748347
2021-10-27 15:00:00,30.87824200927511,23.413679840246463,42.09226033816026
2021-10-27 16:00:00,41.77569853301003,34.47997186368608,51.025651681702854
2021-10-27 17:00:00,87.462918618359,66.71233721803921,105.43124643518809
2021-10-27 18:00:00,71.56741214778155,58.30915770780588,88.28142576955804
2021-10-27 19:00:00,76.33642435405186,61.278807361995085,95.433203269899
2021-10-27 20:00:00,73.27463107942363,59.670301922443855,90.89809492581955
2021-10-27 21:00:00,69.05023717154967,56.783508451219035,82.42391184307785
2021-10-27 22:00:00,51.96924822946875,36.12485474410103,64.90074821723645
2021-10-27 23:00:00,34.24968947939187,27.516797034902094,41.92709417390858
2021-10-28 00:00:00,27.073029656591565,19.1545614678769,34.10577941029373
2021-10-28 01:00:00,20.533753944948455,14.736323426862032,25.502201120466868
2021-10-28 02:00:00,28.36209177084445,20.351978230648317,41.17218478986401
2021-10-28 03:00:00,22.827971043925956,17.026727530364155,31.24420135540319
2021-10-28 04:00:00,24.11255475624762,17.64445559884734,30.82440674011894
2021-10-28 05:00:00,25.200380213017713,19.762978705299272,31.428373511882274
2021-10-28 06:00:00,67.55405009576106,49.37202356438881,93.2222238937569
2021-10-28 07:00:00,109.11063677744555,86.50238944071099,132.75619485995728
2021-10-28 08:00:00,87.8320080042649,75.17173103597862,100.70556232754583
2021-10-28 09:00:00,48.511585316241,38.08002638104184,55.393865711624926
2021-10-28 10:00:00,26.418075189928725,21.001840280348464,31.434023510513093
2021-10-28 11:00:00,17.24684109647906,12.14324827827138,21.784659346559074
2021-10-28 12:00:00,14.53962597657777,9.013680648012597,18.77592895629346
2021-10-28 13:00:00,20.650932490130973,13.267173073536124,31.345605437548112
2021-10-28 14:00:00,23.033590930124358,17.078197117962596,34.36392198577904
2021-10-28 15:00:00,23.832037907052282,17.138983540646766,31.65417731549888
2021-10-28 16:00:00,48.11187089482637,39.05298674680723,61.212917142292575
2021-10-28 17:00:00,108.14982810145163,84.62984228597728,132.5007286282462
2021-10-28 18:00:00,86.4891563397371,72.69487771668503,104.7795131804614
2021-10-28 19:00:00,90.18581874961855,74.23597959191719,110.2004837968387
2021-10-28 20:00:00,82.33994895505508,66.20717522045612,101.08526866206921
2021-10-28 21:00:00,78.72948947686352,64.97050042474788,91.80736645935447
2021-10-28 22:00:00,62.73000144289446,45.21246056743843,75.86633832978566
2021-10-28 23:00:00,34.081626524296745,28.113476936109013,39.99295673605483
2021-10-29 00:00:00,26.721152780154767,19.54393326117017,34.14913098964812
2021-10-29 01:00:00,19.32209216881803,15.018071602754354,23.18608487512781
2021-10-29 02:00:00,26.21430608427392,18.339938258112024,35.39351768535769
2021-10-29 03:00:00,18.104378601208083,13.646063846901587,23.681229435692398
2021-10-29 04:00:00,12.370534200384755,9.605337606754258,14.693181424470556
2021-10-29 05:00:00,17.62079154997316,14.059005144379938,22.93232325322275
2021-10-29 06:00:00,54.400919216988406,36.233374805360654,78.95190634675853
2021-10-29 07:00:00,104.74215203859248,83.23735635577873,134.14673113444135
2021-10-29 08:00:00,78.02417208406001,65.79864458281183,91.12661568332224
2021-10-29 09:00:00,36.816488104099534,27.31003599102935,43.30931105196671
2021-10-29 10:00:00,30.253583876517965,23.636636919544294,36.192824237884025
2021-10-29 11:00:00,28.94245533820535,22.319894451769564,34.34573179963931
2021-10-29 12:00:00,31.05547020512685,22.47832600354476,37.72129161105784
2021-10-29 13:00:00,35.61261650088848,27.68307757898,43.94720271225712
2021-10-29 14:00:00,40.2108539448487,33.59059156666319,51.32124567919567
2021-10-29 15:00:00,40.81090800325654,33.70965129557945,51.97634585871293
2021-10-29 16:00:00,51.91633386246946,40.21092850049367,62.948286340339436
2021-10-29 17:00:00,96.56757661932456,75.62287026876156,118.77249594966761
2021-10-29 18:00:00,86.08715688760317,70.62083853417688,103.94412814625402
2021-10-29 19:00:00,77.54773650620808,61.23825154091579,97.77754116165218
2021-10-29 20:00:00,89.76343551422806,73.4710568164592,108.57509277437033
2021-10-29 21:00:00,82.22533552083549,67.20682780664283,95.41402052943786
2021-10-29 22:00:00,57.63329326151578,43.38593098254794,72.15865725343194
2021-10-29 23:00:00,36.53509138005213,29.57293720124709,44.05313567680204
2021-10-30 00:00:00,38.56109624359712,29.161244823902884,47.38948366383275
2021-10-30 01:00:00,20.184899106485492,15.31796661529689,26.15646931320952
2021-10-30 02:00:00,13.930313263069795,10.41796880245262,16.85419552109859
2021-10-30 03:00:00,10.738592335097142,8.204743801675509,13.02256331705817
2021-10-30 04:00:00,11.321131575781616,8.788264173338407,13.760982626919319
2021-10-30 05:00:00,12.156574856911499,9.326817732437418,14.582030724236345
2021-10-30 06:00:00,24.26881762301751,17.60875815958613,32.667175952871084
2021-10-30 07:00:00,97.9358041834183,77.3750451826546,117.01408638351309
2021-10-30 08:00:00,77.94566879538873,63.037886628279416,99.52864741876468
2021-10-30 09:00:00,75.59974240012012,61.101232079824015,87.751000784788
2021-10-30 10:00:00,55.400059677877955,42.065054403665464,68.15273757706663
2021-10-30 11:00:00,34.17836775443958,26.275608963629033,42.133370935944036
2021-10-30 12:00:00,28.05450372601715,19.48895923332863,36.78436064880549
2021-10-30 13:00:00,30.490058752574996,22.48290325533056,41.04014528190514
2021-10-30 14:00:00,22.808499708769915,17.35639702355083,29.002877814111237
2021-10-30 15:00:00,33.63456454692093,26.09987121768547,40.55460294227647
2021-10-30 16:00:00,43.45703673307109,35.30725598515388,50.18949625943326
2021-10-30 17:00:00,80.96387636985142,61.98826202791969,110.25638770106579
2021-10-30 18:00:00,85.97364578731275,68.28197433929857,103.27735851757834
2021-10-30 19:00:00,79.55415613957672,68.39125489344046,97.42542680362908
2021-10-30 20:00:00,77.16554936874087,64.87007738255214,93.5135150082353
2021-10-30 21:00:00,69.85158414868948,56.69106685088282,85.45156445238231
2021-10-30 22:00:00,44.124839120427566,35.92251910761344,51.613379131066246
2021-10-30 23:00:00,30.043104538020252,23.357362811059616,35.393135170876164
2021-10-31 00:00:00,26.86144532127909,18.997262755038083,35.47412377047235
2021-10-31 01:00:00,17.17888693625695,13.148196061385276,20.1616954050908
2021-10-31 02:00:00,16.691783580362067,13.138232230300892,18.843974364107172
2021-10-31 03:00:00,15.13772015075652,11.19408861675046,18.550431933490923
2021-10-31 04:00:00,14.420661157340355,11.303597272828165,17.799665031190624
2021-10-31 05:00:00,21.605214583927918,15.806539713665245,28.877525086895567
2021-10-31 06:00:00,24.510400540531673,19.549783424993894,29.074246355631185
2021-10-31 07:00:00,106.68206514680098,85.90149101177833,126.6093415393066
2021-10-31 08:00:00,89.14569815706079,72.95456524757454,111.59024388310715
2021-10-31 09:00:00,72.42070402678073,58.46992355740826,83.61627505051642
2021-10-31 10:00:00,49.66004864366202,39.06580339508273,59.304651147570596
2021-10-31 11:00:00,29.020991132175077,19.679755354008748,37.208766641736574
2021-10-31 12:00:00,17.365771224215553,12.343441799244776,23.777837195730655
2021-10-31 13:00:00,25.65391382388334,18.596901419950377,35.77758278484786
2021-10-31 14:00:00,17.38757322046567,12.982692819232092,24.43013215251164
2021-10-31 15:00:00,18.310744362407107,12.572083054003722,25.126835131459984
2021-10-31 16:00:00,39.568283619475096,31.25037490470047,48.79274816811759
2021-10-31 17:00:00,80.46267556828083,60.88522671849645,106.09747011814855
2021-10-31 18:00:00,100.9043776159263,83.88955052078927,121.99688141087283
2021-10-31 19:00:00,93.78492780961162,79.2431318294733,112.47947516075197
2021-10-31 20:00:00,97.18361322469801,82.87271280858623,114.88677630087896
2021-10-31 21:00:00,84.28764683997099,71.01640243045158,98.83534456073983
2021-10-31 22:00:00,62.12183103673277,51.75142843364384,72.25964919813656
2021-10-31 23:00:00,43.26108769407137,35.511318732696445,51.23684095686872
2021-11-01 00:00:00,63.97733710278834,52.845449812806514,73.95938633718289
2021-11-01 01:00:00,39.56319762529812,31.17368316992522,49.05419925557421
2021-11-01 02:00:00,39.25901869694578,30.46054154573326,49.701746219350724
2021-11-01 03:00:00,35.40695848180624,26.822543129135475,45.37927419630234
2021-11-01 04:00:00,28.99327255476317,23.372098750778683,35.25817537289263
2021-11-01 05:00:00,37.45966651195328,30.522616180719012,44.43797317626844
2021-11-01 06:00:00,97.81335628714372,79.82023909747325,115.86521090613888
2021-11-01 07:00:00,188.04540334744794,162.16056837777197,210.65509047040572
2021-11-01 08:00:00,148.31389982998826,131.5993355014687,164.6894236141633
2021-11-01 09:00:00,73.56055610399048,64.57885244955466,83.83421761379944
2021-11-01 10:00:00,61.82347038143736,50.30670786527252,74.51749003719218
2021-11-01 11:00:00,53.70442112766073,41.21568707627987,61.90095412897405
2021-11-01 12:00:00,58.350987425412036,48.20287403340383,69.84883176514772
2021-11-01 13:00:00,64.45439684608257,55.26577776873762,77.57972437974279
2021-11-01 14:00:00,65.74351534429401,56.078037765443874,79.50080861802915
2021-11-01 15:00:00,65.75842220016635,56.160644235975774,82.59452393032538
2021-11-01 16:00:00,105.55168266507256,91.79148615116539,117.63271349904132
2021-11-01 17:00:00,169.90465899649163,144.44946458215173,192.06888019733287
2021-11-01 18:00:00,176.5967795513024,155.46432313864204,192.57033317374737
2021-11-01 19:00:00,160.77344671525086,141.72067501139256,180.62724848787593
2021-11-01 20:00:00,161.79688954547615,143.53904886118264,177.9175787062552
2021-11-01 21:00:00,153.99919256513036,137.69852346346516,170.40019652401693
2021-11-01 22:00:00,132.03837763858246,117.97617622866349,150.82026477715297
2021-11-01 23:00:00,89.95427798870243,77.63134527404497,101.28844837504629
2021-11-02 00:00:00,67.48254704791768,57.53177130099467,81.49409239285171
2021-11-02 01:00:00,46.62336951154443,37.515133705943136,54.09263087603391
2021-11-02 02:00:00,57.47449383090284,46.84050931634009,69.49790983425123
2021-11-02 03:00:00,60.86256285403674,51.89249350806554,70.03800023452253
2021-11-02 04:00:00,58.14996366265287,50.7378708573637,63.607557326134156
2021-11-02 05:00:00,77.51113859383567,64.9142717582554,88.64995329480031
2021-11-02 06:00:00,140.68740019166648,115.10878256118858,171.91493277815462
2021-11-02 07:00:00,249.90498771652827,218.3943094320148,273.84024898554316
2021-11-02 08:00:00,172.17124903494627,152.46612513212418,188.800749128636
2021-11-02 09:00:00,81.45710080204407,64.38380281218863,94.43923606876527
2021-11-02 10:00:00,63.59269144570944,51.257175764287055,75.71175145805654
2021-11-02 11:00:00,49.175121354604244,40.13817312784116,57.83025892093663
2021-11-02 12:00:00,44.431717830667075,36.28382347177779,52.72645356532709
2021-11-02 13:00:00,59.44289936552329,50.547240100200085,73.61982079877096
2021-11-02 14:00:00,53.04299399138613,44.531722526810334,65.62025680211092
2021-11-02 15:00:00,47.93106634592899,39.37158931159682,57.26107614826685
2021-11-02 16:00:00,112.54636980914505,95.64017538083337,127.60608240143581
2021-11-02 17:00:00,201.00481455754988,175.72330963781152,223.62521754807477
2021-11-02 18:00:00,201.9419609817846,182.32494044792017,218.2159162196241
2021-11-02 19:00:00,190.3335464813077,171.53908214397208,208.13168902247287
2021-11-02 20:00:00,186.66968255500424,166.43793808545334,203.52058154965266
2021-11-02 21:00:00,181.45546806414228,166.23071765377472,200.75957193723963
2021-11-02 22:00:00,131.75661958267762,116.29751672780935,150.12183804951366
2021-11-02 23:00:00,91.31901883908388,78.68953694255475,104.84119895229108
2021-11-03 00:00:00,65.87039905025712,55.98746170065819,78.19424449359795
2021-11-03 01:00:00,45.64066929886259,39.581242825971216,51.07600815428301
2021-11-03 02:00:00,53.54349532260125,43.07077955769126,66.66921664083232
2021-11-03 03:00:00,48.35662762651229,43.40022635483085,54.11475760599309
2021-11-03 04:00:00,45.12658773421462,37.551234310541346,51.1988929609742
2021-11-03 05:00:00,68.43834115310662,58.736787462238446,81.29209739537812
2021-11-03 06:00:00,119.48802611908383,101.87424763584276,146.92069091619518
2021-11-03 07:00:00,209.7866299358529,186.69273466161832,230.07167266787658
2021-11-03 08:00:00,158.41627239504467,139.57838064466375,174.38955199467108
2021-11-03 09:00:00,76.7886677972438,64.74511378611611,87.44318406248603
2021-11-03 10:00:00,52.624266859392385,43.96480148567385,62.832689593785965
2021-11-03 11:00:00,42.17541117314413,34.040669391384256,50.471219278570594
2021-11-03 12:00:00,38.678285973210095,32.249339654063704,48.18827515508162
2021-11-03 13:00:00,53.33392253979195,45.28842453955383,65.65886821806998
2021-11-03 14:00:00,54.190187654867934,46.277001748081254,67.48012770698847
2021-11-03 15:00:00,56.99526520140144,46.3885858784793,70.92998601333652
2021-11-03 16:00:00,103.6811992926763,90.09106245726647,119.87333009166647
2021-11-03 17:00:00,175.51451439078937,153.3829160180603,197.28982865761552
2021-11-03 18:00:00,163.8822806354594,141.52016039928114,178.74635813813185
2021-11-03 19:00:00,155.5329568403016,141.032258413946,174.9044903358743
2021-11-03 20:00:00,152.57641320953718,135.09174222446052,167.28682966237562
2021-11-03 21:00:00,142.0715549863975,125.86808489372869,156.4396561019147
2021-11-03 22:00:00,106.3040053340356,93.02455743810205,121.40495379740162
2021-11-03 23:00:00,71.52431975246392,60.7869258475298,82.97876561558994
2021-11-04 00:00:00,49.81121143507334,41.13174671477595,58.868867441698164
2021-11-04 01:00:00,29.39128552541914,22.41223643127187,33.57492886062304
2021-11-04 02:00:00,36.67734570636332,27.914792977305055,45.37032814962992
2021-11-04 03:00:00,34.81462495190421,26.881930546605176,41.85599334472105
2021-11-04 04:00:00,33.98871639168182,27.747892592522,42.27547333000088
2021-11-04 05:00:00,53.00422634248768,44.94928804850378,64.25613367571478
2021-11-04 06:00:00,89.5571937856688,71.94338358503468,113.61641882914745
2021-11-04 07:00:00,192.20183286520557,166.76098527098486,217.8000826937598
2021-11-04 08:00:00,149.50934885421142,134.59181721415217,162.62669497143963
2021-11-04 09:00:00,84.76999281684053,74.01845456501192,94.72370679284381
2021-11-04 10:00:00,66.14522310521741,56.00664873467891,75.80112568810455
2021-11-04 11:00:00,40.730566017907876,32.11117537908635,47.27623830627148
2021-11-04 12:00:00,38.77523742623614,32.45740248921674,47.06874143494399
2021-11-04 13:00:00,45.067306399382325,36.81962733098621,54.277386460245545
2021-11-04 14:00:00,53.17285141916273,41.24397258466506,66.20892041321083
2021-11-04 15:00:00,52.58824814610144,42.53138344463016,68.19802556107778
2021-11-04 16:00:00,98.7812163271756,86.74568776936665,111.30299927445216
2021-11-04 17:00:00,162.81180307722474,141.2764988396108,183.98128031334568
2021-11-04 18:00:00,157.99860176482196,136.5712975993512,175.3168116805579
2021-11-04 19:00:00,149.4553038310339,134.5754654030022,167.23707159316294
2021-11-04 20:00:00,145.25002932031262,126.37227875213564,159.06165904707865
2021-11-04 21:00:00,132.65582431635144,117.75806179503674,148.4570063207309
2021-11-04 22:00:00,109.0144876158667,92.66259656518278,125.76910952256297
2021-11-04 23:00:00,75.54570609549909,65.57895249843307,86.131528611883
2021-11-05 00:00:00,55.473209236774494,45.12245734687571,63.5320970153745
2021-11-05 01:00:00,42.26590901691247,35.21458750048152,48.4003760784989
2021-11-05 02:00:00,53.34118803496703,42.48473450163378,67.96856352438552
2021-11-05 03:00:00,48.50813098649612,41.34339274373066,56.44062923463082
2021-11-05 04:00:00,34.89656663324101,29.2251573837275,39.841268210644074
2021-11-05 05:00:00,51.248430907072574,44.100077393096264,60.499391499477944
2021-11-05 06:00:00,101.91385542755953,78.71391102531537,132.52833376873656
2021-11-05 07:00:00,212.2244007412315,188.60679727965552,233.4700603697815
2021-11-05 08:00:00,139.80669593805962,120.4554328073012,155.64198501066872
2021-11-05 09:00:00,76.4465172529581,62.29151782638796,85.82846934186954
2021-11-05 10:00:00,51.187970077546204,41.76247141000255,62.567415273786864
2021-11-05 11:00:00,37.23573936381213,29.6696360196093,43.73296561765112
2021-11-05 12:00:00,30.150188151007637,23.669890554595884,37.18592889699057
2021-11-05 13:00:00,48.77043388018972,36.913010014993375,59.03525206204796
2021-11-05 14:00:00,41.0508157063036,29.805836511959534,49.65222557282288
2021-11-05 15:00:00,38.536957509969575,29.94069413984712,51.40325184176248
2021-11-05 16:00:00,87.13797709758697,75.15682004838015,101.08786303107166
2021-11-05 17:00:00,144.01364295159917,122.0386985253795,166.27856795879273
2021-11-05 18:00:00,147.73279025884605,128.81242505266582,162.9307475218357
2021-11-05 19:00:00,136.27416573183567,119.88606029644438,153.3035504951748
2021-11-05 20:00:00,133.0093147547558,115.38031797026123,147.91560304890416
2021-11-05 21:00:00,122.24479339943682,107.09400281892408,138.31877895072125
2021-11-05 22:00:00,104.41962708707368,88.36380491792964,118.12093785913325
2021-11-05 23:00:00,65.60880807030831,56.18548182104704,75.12531065562703
2021-11-06 00:00:00,55.03906272947827,46.40550957899656,64.97401758349743
2021-11-06 01:00:00,30.80135363874252,25.25394204545463,35.539519763411136
2021-11-06 02:00:00,36.148374189341204,30.402168048604413,41.96292667736017
2021-11-06 03:00:00,29.07442521336356,24.33701572796257,33.45200802928699
2021-11-06 04:00:00,25.353401386039913,20.888593584605086,29.90438420409749
2021-11-06 05:00:00,31.25552693208553,24.547783546837127,36.368180737051105
2021-11-06 06:00:00,44.99270071013209,35.456909828279784,55.727232633720426
2021-11-06 07:00:00,161.56310384428366,131.81070870480522,184.04937383424294
2021-11-06 08:00:00,161.4507492767929,140.46452290040537,177.80364454715752
2021-11-06 09:00:00,108.85334474926569,93.43952815561012,123.10585352728266
2021-11-06 10:00:00,76.52024065805304,64.7392157711678,88.59999681740325
2021-11-06 11:00:00,68.41482243655679,58.31420760623345,80.07458059839855
2021-11-06 12:00:00,55.10445026987291,47.60687227700128,63.260369849975305
2021-11-06 13:00:00,62.69232937567081,50.78117813918427,78.07517638833416
2021-11-06 14:00:00,58.3820423810336,50.9195377167119,70.13602962278291
2021-11-06 15:00:00,52.30814748643132,43.68887976958663,63.555164470595585
2021-11-06 16:00:00,81.88314760514342,73.12018859853197,99.0579774147154
2021-11-06 17:00:00,124.37675454618838,107.34893256374924,144.89400470644924
2021-11-06 18:00:00,140.11204000170505,116.54947496476431,157.2491958606362
2021-11-06 19:00:00,130.0991186972923,114.35425202565699,149.58619156980043
2021-11-06 20:00:00,119.56442242908824,105.2434878799302,134.3972585239752
2021-11-06 21:00:00,106.48311185334487,94.64103855913287,122.81747946924824
2021-11-06 22:00:00,74.30013389419189,62.92016002105296,87.79308478492065
2021-11-06 23:00:00,53.92778048027498,44.5549942142979,61.973279008607776
2021-11-07 00:00:00,44.4409437032771,36.629925846860175,53.033627415801085
2021-11-07 01:00:00,27.816640262441908,22.152036030012223,33.562907494537
2021-11-07 02:00:00,25.200952449185184,20.18859057489838,30.434048779753027
2021-11-07 03:00:00,22.550103748975,17.238462538653742,27.380246678544495
2021-11-07 04:00:00,27.983672703173358,20.334805879711052,34.42282460865019
2021-11-07 05:00:00,32.92541425457337,24.1536643061571,39.51370278986472
2021-11-07 06:00:00,48.02850400133717,36.596710766055004,57.80726416645199
2021-11-07 07:00:00,155.10048509879107,132.21166966853448,174.5511589385524
2021-11-07 08:00:00,152.50387798457763,135.7044999074567,170.21062871398718
2021-11-07 09:00:00,108.72514946909685,92.72092192400065,123.10909784009647
2021-11-07 10:00:00,69.60932521738988,56.464050889210085,80.94811180247399
2021-11-07 11:00:00,58.89812824005001,49.16520192631019,71.44721082753973
2021-11-07 12:00:00,43.77196702356267,36.112090785842874,53.466377675934844
2021-11-07 13:00:00,57.89552866236445,46.151335819500055,71.23482835967474
2021-11-07 14:00:00,63.3512609767717,53.26267996335288,72.99602672666364
2021-11-07 15:00:00,67.4537405185116,56.401083409421055,76.59409292355578
2021-11-07 16:00:00,94.20817139674506,84.25027973325982,109.17806441265036
2021-11-07 17:00:00,139.91458235994307,120.18576929393005,162.89543675840017
2021-11-07 18:00:00,150.24580258051978,126.30001339938396,165.33313058734976
2021-11-07 19:00:00,155.88021474362654,137.0112357502672,175.17199420849667
2021-11-07 20:00:00,139.23875948678761,125.87757691476882,155.31822605413214
2021-11-07 21:00:00,124.74783468059385,111.51052004646289,142.04381386181743
2021-11-07 22:00:00,92.1316136670614,81.91085853098343,103.83090839414741
2021-11-07 23:00:00,77.37836890707173,67.8319124825774,90.04431261466189
2021-11-08 00:00:00,52.57516683782225,42.062957305337946,61.09853531755204
2021-11-08 01:00:00,41.55894942439452,34.74707945216155,47.211293076595126
2021-11-08 02:00:00,45.972798125194906,35.19415820305477,58.257303908301004
2021-11-08 03:00:00,46.839557474615546,39.05459402608825,57.35594686058534
2021-11-08 04:00:00,45.00195656878522,37.10633114355521,53.15440625373091
2021-11-08 05:00:00,52.469374480224204,41.844075883641665,63.46227695697399
2021-11-08 06:00:00,102.7095306363291,81.00098040040113,132.4694201095054
2021-11-08 07:00:00,200.92599254570166,180.75740559452808,223.74041573375874
2021-11-08 08:00:00,157.95259225462314,139.2988531732817,174.86083778026446
2021-11-08 09:00:00,78.53424481157408,66.42856245966941,87.85136613514773
2021-11-08 10:00:00,45.09678840362655,36.193076393257016,55.18784590747999
2021-11-08 11:00:00,33.72623901619136,27.67688578384191,40.15321685565548
2021-11-08 12:00:00,26.771271812708495,21.75160366848796,32.22236646769381
2021-11-08 13:00:00,41.03018288383002,31.399224278491033,50.617679378974195
2021-11-08 14:00:00,44.71470015186661,33.65071251802677,54.77236140447458
2021-11-08 15:00:00,40.83592542963356,32.97911762583065,49.44328133704686
2021-11-08 16:00:00,86.40076479610735,73.24802654540082,98.16360179939016
2021-11-08 17:00:00,157.75262198717297,135.28889833030857,176.0790414403051
2021-11-08 18:00:00,160.96100963156712,139.6315209546139,175.55891075345326
2021-11-08 19:00:00,152.3520401060443,133.1849325872451,170.79909841602384
2021-11-08 20:00:00,153.23830942988724,131.51309031067808,170.40956392412193
2021-11-08 21:00:00,135.70622508405742,121.9272909871912,151.53372609263
2021-11-08 22:00:00,108.81833176365751,92.46660335911687,125.57196576716385
2021-11-08 23:00:00,79.68938971323591,68.09192978252896,91.00633681077458
2021-11-09 00:00:00,46.66738991105349,37.715793699571016,54.718332924823066
2021-11-09 01:00:00,33.23204134557131,27.351953841220553,39.27781215845501
2021-11-09 02:00:00,38.71299220380375,29.760634809236926,49.01006840985321
2021-11-09 03:00:00,37.59406133321871,31.889478489370635,42.78735340141101
2021-11-09 04:00:00,33.693181413177385,28.81574398587509,37.32718420800951
2021-11-09 05:00:00,49.75751357301164,40.88419223383155,58.44389458025416
2021-11-09 06:00:00,98.71753497103272,83.07070154514744,124.37525093879356
2021-11-09 07:00:00,200.7037793993264,174.70951067722038,217.5260089196257
2021-11-09 08:00:00,134.4989000229933,117.26119029147597,150.7032039202845
2021-11-09 09:00:00,70.77983459805118,58.847531144281845,82.26775100401322
2021-11-09 10:00:00,55.468476318273,44.81992971683554,68.42042782510218
2021-11-09 11:00:00,43.94057467209587,35.931285635598776,51.32920056761255
2021-11-09 12:00:00,47.36586975906616,38.56006899385206,57.695016859056416
2021-11-09 13:00:00,58.42263871789193,49.74341117507348,71.68537608742422
2021-11-09 14:00:00,53.65534965550674,45.21418279984642,65.01511268352411
2021-11-09 15:00:00,54.891087385391195,44.69000373418814,68.92117298132347
2021-11-09 16:00:00,87.08424087887276,77.51840526963089,100.7089762326698
2021-11-09 17:00:00,152.7977890135971,129.08096284126117,171.87877784170965
2021-11-09 18:00:00,149.23086052096542,131.23777710442502,164.65117460396627
2021-11-09 19:00:00,140.18672124433638,124.29281631505616,160.33806179413418
2021-11-09 20:00:00,134.52761035951065,115.8482284996163,147.26420532297826
2021-11-09 21:00:00,123.76464854635698,112.60078942534344,138.40405423332112
2021-11-09 22:00:00,98.38290134779844,84.80123987215178,113.34472020390888
2021-11-09 23:00:00,68.47913652508976,59.772598440507274,77.93926015792233
2021-11-10 00:00:00,39.945304742591674,32.3268575196997,48.99116947258074
2021-11-10 01:00:00,24.52302067465685,18.858312330699952,29.471390221100794
2021-11-10 02:00:00,32.4321346884962,25.01079872232009,42.88664802614636
2021-11-10 03:00:00,29.16156476073615,24.84027025489546,34.690318603888834
2021-11-10 04:00:00,32.79101087343697,27.067738585079567,36.51213180934463
2021-11-10 05:00:00,51.43808897148103,40.2697006063683,61.919283348413984
2021-11-10 06:00:00,99.55838025275271,76.34836795503547,127.478994521159
2021-11-10 07:00:00,194.09964855494565,172.5570031214024,217.562837679688
2021-11-10 08:00:00,141.56998739958078,124.12884619140175,157.2894105244693
2021-11-10 09:00:00,63.83887785185188,53.56194634507107,71.49382896155898
2021-11-10 10:00:00,40.69823022762224,30.741306476053502,48.73255131081707
2021-11-10 11:00:00,32.93034499609004,25.501331719308524,40.95894450282311
2021-11-10 12:00:00,33.14948098391682,25.85940485382056,40.911104801434504
2021-11-10 13:00:00,50.20697001004652,40.30101660023168,60.004415498656016
2021-11-10 14:00:00,73.21892368248233,65.73804350300651,84.68813011833548
2021-11-10 15:00:00,77.74376164472956,68.38349293337942,91.98641665109028
2021-11-10 16:00:00,104.39154795428357,91.94800479697342,116.84770207636598
2021-11-10 17:00:00,163.75088030007245,141.96731391204034,185.8742631364649
2021-11-10 18:00:00,156.4765223883236,137.3316676657517,171.28149235326126
2021-11-10 19:00:00,144.40570546189588,126.26613385884733,161.72729742731033
2021-11-10 20:00:00,139.78197596074668,119.4904466011698,151.99838899467863
2021-11-10 21:00:00,129.6814137142403,115.35396005854041,145.91555570941856
2021-11-10 22:00:00,108.13704364725639,94.82887638202526,124.39782755899044
2021-11-10 23:00:00,72.89156538583282,60.203496870899656,81.42928767307589
2021-11-11 00:00:00,49.03235281989092,41.970631587467594,57.50357698108753
2021-11-11 01:00:00,33.38790513466253,26.48548311886067,37.8568540183248
2021-11-11 02:00:00,42.504541350711115,31.56381727422708,55.56342173892295
2021-11-11 03:00:00,38.355593553023326,33.0453428829252,43.848339210756
2021-11-11 04:00:00,40.10567888072691,34.314950659295086,46.09614051754474
2021-11-11 05:00:00,45.844497679513914,39.71935524878054,54.113520936915194
2021-11-11 06:00:00,101.29557367615024,82.11919167332346,125.02087866928832
2021-11-11 07:00:00,193.37456035578444,168.518246783913,215.25454433598134
2021-11-11 08:00:00,137.85998702943746,121.60668838089474,152.94602074065003
2021-11-11 09:00:00,72.12020390745293,58.923117900380156,83.95043986875517
2021-11-11 10:00:00,52.90597256749535,41.55730514557966,63.69606509390388
2021-11-11 11:00:00,35.966566022101844,27.834021682115814,43.76250757147659
2021-11-11 12:00:00,35.86845638643056,28.660513808790174,43.129982272129794
2021-11-11 13:00:00,43.54660871037406,33.701339424011486,53.260701784894046
2021-11-11 14:00:00,52.89695353580966,43.458371305615714,62.78081539515007
2021-11-11 15:00:00,49.20316530396988,40.5593234459141,57.68956335437314
2021-11-11 16:00:00,98.24937585745832,85.26476617330901,110.73298553720451
2021-11-11 17:00:00,163.6848470818142,143.45563691838262,185.79723721747018
2021-11-11 18:00:00,162.79580979526244,142.84648343506763,178.5641832441992
2021-11-11 19:00:00,154.61713500836942,136.15345405273328,171.94898496199772
2021-11-11 20:00:00,148.09136713112505,130.12724587231233,159.46602554062497
2021-11-11 21:00:00,129.22745172675948,116.30730504394519,144.8098943664948
2021-11-11 22:00:00,101.7749716360547,88.9253733628877,115.60794073524416
2021-11-11 23:00:00,70.90009528396062,60.634740269937396,84.58951359279344
2021-11-12 00:00:00,47.13399293973175,38.63600600169108,56.81424472745363
2021-11-12 01:00:00,39.49204436761946,33.39490360334188,47.8376136856299
2021-11-12 02:00:00,43.673082285024485,33.09278901229721,55.85560671028093
2021-11-12 03:00:00,38.9897177869771,31.251135507562417,46.94847223108329
2021-11-12 04:00:00,33.77817418691045,28.770825660677072,38.784073719580086
2021-11-12 05:00:00,42.318617453729686,35.914253658193275,48.31012517736038
2021-11-12 06:00:00,95.31997447982575,82.23896190269899,120.71236532048157
2021-11-12 07:00:00,198.61599893492445,174.50737348493044,223.54768303297624
2021-11-12 08:00:00,148.2964613884155,132.1122295784996,163.83888370034896
2021-11-12 09:00:00,70.12422079441966,57.52618085332984,81.3731877752831
2021-11-12 10:00:00,53.208150651451525,43.22342379981759,64.35900852431679
2021-11-12 11:00:00,35.66838452584794,26.987266326426266,45.663198990989066
2021-11-12 12:00:00,24.25075982946473,18.475983228599503,30.076179042294704
2021-11-12 13:00:00,46.0265740675214,36.18228016613873,58.403275502555104
2021-11-12 14:00:00,49.87364676946283,42.649034432741495,61.27184675905376
2021-11-12 15:00:00,55.37724931175059,45.80526201931679,71.0490878038798
2021-11-12 16:00:00,91.2139217806222,79.94021866828858,103.81953088136186
2021-11-12 17:00:00,166.34323462311684,143.0703850890849,188.86191428246747
2021-11-12 18:00:00,156.678673634567,138.68513946944347,171.81509983509812
2021-11-12 19:00:00,145.65722749970357,131.91441360867273,162.24877077940263
2021-11-12 20:00:00,149.4964314167189,131.86388710305113,161.31714340661213
2021-11-12 21:00:00,136.79952106410732,122.69448913023724,154.4588647189683
2021-11-12 22:00:00,96.19865061904763,79.9153679952808,111.08507489857857
2021-11-12 23:00:00,68.12643301615327,59.19658583409317,79.2557031296159
2021-11-13 00:00:00,48.12416952352836,40.957508783821126,56.39688689488592
2021-11-13 01:00:00,37.582765729298345,29.42412921810394,46.08376802000223
2021-11-13 02:00:00,27.489831710695668,22.046962480119692,33.023891534439706
2021-11-13 03:00:00,32.30050291694591,25.583959235415236,37.62957799747813
2021-11-13 04:00:00,32.460751816151074,26.606649206375177,37.829303554093535
2021-11-13 05:00:00,35.010090345278954,27.369245514585522,41.33967611843326
2021-11-13 06:00:00,58.59400918349817,46.52044548483206,69.21434770242877
2021-11-13 07:00:00,178.6499955161747,148.7184250868788,198.56728565298448
2021-11-13 08:00:00,164.3117829909062,144.6365405150631,185.51163103192957
2021-11-13 09:00:00,96.09505660606757,83.21003576909469,110.13903488600421
2021-11-13 10:00:00,60.93346002971681,51.10876400829976,71.79716174227836
2021-11-13 11:00:00,47.053045073312944,36.21571791867859,57.981422291755706
2021-11-13 12:00:00,39.40921410616685,31.83613530368346,47.04241103076242
2021-11-13 13:00:00,41.89411964229229,32.74842724259057,51.2130518381466
2021-11-13 14:00:00,47.74474369115906,38.990490872414895,57.41490290955845
2021-11-13 15:00:00,57.343571075467906,48.147133161898026,70.41024321293905
2021-11-13 16:00:00,87.95042250778643,77.28242660839608,99.87914331211593
2021-11-13 17:00:00,141.4100260429455,123.15319388229646,165.75157533357256
2021-11-13 18:00:00,146.0713843154596,122.42877482563898,162.98543441776945
2021-11-13 19:00:00,143.01457779090637,124.92958360642562,161.90199944809447
2021-11-13 20:00:00,140.4354057015496,125.05787820983106,157.73445484165944
2021-11-13 21:00:00,118.54345129809212,102.800887057743,136.859569738824
2021-11-13 22:00:00,86.47761453204343,75.98162732756875,98.76634539858351
2021-11-13 23:00:00,59.409027275219906,50.72001686244111,69.73495904333714
2021-11-14 00:00:00,43.36834504774713,34.783873167116845,53.11871230894405
2021-11-14 01:00:00,34.96635799665665,28.049315149621073,43.64466809198464
2021-11-14 02:00:00,29.14227992028463,22.974299784312123,35.02476013904449
2021-11-14 03:00:00,30.36851604282722,24.539223289366817,37.87022773340652
2021-11-14 04:00:00,31.276712075339667,25.12504425782717,38.46398526523318
2021-11-14 05:00:00,34.663441188427015,28.95695971135794,41.80362833263333
2021-11-14 06:00:00,53.02779668604907,41.04404665935731,66.30767224063212
2021-11-14 07:00:00,157.98432944935288,132.67741976020375,181.91527345970925
2021-11-14 08:00:00,157.39472405504807,137.7290625275742,175.60666069398482
2021-11-14 09:00:00,86.90029840270282,72.07771214252605,100.412247922631
2021-11-14 10:00:00,61.37816046154692,49.685480480570575,70.9989064245213
2021-11-14 11:00:00,48.361579868819085,37.09783883302049,57.259599584489195
2021-11-14 12:00:00,32.01011360754012,25.719303439693494,38.905551283040765
2021-11-14 13:00:00,39.87313488060216,30.539975284547015,51.75212936826882
2021-11-14 14:00:00,41.33601154589072,33.69805267823116,51.020691352088434
2021-11-14 15:00:00,47.58178309872224,40.34722280281992,58.342906409201575
2021-11-14 16:00:00,81.80328314373386,72.85818090711105,95.82446501066286
2021-11-14 17:00:00,146.70140405200678,125.50957526165685,172.04226431310502
2021-11-14 18:00:00,147.07751771527694,125.78598534879868,162.82541315219515
2021-11-14 19:00:00,146.1640217829764,130.93386497924683,164.76302150653092
2021-11-14 20:00:00,141.2883922023326,126.15916008144627,156.97068242399453
2021-11-14 21:00:00,118.91869265695281,103.97062848414375,137.14528023067106
2021-11-14 22:00:00,87.83636204870281,78.33017767580077,98.44834173721009
2021-11-14 23:00:00,54.0489500458956,44.81547172138475,61.31442778823739
2021-11-15 00:00:00,50.34839915412568,38.79140415686206,59.16406722093714
2021-11-15 01:00:00,22.704515527323768,17.008920169153768,27.571007501910618
2021-11-15 02:00:00,30.349572709907687,21.964959979428855,39.31102675214173
2021-11-15 03:00:00,25.251804404721092,21.28374477585882,29.81921275937135
2021-11-15 04:00:00,35.39234042475268,28.4440510984372,41.250935635296706
2021-11-15 05:00:00,43.466932213353786,37.35541525386554,51.65395759134079
2021-11-15 06:00:00,91.90405009147412,71.99023830504363,118.19932950878115
2021-11-15 07:00:00,183.93283967547399,161.45318412294236,202.04920324360626
2021-11-15 08:00:00,140.3300616531943,123.70784904497559,154.46072188043587
2021-11-15 09:00:00,73.12112721771845,63.86337291624392,82.91050598914137
2021-11-15 10:00:00,46.25621611864689,39.529158184365144,54.95195597859449
2021-11-15 11:00:00,46.37189632686389,38.31095900125082,55.69215621799431
2021-11-15 12:00:00,41.50328023194407,33.12609133659695,49.679204117764904
2021-11-15 13:00:00,56.649920043011925,48.38792831249976,68.96739948681254
2021-11-15 14:00:00,55.54727632970527,47.02566644083196,68.31181696056346
2021-11-15 15:00:00,56.6488897644251,48.35221935769542,71.79789387033732
2021-11-15 16:00:00,90.88183448222564,78.21698120863572,106.7192863756468
2021-11-15 17:00:00,139.33060210057585,119.32711623861363,157.45259850441352
2021-11-15 18:00:00,149.7718550295999,131.71579421929837,163.82372869476686
2021-11-15 19:00:00,130.54416481776175,112.49290412912129,150.0544211909444
2021-11-15 20:00:00,128.4936026253118,112.88003876145001,140.3234928299842
2021-11-15 21:00:00,116.04918950809889,102.77669628666445,129.09741216055414
2021-11-15 22:00:00,87.59837522503607,73.4455802179975,101.7674572592659
2021-11-15 23:00:00,62.605258955301345,52.8827446192769,72.3501014982092
2021-11-16 00:00:00,35.66507956956044,29.013920238492318,43.738607853392935
2021-11-16 01:00:00,21.78628864834353,16.513782987330682,25.633689305220884
2021-11-16 02:00:00,34.20327873335465,25.69937555230257,43.928415632195886
2021-11-16 03:00:00,29.381443781592157,22.022878161118065,34.97720055398026
2021-11-16 04:00:00,20.359650495991442,16.731121076056954,23.103906911225643
2021-11-16 05:00:00,34.09086547000312,27.40571521685233,42.920752543889236
2021-11-16 06:00:00,88.62775082623848,73.52769158662389,110.70784686150219
2021-11-16 07:00:00,176.72042964912728,150.22779193355782,197.8590803096911
2021-11-16 08:00:00,139.54127014523556,126.2923094466794,155.7248055545337
2021-11-16 09:00:00,79.60120152788085,65.97007882529304,91.13862010243173
2021-11-16 10:00:00,60.778982642269554,51.15463449922444,69.6521682001682
2021-11-16 11:00:00,52.92494603510714,41.67207559004991,63.28555533148425
2021-11-16 12:00:00,52.536000929158135,42.613027315145025,60.09962284748668
2021-11-16 13:00:00,63.271824907156734,54.470946190048835,74.44290514908036
2021-11-16 14:00:00,75.5268751601867,63.87536507320138,86.75426240654808
2021-11-16 15:00:00,77.64453822706713,65.14915195578163,88.7327241747169
2021-11-16 16:00:00,104.28083850792957,87.81140276829476,117.63522174483604
2021-11-16 17:00:00,161.49406174206925,138.99943235672862,183.2118789112961
2021-11-16 18:00:00,160.63960555050775,139.67804296031437,175.4340365136612
2021-11-16 19:00:00,145.78747091614704,129.38558203440599,172.0465992451808
2021-11-16 20:00:00,148.21346101296675,129.5689802564498,164.4572238712496
2021-11-16 21:00:00,128.30347137018228,115.2642590281423,142.55100820959157
2021-11-16 22:00:00,102.71014038951967,88.67681116769866,119.2598113948873
2021-11-16 23:00:00,65.12370253424267,55.48015884931308,74.52844802147713
2021-11-17 00:00:00,51.503965597241915,41.72792211171853,60.135307043538056
2021-11-17 01:00:00,39.71093301079772,33.17825376126355,46.89156359553733
2021-11-17 02:00:00,48.21667824892108,38.09254963578377,63.189898592677324
2021-11-17 03:00:00,37.51220585830771,32.06104189148038,43.731466487067095
2021-11-17 04:00:00,38.790305520261974,32.441351560680125,42.6417907924572
2021-11-17 05:00:00,43.96434005845929,38.33044956758452,50.51715396398747
2021-11-17 06:00:00,115.15707327106544,98.15720917695903,133.2162476587321
2021-11-17 07:00:00,212.80880783200044,189.13993476751125,239.2860551955905
2021-11-17 08:00:00,151.745591074703,133.31991507983895,165.97084415518626
2021-11-17 09:00:00,68.05977069198553,56.08291436050697,75.41604740697936
2021-11-17 10:00:00,53.211461676407524,43.060494769657254,62.32761463308696
2021-11-17 11:00:00,48.67961421797348,38.504541958333384,59.30814379542929
2021-11-17 12:00:00,38.26982279438446,29.87722426691101,51.550807802728905
2021-11-17 13:00:00,52.299829904315594,44.899726952660984,62.91637954140197
2021-11-17 14:00:00,59.41769844622791,50.58440574198583,74.16794563310349
2021-11-17 15:00:00,54.30309462830629,44.22724132890719,65.36822623384255
2021-11-17 16:00:00,106.00707895545457,94.5112133785637,120.08495801422055
2021-11-17 17:00:00,173.84773325117007,150.03990972173347,193.65454755919635
2021-11-17 18:00:00,171.34801459367847,150.17576944439864,183.73325426756415
2021-11-17 19:00:00,156.3036803316017,138.9131649199531,176.18195014876454
2021-11-17 20:00:00,158.76450779348437,140.8423024178614,172.378758990437
2021-11-17 21:00:00,145.2510936252272,132.12445254774386,161.05081991305627
2021-11-17 22:00:00,127.8341474751206,111.56752280133561,145.54066914456385
2021-11-17 23:00:00,88.68343570957808,77.23916217466322,101.75514647949433
2021-11-18 00:00:00,62.84409193436589,52.586886692753254,72.58433949916372
2021-11-18 01:00:00,38.85507956253209,30.772659876251247,45.34480152327941
2021-11-18 02:00:00,54.696678351394674,42.622257599864355,65.54865639791987
2021-11-18 03:00:00,49.94785723659153,44.18715430045701,55.885711384428305
2021-11-18 04:00:00,61.18635571935454,50.06035758258599,72.519732817534
2021-11-18 05:00:00,63.777748467705344,54.344595579842164,72.08424289185824
2021-11-18 06:00:00,133.3511133489727,115.86323860929474,155.59251976371309
2021-11-18 07:00:00,234.97631378453042,209.51382191939297,258.8377686803885
2021-11-18 08:00:00,171.17764695841458,152.85645069373896,186.03186951361445
2021-11-18 09:00:00,82.58585882519087,68.67487288233932,91.87092658482106
2021-11-18 10:00:00,55.47784939578625,45.894649197862414,63.46311863078847
2021-11-18 11:00:00,41.998708269543044,34.47863426498307,47.94633084632713
2021-11-18 12:00:00,35.624915727347826,29.369283223142652,41.86106855444613
2021-11-18 13:00:00,55.24374586867899,46.14759425676288,70.33970991787525
2021-11-18 14:00:00,53.03543552118857,44.5448881979666,64.9963416754371
2021-11-18 15:00:00,51.069738355024136,40.25880249308253,64.62904030613716
2021-11-18 16:00:00,113.35310872753759,99.70101638126681,125.30886958367336
2021-11-18 17:00:00,182.89469930638018,161.98548179342475,203.93825832239784
2021-11-18 18:00:00,182.02399377739812,163.22343064010985,195.92603154059776
2021-11-18 19:00:00,160.40435534173085,141.31350303030396,180.7941838783021
2021-11-18 20:00:00,153.41189873275286,134.78361183768075,166.41808214619445
2021-11-18 21:00:00,153.28494757205098,140.33295295422516,170.93866774844116
2021-11-18 22:00:00,113.51215163853905,99.10952532840297,128.598294192735
2021-11-18 23:00:00,81.982346441091,70.0480906210991,94.41133145469728
2021-11-19 00:00:00,65.65868724916879,56.60804409353157,75.48021839040982
2021-11-19 01:00:00,45.85825228612915,37.67031599102533,53.545787339928054
2021-11-19 02:00:00,56.39526598977344,45.570670948223345,68.82343062746924
2021-11-19 03:00:00,47.02285061526316,40.57699458597864,53.295697007303325
2021-11-19 04:00:00,39.58500442398825,33.28675048802095,43.43721881917219
2021-11-19 05:00:00,61.529858030928935,49.009358357474284,73.46918290453118
2021-11-19 06:00:00,121.42972391641511,105.87753884454085,148.3125973542527
2021-11-19 07:00:00,212.51443054915163,188.10188714112493,229.66341141933032
2021-11-19 08:00:00,174.2787666234463,156.8443353446733,187.88922454715768
2021-11-19 09:00:00,106.05452036361537,92.98347927253306,118.78430111643746
2021-11-19 10:00:00,70.02188870245855,55.618078687469165,80.46653848317939
2021-11-19 11:00:00,64.3055343030194,51.916272272739576,73.30965344440632
2021-11-19 12:00:00,63.70482128900678,52.05576044082027,71.05704044565807
2021-11-19 13:00:00,76.19539793283998,65.46773363917622,89.28622327394942
2021-11-19 14:00:00,70.87751313720064,61.256766927451125,81.7827219583853
2021-11-19 15:00:00,76.76048420766524,66.27519237951599,87.59053099525852
2021-11-19 16:00:00,140.62331988157908,125.78898735494312,156.56823305056005
2021-11-19 17:00:00,198.98837383680277,175.4950865327189,220.3557071854966
2021-11-19 18:00:00,197.51895380440726,175.79364385460238,212.45911682338172
2021-11-19 19:00:00,182.3735285947859,165.04728690338752,196.920369803008
2021-11-19 20:00:00,177.4014229476671,158.94075035511315,191.45055269718526
2021-11-19 21:00:00,163.27217359290407,147.33899305085626,180.61574946950182
2021-11-19 22:00:00,132.62893022190028,117.17831699555238,149.4826178336511
2021-11-19 23:00:00,91.56710353083395,78.70004534935491,105.58930609563701
2021-11-20 00:00:00,84.43569573952885,72.3261802118313,93.89539524433799
2021-11-20 01:00:00,65.40692758909277,53.33721963387995,77.96540286015943
2021-11-20 02:00:00,56.02726679799513,45.51330329981468,64.82141332869935
2021-11-20 03:00:00,53.57659749393574,45.877143398572166,59.16370784825937
2021-11-20 04:00:00,57.87857329658725,49.87066488300501,65.44755111919383
2021-11-20 05:00:00,55.6626537997265,47.45638371491539,62.17172910375596
2021-11-20 06:00:00,77.48735606163436,66.57488182626501,89.69500120820983
2021-11-20 07:00:00,221.1880698506958,189.84886510563337,252.48618065534038
2021-11-20 08:00:00,217.81651583571275,196.95977706995478,238.20424077837748
2021-11-20 09:00:00,172.55574792997328,151.95875741005673,190.36132679172277
2021-11-20 10:00:00,128.03564764217543,109.47476775903954,141.52172236134803
2021-11-20 11:00:00,110.75581673180871,96.24534320197172,123.99934046842262
2021-11-20 12:00:00,95.78094502695394,84.5894116821946,112.69413824085031
2021-11-20 13:00:00,104.94939749367316,94.22604692801858,121.09047848942294
2021-11-20 14:00:00,104.23430786255021,93.73229436048074,115.04332986728932
2021-11-20 15:00:00,123.35305281815822,104.373436484461,140.46370736690983
2021-11-20 16:00:00,153.78324060110378,143.72333811960235,170.49263389616516
2021-11-20 17:00:00,222.5827359773549,200.73694662431225,247.57892144114228
2021-11-20 18:00:00,235.4825960597337,207.61132047491,258.2058287198596
2021-11-20 19:00:00,221.60582401714626,202.55373739342951,244.0767752254006
2021-11-20 20:00:00,203.16101887847103,184.09747093885588,223.86767949125962
2021-11-20 21:00:00,186.1249930575225,170.86152970928555,204.9051179338486
2021-11-20 22:00:00,141.15371113844444,130.00251615509282,154.78032467556687
2021-11-20 23:00:00,102.99752385875033,87.67795814184875,112.81185460480364
2021-11-21 00:00:00,74.40946231919304,61.344532525618,80.87021306990688
2021-11-21 01:00:00,67.77715430851701,57.10978788124274,74.81620746430588
2021-11-21 02:00:00,66.98491690644285,58.82121554652623,73.37578753116108
2021-11-21 03:00:00,64.78523314064088,56.78565317473714,70.33453717215737
2021-11-21 04:00:00,68.95677232417424,60.21993514501403,75.32715563686149
2021-11-21 05:00:00,76.44012605896518,68.73216839218692,81.40299531954227
2021-11-21 06:00:00,114.31312060725092,94.62338294940176,129.2639751582974
2021-11-21 07:00:00,235.84786877453038,204.46194375607064,267.1253637992459
2021-11-21 08:00:00,249.28496237781164,227.9945475171023,272.4448305773336
2021-11-21 09:00:00,166.21397233295104,144.23756973961434,187.00233093259175
2021-11-21 10:00:00,136.76712467821517,115.88640361411376,150.49658523490774
2021-11-21 11:00:00,98.13209433869596,83.53254228435905,111.0032524589403
2021-11-21 12:00:00,75.22694980594201,66.02065505554114,88.38657780476599
2021-11-21 13:00:00,90.74487546268585,77.86739368204188,107.0832361708498
2021-11-21 14:00:00,89.47729775809209,80.73072448421028,106.10543802663642
2021-11-21 15:00:00,109.49293521851493,96.89591024019226,129.16663492174922
2021-11-21 16:00:00,151.93292541772107,136.07685331296472,168.91279126498029
2021-11-21 17:00:00,214.34828685493142,193.40028937808987,238.6077038496747
2021-11-21 18:00:00,234.08252482638088,207.88495922236794,249.68892470713422
2021-11-21 19:00:00,227.99619105200418,210.37468263946445,248.14193869533648
2021-11-21 20:00:00,220.0535010655709,201.6354833350489,237.62734318233632
2021-11-21 21:00:00,194.73855953010033,179.42150817035267,212.8138305436033
2021-11-21 22:00:00,149.28662266518975,135.56358600298375,166.2052578487913
2021-11-21 23:00:00,121.61655908652588,109.2296734636887,132.56743067100646
2021-11-22 00:00:00,115.93344484411232,103.43407840179576,131.83298234038443
2021-11-22 01:00:00,98.48794891694645,84.54932226458011,114.4433005712209
2021-11-22 02:00:00,121.27719283283488,108.15087008895479,137.78010420110235
2021-11-22 03:00:00,106.32769464137107,93.58521235334138,119.98044051403815
2021-11-22 04:00:00,107.55876245241197,97.57445732415147,119.4120680992321
2021-11-22 05:00:00,126.13612680928823,112.40825269435135,146.03032080594107
2021-11-22 06:00:00,192.8194280945065,175.5004791604033,218.72493542474282
2021-11-22 07:00:00,337.4657471627559,301.18534995463176,363.3137742639752
2021-11-22 08:00:00,261.05948320815196,239.79218084268834,280.47069272495924
2021-11-22 09:00:00,138.4968761103627,121.1881757108081,151.9803309791683
2021-11-22 10:00:00,108.01041532007864,95.17806742649275,118.59260093251568
2021-11-22 11:00:00,85.022128989808,70.36155896082555,96.48475715233737
2021-11-22 12:00:00,88.7836722413613,76.58870504090942,101.44457373861088
2021-11-22 13:00:00,107.47735579938656,93.57247336681633,125.32405081359306
2021-11-22 14:00:00,110.80274986359944,96.03933727618897,123.66085113092991
2021-11-22 15:00:00,117.30829167401944,101.65493566299601,140.61367476235702
2021-11-22 16:00:00,167.89664113596206,148.4000880161772,182.65315449358195
2021-11-22 17:00:00,238.29696544245704,213.44921447681816,260.27119503709446
2021-11-22 18:00:00,253.80668527599016,233.1348779909293,268.8831634382014
2021-11-22 19:00:00,228.62325164071933,210.3393679735875,245.94559025342508
2021-11-22 20:00:00,222.38714992441572,204.06135196370093,235.3883515855674
2021-11-22 21:00:00,199.29046553121896,182.63201113887993,214.66979134919018
2021-11-22 22:00:00,150.61094402901858,135.88272593202464,165.64864028401948
2021-11-22 23:00:00,111.48618588725127,99.84744822322715,123.58133268304944
2021-11-23 00:00:00,77.55792084781979,67.0891925253344,86.17860078034596
2021-11-23 01:00:00,72.14617427926589,63.664338943545076,82.6243884901098
2021-11-23 02:00:00,91.42176088986184,78.02154294515191,112.01370865371565
2021-11-23 03:00:00,77.73450303038508,68.52851421630155,88.80960357331175
2021-11-23 04:00:00,85.82021820140632,73.16500848878397,95.9815930494019
2021-11-23 05:00:00,92.33633973285619,82.97748240272817,106.10075220793883
2021-11-23 06:00:00,153.23736885763262,135.115394062493,175.61638193814306
2021-11-23 07:00:00,260.4928325741125,232.56277333257646,282.9431278302998
2021-11-23 08:00:00,211.22833091391104,193.25958513027047,224.34048331135517
2021-11-23 09:00:00,127.43823735876298,115.8640131780099,136.47060651398212
2021-11-23 10:00:00,111.31420111229423,94.5126523500858,125.69193814657227
2021-11-23 11:00:00,100.15001153041271,87.47945792363895,113.02104592717573
2021-11-23 12:00:00,107.09109503870702,94.4560337354756,124.34932833312696
2021-11-23 13:00:00,116.29934436806377,102.23265739014666,130.69700470966333
2021-11-23 14:00:00,109.66753817125036,96.7570029581781,120.0704808444301
2021-11-23 15:00:00,124.4480576376965,114.31698605913668,137.05701323586766
2021-11-23 16:00:00,152.25670980357728,130.05965620622493,168.30238990799577
2021-11-23 17:00:00,229.91442287091218,204.60639020646227,251.37846501328346
2021-11-23 18:00:00,230.63081031710828,211.39707786750458,242.98417123617742
2021-11-23 19:00:00,209.74905830171247,194.26063401177268,226.38790620473426
2021-11-23 20:00:00,203.9526269477615,185.83608602318972,217.28919573479558
2021-11-23 21:00:00,180.36303608940688,166.8914089863243,197.14532791382558
2021-11-23 22:00:00,142.35659056591126,125.8471890800289,159.04641449239497
2021-11-23 23:00:00,101.78933922258128,88.7317839243923,113.61336454249516
2021-11-24 00:00:00,68.70955662755395,58.72757342231292,78.33931019876708
2021-11-24 01:00:00,57.30629287973121,49.07587241333928,63.47459997978073
2021-11-24 02:00:00,68.28689362600011,56.23234242033198,80.77360864189745
2021-11-24 03:00:00,60.217019203882764,52.360293225451414,66.05181548874891
2021-11-24 04:00:00,57.19419226096787,49.80597375703655,62.97223892973146
2021-11-24 05:00:00,70.32818722391886,62.93279616702838,77.15627894440827
2021-11-24 06:00:00,131.5826216026137,112.3753182065466,158.1732219659851
2021-11-24 07:00:00,248.09848501363538,222.4208850381867,269.3676256684296
2021-11-24 08:00:00,213.0123828950241,197.38621077445944,228.27482079959842
2021-11-24 09:00:00,130.49264239803492,113.7191132985558,143.87544239311805
2021-11-24 10:00:00,99.70382606498056,85.24936912238532,113.4415985022895
2021-11-24 11:00:00,97.92571622436431,85.51166458332878,111.16376954618596
2021-11-24 12:00:00,93.94468178439647,82.11426399235863,107.72727304923639
2021-11-24 13:00:00,104.20726902316692,88.16443130245575,118.25744324538525
2021-11-24 14:00:00,113.52986020683939,98.31435668331397,131.8761431959482
2021-11-24 15:00:00,106.90707381318374,93.10984781355951,122.1280581926608
2021-11-24 16:00:00,144.10537852687872,127.51536944540605,158.00559999750624
2021-11-24 17:00:00,217.16569565147336,192.15407563442594,244.7117982988203
2021-11-24 18:00:00,231.71175684174383,210.08457002110345,245.01671416709357
2021-11-24 19:00:00,208.62899330539923,192.17591806920782,227.937714418255
2021-11-24 20:00:00,209.04942658852045,190.67019605272984,225.1462121649301
2021-11-24 21:00:00,181.28547612896855,166.4491868823732,200.98131418266394
2021-11-24 22:00:00,139.04521773692124,123.8257107002795,154.90136050961522
2021-11-24 23:00:00,104.48867938996354,92.12778282865635,116.25609766500772
2021-11-25 00:00:00,72.6378250504979,60.093794484081606,80.48878849382884
2021-11-25 01:00:00,55.866536090992575,45.21911136548667,62.73207920282862
2021-11-25 02:00:00,73.77408867901538,60.7854305942483,88.3925671695406
2021-11-25 03:00:00,67.94180222281021,60.524085075163256,75.0396526057426
2021-11-25 04:00:00,69.17852026278003,60.59240285504639,74.39398606421243
2021-11-25 05:00:00,76.08973633617566,67.19075172303555,83.6739850961569
2021-11-25 06:00:00,142.18855859210308,116.38067444590357,171.67599858646454
2021-11-25 07:00:00,261.7841199058069,238.44977105624503,285.29923136818326
2021-11-25 08:00:00,213.16186665362534,191.23291459025864,230.92570421641446
2021-11-25 09:00:00,139.72295258246317,121.15919119125579,154.71167809218278
2021-11-25 10:00:00,118.50709496650074,104.58324106754506,129.52175461022162
2021-11-25 11:00:00,99.08451892860805,84.87748225975163,110.92941623109465
2021-11-25 12:00:00,97.56747524072858,84.93707917232939,114.62528191175844
2021-11-25 13:00:00,125.54434875527593,113.96933459882207,145.29645941486353
2021-11-25 14:00:00,115.35572617049634,101.92900923639918,130.87742829724706
2021-11-25 15:00:00,118.85706025570423,105.14054607446663,133.17773374134785
2021-11-25 16:00:00,157.53455952262627,145.71347053102423,172.4544121567297
2021-11-25 17:00:00,229.9839109962413,206.68394823782145,251.75147618492232
2021-11-25 18:00:00,238.25671282655276,218.54035008304893,251.30822298095464
2021-11-25 19:00:00,219.28374593776599,202.98500495896027,236.22544274347914
2021-11-25 20:00:00,222.62886005634857,202.70853258210963,235.8759294567296
2021-11-25 21:00:00,192.8266185805341,177.35872653723382,213.2531880025618
2021-11-25 22:00:00,160.73043179827374,146.44417424116648,176.67977204208552
2021-11-25 23:00:00,122.27529987645627,111.18757578911419,135.941042214152
2021-11-26 00:00:00,87.99525757323856,76.04869639441621,97.59792356585999
2021-11-26 01:00:00,65.57168436774785,53.369360342827164,73.8105273890374
2021-11-26 02:00:00,78.23411775730791,63.31852852340975,92.38321536286638
2021-11-26 03:00:00,70.23634441398005,61.24542428555826,77.50341160507527
2021-11-26 04:00:00,71.10066571481462,62.67397283272483,77.50988328935216
2021-11-26 05:00:00,87.89058834681681,73.97757553254363,95.67047875279353
2021-11-26 06:00:00,159.30161592379724,139.80933000529038,180.25038509254603
2021-11-26 07:00:00,286.08960692934534,257.45068284884394,316.0431177936756
2021-11-26 08:00:00,224.615460323962,204.6514371513543,241.9688718153372
2021-11-26 09:00:00,118.53014096568403,101.14025162633227,130.43263592607556
2021-11-26 10:00:00,78.41908974768896,64.32908657142863,91.4356221556214
2021-11-26 11:00:00,69.18479324078432,56.03678658833834,77.37430696580265
2021-11-26 12:00:00,84.69813384408855,69.15989876252887,95.68521223938781
2021-11-26 13:00:00,114.19394063570951,101.3430402874152,130.94937756919958
2021-11-26 14:00:00,112.50784639941685,100.02543602313985,126.00954934864623
2021-11-26 15:00:00,127.67835305872583,115.64724386372203,141.2845563786709
2021-11-26 16:00:00,159.17330285982985,142.744868585316,172.3791176229737
2021-11-26 17:00:00,236.22201149528388,209.86737195359618,257.0276164581082
2021-11-26 18:00:00,242.1337224279168,223.52545334319217,256.8875886248541
2021-11-26 19:00:00,232.1633450757167,213.4146720908088,250.1427943983864
2021-11-26 20:00:00,231.8439183104795,211.2901032898083,246.91856386797446
2021-11-26 21:00:00,215.67364316736897,198.5616161300109,238.57404948188892
2021-11-26 22:00:00,167.02712952622332,152.10681954123802,182.4924196235324
2021-11-26 23:00:00,134.24394983978954,122.7573628510682,147.4516420668797
2021-11-27 00:00:00,111.24957433526804,98.58875575099714,124.1948780131458
2021-11-27 01:00:00,85.43209621151324,73.6694241789538,94.97624313992678
2021-11-27 02:00:00,81.22204051662477,69.13827164340276,90.29901549267417
2021-11-27 03:00:00,84.27990634984269,71.39654808908409,93.44183955465967
2021-11-27 04:00:00,88.74057834475376,78.88670214123763,96.64448162567597
2021-11-27 05:00:00,87.17158928478578,75.9951562405614,95.42124733673765
2021-11-27 06:00:00,116.28352790488195,105.37859790923486,128.15971969730305
2021-11-27 07:00:00,271.5779540727202,238.9916150243219,299.12952698243845
2021-11-27 08:00:00,292.73706902497423,272.6662319031309,312.7306190650377
2021-11-27 09:00:00,214.50481509254595,187.36758380061087,235.9548097806796
2021-11-27 10:00:00,174.36758796797557,156.59687396213937,187.48939286127154
2021-11-27 11:00:00,158.05076028448119,139.57905028561163,174.89379624695408
2021-11-27 12:00:00,129.24045050745718,117.08996646334587,144.77761126278102
2021-11-27 13:00:00,144.58878604691031,128.9438234339184,159.63850448711375
2021-11-27 14:00:00,138.5536540119028,123.73799160513832,151.67279638526557
2021-11-27 15:00:00,134.839634677641,121.31547659508955,150.17295871530825
2021-11-27 16:00:00,142.66839970936707,129.91248584234893,156.82697813577752
2021-11-27 17:00:00,216.46479943484368,192.6911939157793,239.82568889885357
2021-11-27 18:00:00,218.7678153349068,193.7129673331122,236.56765158223828
2021-11-27 19:00:00,199.65148613179136,181.6310363436184,221.11506857001763
2021-11-27 20:00:00,191.971094452082,173.55330881532325,209.24618789266435
2021-11-27 21:00:00,169.34910067099221,151.55386120304385,186.4075908329951
2021-11-27 22:00:00,141.2653586584602,129.67452101846717,155.40498088565366
2021-11-27 23:00:00,98.73821431388211,89.3861193067399,110.07095347844054
2021-11-28 00:00:00,77.30685735278205,63.0744697402912,87.40651234052976
2021-11-28 01:00:00,61.61040159028326,53.173848175454154,68.35924891530809
2021-11-28 02:00:00,56.51628444601551,48.91101014592885,63.5676539755314
2021-11-28 03:00:00,52.78771467407678,45.56863707668918,59.66269285447423
2021-11-28 04:00:00,57.68965598700191,45.833669562646335,65.45892385413275
2021-11-28 05:00:00,64.48019385715797,53.483522990793205,71.69432112393788
2021-11-28 06:00:00,87.37800777954993,71.42298942645274,102.3935572486888
2021-11-28 07:00:00,193.9538350449034,164.522218372107,222.9936135554856
2021-11-28 08:00:00,207.50348572378968,183.6979721157326,231.74755280270455
2021-11-28 09:00:00,157.8703695272871,138.80771505334556,175.1355587258369
2021-11-28 10:00:00,119.62410453898987,102.84552630993795,136.26431371160285
2021-11-28 11:00:00,103.60784347829615,90.94958833882202,121.5429959679106
2021-11-28 12:00:00,81.17942395297227,71.73489656646876,89.16809306344348
2021-11-28 13:00:00,97.74241517023731,85.87585506870036,109.7103103641539
2021-11-28 14:00:00,107.96788152261792,95.28967135776918,122.22140748833553
2021-11-28 15:00:00,109.26001653352829,95.1968648299682,125.14026380670359
2021-11-28 16:00:00,122.02373424863258,108.40751181327602,137.80709836973006
2021-11-28 17:00:00,183.64123891894562,163.12326668942043,204.25055526312974
2021-11-28 18:00:00,190.92928980114405,167.82873881570612,210.69961936552642
2021-11-28 19:00:00,175.24757178930582,157.5207073342403,195.62236516159163
2021-11-28 20:00:00,161.27973354974668,144.92162095676477,175.4902946177269
2021-11-28 21:00:00,146.52600882761942,131.48408960549315,163.19291462863885
2021-11-28 22:00:00,105.54413811740223,96.07943539685226,118.6820664235028
2021-11-28 23:00:00,80.35557227282999,69.51479858661318,91.62815366672191
2021-11-29 00:00:00,64.81034682703125,56.161039036215676,75.15872192509715
2021-11-29 01:00:00,36.867832786529604,29.518160865959974,41.796496405003865
2021-11-29 02:00:00,52.94166048267403,41.96111915622281,66.21459492563953
2021-11-29 03:00:00,49.66614418439252,40.318713086294366,56.79377890336168
2021-11-29 04:00:00,40.218918482523804,34.83938509676411,44.29834300279197
2021-11-29 05:00:00,61.605243586171696,53.206307007573564,71.11218352303737
2021-11-29 06:00:00,114.4071120815312,91.32391371073977,141.14886125316974
2021-11-29 07:00:00,221.3613202366768,198.76104058291216,239.642198590604
2021-11-29 08:00:00,184.7657503372579,168.62942594011426,201.20396898454993
2021-11-29 09:00:00,104.1934038632517,87.93344099572711,113.57491534615454
2021-11-29 10:00:00,77.44652668416448,68.01678348311705,88.94898609942837
2021-11-29 11:00:00,74.89606416741438,64.23895837666625,86.20801439471724
2021-11-29 12:00:00,60.22358327489267,53.06044246773843,68.99963182827611
2021-11-29 13:00:00,89.62630481897158,80.4207593784635,104.93115202531362
2021-11-29 14:00:00,81.22209050294781,69.2325235854348,95.72038382526232
2021-11-29 15:00:00,102.74275276556257,88.40872990052027,117.07533548519943
2021-11-29 16:00:00,133.0745497572073,121.372937113516,147.95557873553463
2021-11-29 17:00:00,196.7040850909015,171.43609027152766,220.18715869004947
2021-11-29 18:00:00,204.5988054766997,184.6820442121195,219.93923376743638
2021-11-29 19:00:00,179.4074232530619,163.5872606725796,198.68646087710732
2021-11-29 20:00:00,176.7910946673711,160.18654155541998,191.18477983429008
2021-11-29 21:00:00,163.2964648552212,147.78769979380345,178.6933082393233
2021-11-29 22:00:00,128.4925536453873,113.58478406792256,145.91054958710745
2021-11-29 23:00:00,97.82830853867658,85.42128628360086,111.76453921884188
2021-11-30 00:00:00,55.4941608838229,45.0435905006876,65.74991257001561
2021-11-30 01:00:00,48.75973120857781,39.55158467231817,55.61249989227074
2021-11-30 02:00:00,58.363351231465764,48.26417992348164,69.74719899427997
2021-11-30 03:00:00,57.45877236912661,50.25762999550493,68.33552670319487
2021-11-30 04:00:00,54.40695016414639,46.04883044608172,59.07960380399462
2021-11-30 05:00:00,64.8794342518661,57.292372986645,75.93433258408626
2021-11-30 06:00:00,125.91254051785262,107.63818329305525,149.81121632394434
2021-11-30 07:00:00,251.94448898127263,220.8457377552883,277.8941090189882
2021-11-30 08:00:00,215.62644514062697,194.93205958042105,233.9386588754458
2021-11-30 09:00:00,96.8037569101615,83.61235212733841,108.02204720168439
2021-11-30 10:00:00,70.49086512364698,59.35822489782199,80.46825394262433
2021-11-30 11:00:00,56.957284852897615,45.794478984468235,65.80551162071002
2021-11-30 12:00:00,59.546758582607545,46.69704900609665,70.63622826785627
2021-11-30 13:00:00,76.73137943882116,64.53124852196414,91.78177724088788
2021-11-30 14:00:00,65.27376281854903,52.45444239513611,74.51129579789503
2021-11-30 15:00:00,104.27486772644896,91.3374949907479,122.01973932308333
2021-11-30 16:00:00,126.92731332937358,112.32286674365938,138.82561463057695
2021-11-30 17:00:00,226.25245556619933,203.26198334680987,249.48328978374175
2021-11-30 18:00:00,219.30916740633472,199.94377884765217,235.954961173797
2021-11-30 19:00:00,207.09057430080338,187.28077985260086,226.47016485501112
2021-11-30 20:00:00,205.63979476995996,188.32840091623476,219.87578893843767
2021-11-30 21:00:00,203.78967173411874,188.37690157442407,220.5333581429155
2021-11-30 22:00:00,180.22187072107073,165.51652356573396,199.3149447011949
2021-11-30 23:00:00,136.20798012778792,124.40917354787082,148.22664608731162
2021-12-01 00:00:00,120.56397164390002,106.38205961737782,135.1291293842312
2021-12-01 01:00:00,97.40189658978338,85.1121021965518,109.82363490771007
2021-12-01 02:00:00,116.94276789922358,97.91639534905387,139.5734147623842
2021-12-01 03:00:00,104.17011852051948,89.07063466687953,117.48493583413719
2021-12-01 04:00:00,108.58565769759858,93.48158394764769,120.81662250160772
2021-12-01 05:00:00,123.41005946695037,108.58588635008006,137.3635964644517
2021-12-01 06:00:00,201.89241734893065,178.9758178531405,225.38819132721895
2021-12-01 07:00:00,339.85867887912906,313.07296875622086,373.54152324341686
2021-12-01 08:00:00,298.9907400353017,274.89476608586153,315.23178099046714
2021-12-01 09:00:00,140.1028449683387,123.17086512701037,153.51918474957776
2021-12-01 10:00:00,116.91867042951971,98.66332073882052,130.87933523976213
2021-12-01 11:00:00,96.74085570334273,79.13624109600241,108.05275321162529
2021-12-01 12:00:00,90.52740823510136,78.30160642345831,101.60712182691893
2021-12-01 13:00:00,118.9881120851763,101.47393135561475,135.370781069206
2021-12-01 14:00:00,138.5306447163212,121.2346342791235,159.43987433810554
2021-12-01 15:00:00,152.70738195595735,133.93871355475622,169.9202655029336
2021-12-01 16:00:00,186.44425336373553,172.37943045037522,202.35162051465585
2021-12-01 17:00:00,261.677530145721,239.26711880796117,289.01667569581815
2021-12-01 18:00:00,272.58883837596943,252.09851558919507,289.47703582354825
2021-12-01 19:00:00,263.346670231682,246.89050851499272,281.41356439950533
2021-12-01 20:00:00,254.53383236873754,237.76498708969226,271.1880028266683
2021-12-01 21:00:00,232.05611884792523,215.2242517052027,252.33540058743324
2021-12-01 22:00:00,182.70312195931464,165.85351718220005,202.52569723437887
2021-12-01 23:00:00,131.62316916779028,117.33770914437387,143.51195594112113
2021-12-02 00:00:00,131.87676170245,115.4019685627267,142.19802199965432
2021-12-02 01:00:00,102.76306138009757,90.75124241397475,114.42943149957547
2021-12-02 02:00:00,117.96856846200448,99.87816751637533,133.58046982691747
2021-12-02 03:00:00,117.59620944298811,102.87829278070706,127.72338834418616
2021-12-02 04:00:00,104.56450359115861,93.35865879322077,116.50975248999109
2021-12-02 05:00:00,129.51210984685704,115.65822626465494,144.394151819427
2021-12-02 06:00:00,197.54842059236069,172.5352283680094,221.29827901056672
2021-12-02 07:00:00,347.87269697571156,318.00276189113504,384.4303746080085
2021-12-02 08:00:00,287.8405402781464,263.5583819106142,301.0616185245166
2021-12-02 09:00:00,179.67078682523962,161.90583190834727,190.212710431065
2021-12-02 10:00:00,137.3282009499993,120.86470974962808,150.96411841308554
2021-12-02 11:00:00,121.87241853169778,106.58226656052064,135.24930443000366
2021-12-02 12:00:00,111.88458482470418,98.15967207959704,125.26788108440225
2021-12-02 13:00:00,128.65537668191354,114.25880446758775,148.17805877868997
2021-12-02 14:00:00,129.0614467273361,119.18639420460559,144.7109515857714
2021-12-02 15:00:00,148.96845773701526,134.11844439083836,161.36850188114488
2021-12-02 16:00:00,199.05917660607008,179.63569941627355,217.20015584938315
2021-12-02 17:00:00,270.70207772952693,245.80381638989516,290.46099116945095
2021-12-02 18:00:00,279.1837395588299,254.8384081679265,295.8651982533229
2021-12-02 19:00:00,270.2477364100416,250.48189558131733,288.3625631367982
2021-12-02 20:00:00,261.17458194542945,241.17845013189867,275.43800300902643
2021-12-02 21:00:00,242.24592374768523,225.42432801548512,265.05112029018557
2021-12-02 22:00:00,197.51652581574172,185.0721874301741,222.0358110452823
2021-12-02 23:00:00,143.93142520164363,128.53545795828646,155.70607448954146
2021-12-03 00:00:00,127.38917991516364,114.56468387025708,140.52601519348383
2021-12-03 01:00:00,108.72378643797029,97.48912018361577,125.57297480674907
2021-12-03 02:00:00,123.01004520607883,104.85163648622074,143.21230289608073
2021-12-03 03:00:00,126.55627636814461,114.01234096800734,142.99629765508098
2021-12-03 04:00:00,112.95808868607435,102.52030051708857,125.67873078559201
2021-12-03 05:00:00,155.53761728279298,140.98125396622544,180.0251842266637
2021-12-03 06:00:00,225.58882887837368,199.56826704491294,256.72905254922887
2021-12-03 07:00:00,347.2459096814835,317.1776074137296,378.4764722907429
2021-12-03 08:00:00,306.0763906181637,284.2673881098785,321.3648329616318
2021-12-03 09:00:00,154.81387163343385,138.17952763623657,166.77253903559074
2021-12-03 10:00:00,120.80536101105714,109.70934341605856,133.31356019648268
2021-12-03 11:00:00,119.15792653939747,104.9086562407007,135.34115912817055
2021-12-03 12:00:00,90.87798836453425,76.69051274640049,105.51028809900733
2021-12-03 13:00:00,118.79047689095614,102.93704497097673,135.04255420631208
2021-12-03 14:00:00,139.14205220775642,125.1578716075854,160.72647413132805
2021-12-03 15:00:00,157.86153983295657,140.7450227250568,171.732202896438
2021-12-03 16:00:00,203.08082383949974,186.98797526651816,219.75827280740774
2021-12-03 17:00:00,298.41756789476295,274.8978318105211,325.4804997066393
2021-12-03 18:00:00,295.49762818046077,271.1789030352262,314.34235516156394
2021-12-03 19:00:00,278.0793421149679,261.47019063653244,296.9424864923362
2021-12-03 20:00:00,269.138779370698,252.36652000713244,284.2550899063633
2021-12-03 21:00:00,244.2948038107759,228.5055415619912,264.1400049185367
2021-12-03 22:00:00,174.66366845790955,158.01448304316608,195.0140586179082
2021-12-03 23:00:00,134.04900572087655,119.01001011986273,146.98825893798116
2021-12-04 00:00:00,107.63536023206238,93.13017411842407,118.54297718769216
2021-12-04 01:00:00,80.22772986200637,69.22778508486304,88.50268991403327
2021-12-04 02:00:00,76.89642500340753,66.94038926025118,86.43770064459251
2021-12-04 03:00:00,70.07151487492692,61.42284662740592,77.06719607271019
2021-12-04 04:00:00,70.51529279613399,60.30531043428718,76.13502196066561
2021-12-04 05:00:00,70.79376752243411,60.77568147046287,78.83419684104626
2021-12-04 06:00:00,97.6034932237695,84.02823404748762,112.61236324252404
2021-12-04 07:00:00,235.06233508982004,203.53698876852704,262.47667684139486
2021-12-04 08:00:00,249.01665543666294,223.95075481506328,272.3238258613524
2021-12-04 09:00:00,188.69154135829547,165.6914928737759,209.55437306306604
2021-12-04 10:00:00,153.25749431847373,135.2440310163029,167.5397126456612
2021-12-04 11:00:00,130.75887930221805,115.35553285581967,150.6987978552354
2021-12-04 12:00:00,105.22481667488312,92.69248902503703,117.61306565457858
2021-12-04 13:00:00,120.36356177417325,108.12856422071111,135.06342348580722
2021-12-04 14:00:00,123.28533538880447,110.14013145624064,135.60304951232024
2021-12-04 15:00:00,148.07848494556254,132.04629726708473,167.13013708114943
2021-12-04 16:00:00,171.65069377125826,157.61211868633288,191.6355687535388
2021-12-04 17:00:00,254.7199522877587,233.834955680795,278.230443534908
2021-12-04 18:00:00,263.9390428942385,239.57968460138733,284.08045203609566
2021-12-04 19:00:00,253.07725662941962,234.3770246176877,274.9965418697404
2021-12-04 20:00:00,220.0080541338656,198.50846233740987,241.43767386516913
2021-12-04 21:00:00,220.30095715947255,200.6425064361535,237.40338673463754
2021-12-04 22:00:00,175.9351149881917,161.9865119760749,190.4023650960039
2021-12-04 23:00:00,134.36269859304844,123.0421038907922,142.76226953359736
2021-12-05 00:00:00,102.88982866497989,86.11302425244328,114.7029646715675
2021-12-05 01:00:00,77.76999410646832,67.94923481867735,84.80687148779379
2021-12-05 02:00:00,79.20603362206694,67.27678279578888,86.384891974356
2021-12-05 03:00:00,85.7496583265689,74.17748005774388,93.91913463105146
2021-12-05 04:00:00,98.95549588114393,87.01040309006724,108.95292731927643
2021-12-05 05:00:00,92.6615478355021,82.3835711736232,100.09633058315143
2021-12-05 06:00:00,127.34993043909628,108.01382909859917,144.80426415058025
2021-12-05 07:00:00,263.4065830112901,229.99124727402,290.7941210756594
2021-12-05 08:00:00,310.64445562989096,280.9897697198837,339.5497588586892
2021-12-05 09:00:00,206.5049641968622,180.38129220392233,230.18150396866375
2021-12-05 10:00:00,149.44476615990536,131.56078816832454,165.00007320453716
2021-12-05 11:00:00,128.1649836465362,115.28823906058567,145.52220477843204
2021-12-05 12:00:00,97.98832984216756,87.18754585298367,108.40401382533923
2021-12-05 13:00:00,107.25268674128661,95.65279213771538,122.39099673410426
2021-12-05 14:00:00,115.01217600769428,101.301325270694,127.33750924656611
2021-12-05 15:00:00,154.39069367784003,138.2286159040083,170.07799316034604
2021-12-05 16:00:00,175.4563355258473,166.910823289622,194.5446617077001
2021-12-05 17:00:00,257.9730216317758,236.84891949974272,292.14290958684677
2021-12-05 18:00:00,282.6658312099077,251.1571265674855,304.806857711605
2021-12-05 19:00:00,271.7610317200859,248.50870011618835,295.4069408299882
2021-12-05 20:00:00,241.52448744105698,218.92399337722762,261.558645112754
2021-12-05 21:00:00,239.13625158347529,217.46822365782253,259.78025386061
2021-12-05 22:00:00,199.4962938420763,186.7998762646681,211.34810756728882
2021-12-05 23:00:00,157.69340903050139,143.51701418351925,175.70627513225534
2021-12-06 00:00:00,128.26064588144942,111.31017537720753,145.1114978882535
2021-12-06 01:00:00,109.4799154241319,95.53005748167935,119.54283989637645
2021-12-06 02:00:00,129.6194142281778,108.0601240100172,150.07551721424707
2021-12-06 03:00:00,121.49541976491064,108.0912541800319,132.48585128009725
2021-12-06 04:00:00,119.53966469623573,106.41647253360475,130.76701704777054
2021-12-06 05:00:00,129.42589762680856,117.19150827678698,138.25188221352025
2021-12-06 06:00:00,219.21052921740315,201.01610346108436,244.71396492021353
2021-12-06 07:00:00,355.9542164498473,324.1194264015112,389.03683900511624
2021-12-06 08:00:00,279.74438909572393,255.39881015660438,298.8514436107935
2021-12-06 09:00:00,183.63064078487446,165.6819431137638,195.27797315001206
2021-12-06 10:00:00,137.33014951951264,120.79425117677923,150.66388170582474
2021-12-06 11:00:00,111.81402684834148,94.77192572296885,122.83920736803537
2021-12-06 12:00:00,107.75409747626297,96.0789416875179,121.04172924348953
2021-12-06 13:00:00,137.00581904725266,121.43821670092017,162.09330656910308
2021-12-06 14:00:00,143.98730875920305,129.99747905142877,164.15131502306525
2021-12-06 15:00:00,170.57507397660018,155.0104889947755,183.9136245327453
2021-12-06 16:00:00,206.3797512814694,190.73026638176955,219.78823609079208
2021-12-06 17:00:00,299.63422386226864,273.7705481283634,323.94303826005375
2021-12-06 18:00:00,302.57059354729535,281.2160389842872,323.32990397501106
2021-12-06 19:00:00,292.62683872744327,272.0391397076487,311.8598739337769
2021-12-06 20:00:00,284.67929803228856,269.90676079194793,301.62494276299566
2021-12-06 21:00:00,263.3927281198347,248.08388413539964,284.68524810983206
2021-12-06 22:00:00,200.99245260431138,185.79642943384965,217.1333727565787
2021-12-06 23:00:00,156.73109466105814,141.65685242147603,174.34198275720618
2021-12-07 00:00:00,125.32290911337344,107.93538633087576,135.60716350656332
2021-12-07 01:00:00,126.40507963517796,110.5833205876361,138.42116207363597
2021-12-07 02:00:00,140.44652943288457,118.87383647792588,168.53680430952372
2021-12-07 03:00:00,147.60934142667466,129.76978590934877,165.55957580421793
2021-12-07 04:00:00,128.77078543104386,113.78978386270342,139.465739491389
2021-12-07 05:00:00,171.26821688080148,148.9996312645787,194.4955863536808
2021-12-07 06:00:00,240.80180016642964,220.98545584811993,264.6556274966424
2021-12-07 07:00:00,392.9145501998695,359.8980604814433,421.71909850054135
2021-12-07 08:00:00,328.3563284228151,308.6400819559981,344.63011524645316
2021-12-07 09:00:00,229.82117322243167,208.23114423337412,246.72820610325348
2021-12-07 10:00:00,169.67632015441902,151.5733674996237,186.6255169566055
2021-12-07 11:00:00,141.48633368003152,122.05407215009656,150.54596901428076
2021-12-07 12:00:00,136.11055851934287,117.89573428477887,151.8457280658463
2021-12-07 13:00:00,143.19732871703005,129.51491739156208,160.20900639767598
2021-12-07 14:00:00,188.68812685374095,171.45368292423126,206.4933491120495
2021-12-07 15:00:00,177.1871645192235,162.1273200624201,189.86301186184522
2021-12-07 16:00:00,221.1474287287554,203.90830134301274,239.61134155843044
2021-12-07 17:00:00,297.640906422701,274.802120176752,324.05356771638066
2021-12-07 18:00:00,299.2972223001777,276.828316109352,319.8842974249755
2021-12-07 19:00:00,269.3983778557103,249.95177042551236,287.20339007306745
2021-12-07 20:00:00,271.05569480180975,253.22744916224644,288.1454108748579
2021-12-07 21:00:00,240.32821020887133,223.53564614824273,259.4757137884651
2021-12-07 22:00:00,190.7789091404742,175.3775156808579,209.171627952401
2021-12-07 23:00:00,133.36767824877126,119.81673971006308,148.95562507938195
2021-12-08 00:00:00,110.52751266933107,97.59000300031812,124.05969157249875
2021-12-08 01:00:00,92.10009226529358,80.85775863313432,100.83666399540279
2021-12-08 02:00:00,107.31550007272874,90.9803727859673,127.25783876275601
2021-12-08 03:00:00,99.60587817362558,87.14549538097364,110.93520916480676
2021-12-08 04:00:00,99.57701150253311,87.79233394994587,106.28705461509182
2021-12-08 05:00:00,135.75406100658947,121.93755452910816,154.39470656211415
2021-12-08 06:00:00,190.73861185193948,169.3563526782365,215.00506457272033
2021-12-08 07:00:00,343.2067409232024,315.8318364053612,373.479473652079
2021-12-08 08:00:00,287.5283902140085,266.62670750712783,305.00696925092717
2021-12-08 09:00:00,177.77832380938236,156.8998668409592,191.87541779653696
2021-12-08 10:00:00,145.40291469857107,127.6864042665051,163.0728018336717
2021-12-08 11:00:00,118.30534219032526,103.14548560204568,132.44842804611667
2021-12-08 12:00:00,104.49516344598254,92.02408467008998,121.37811441392887
2021-12-08 13:00:00,115.0967684391642,102.59673875207388,132.5766800436645
2021-12-08 14:00:00,126.44327840859471,111.45199902123562,144.117448750503
2021-12-08 15:00:00,163.07439870373634,149.8306713085945,178.64062518811667
2021-12-08 16:00:00,194.87615667574138,181.76406585309954,212.58992005051837
2021-12-08 17:00:00,288.82906512040984,265.44952439143475,312.36353349470494
2021-12-08 18:00:00,290.6738195065098,265.589860628577,310.66965912042645
2021-12-08 19:00:00,275.8389107815707,254.75049728494795,295.20683790882157
2021-12-08 20:00:00,258.9267844078837,238.1080539694393,272.8940495439947
2021-12-08 21:00:00,234.58334296065772,219.04197672817492,258.20141407593457
2021-12-08 22:00:00,183.73782198302013,168.1478641096908,203.96298303081574
2021-12-08 23:00:00,140.67322215461218,124.13518806682491,155.87491302336653
2021-12-09 00:00:00,107.64998240608068,96.60198209536138,120.26700005025779
2021-12-09 01:00:00,87.54848647774021,75.13467263996783,98.45118260031951
2021-12-09 02:00:00,97.05952930313752,80.12834249622135,113.76574740396842
2021-12-09 03:00:00,89.78157063876414,80.02508516661487,98.7419103167308
2021-12-09 04:00:00,108.84586087567602,95.48821961644246,124.4062898666578
2021-12-09 05:00:00,126.30195319042456,113.64426001889532,141.41517640961789
2021-12-09 06:00:00,190.8329891937683,170.21648509861868,217.73217752716303
2021-12-09 07:00:00,338.428093528135,308.2283099958991,372.1762126310905
2021-12-09 08:00:00,296.58904014788925,273.603288923275,314.99088762652997
2021-12-09 09:00:00,157.16826834121287,139.02875860720638,168.3289149077918
2021-12-09 10:00:00,120.22779901438963,104.18568184975913,132.72313903509138
2021-12-09 11:00:00,118.42553731972046,97.00404431915028,132.8605038798661
2021-12-09 12:00:00,119.36174546131124,104.2962901158423,136.03549118035983
2021-12-09 13:00:00,150.28841089182927,136.97058745292986,168.6448733830326
2021-12-09 14:00:00,151.5756375751671,138.0479002135933,168.36523433595116
2021-12-09 15:00:00,161.02574447651835,142.52202323740806,177.7971426467426
2021-12-09 16:00:00,190.89170603696354,174.4320150561341,205.3444068863721
2021-12-09 17:00:00,305.5426131609591,282.5020486130639,326.9730800106705
2021-12-09 18:00:00,303.31397837162774,281.53199946775356,321.5908734779329
2021-12-09 19:00:00,285.4497527999009,266.7133790630551,304.89882384026174
2021-12-09 20:00:00,282.2254039099719,265.7270988782899,297.51175544147657
2021-12-09 21:00:00,248.29292480293694,230.45820470791375,269.1064067198894
2021-12-09 22:00:00,196.6181282321966,181.23571939464702,218.58674537337384
2021-12-09 23:00:00,146.12068001630684,136.12865448356743,161.61784652875383
2021-12-10 00:00:00,110.36674979929332,93.23391282649239,120.94934452948138
2021-12-10 01:00:00,92.63760071782065,79.96043869484296,103.6843157654968
2021-12-10 02:00:00,104.10511742738315,88.39730656375335,119.97374223890198
2021-12-10 03:00:00,94.40319824071794,83.78987546862257,102.67504709917787
2021-12-10 04:00:00,96.54394438401857,83.76709818068703,113.91168370856381
2021-12-10 05:00:00,90.09870190186159,80.56580722472435,99.30395039615209
2021-12-10 06:00:00,161.06515832036453,136.30548900054464,182.93061296610432
2021-12-10 07:00:00,307.2017678407561,280.95667501054044,333.6326427211502
2021-12-10 08:00:00,257.6863594729718,235.35586562502965,271.96168418631396
2021-12-10 09:00:00,157.62814443684616,137.03973479460905,169.31766685134798
2021-12-10 10:00:00,126.89426590748594,106.56776130639317,140.19401203085508
2021-12-10 11:00:00,113.04166899519666,100.69576382784254,127.59715558643781
2021-12-10 12:00:00,117.54001490352408,104.7473183219836,126.87369274593853
2021-12-10 13:00:00,127.80082336253179,111.73062297930508,144.51440081310614
2021-12-10 14:00:00,133.64237570194462,118.34184421816882,147.76946677797665
2021-12-10 15:00:00,140.8971941014004,124.4326821814411,155.31940623995732
2021-12-10 16:00:00,185.82961978054087,169.43298575433957,204.1668507648793
2021-12-10 17:00:00,253.4463137267734,221.16688328901688,281.72553091636587
2021-12-10 18:00:00,264.5582122109602,241.2879946002047,283.28049417884495
2021-12-10 19:00:00,258.49727659950696,240.84118510394285,277.6379971115609
2021-12-10 20:00:00,262.85117844753444,245.0703393530905,278.7280617260422
2021-12-10 21:00:00,232.00264226453803,217.1040026656013,251.76290159043253
2021-12-10 22:00:00,188.50989553187082,174.78184116213768,209.79055676473408
2021-12-10 23:00:00,143.0140389417158,127.81606447359854,158.30770641935956
2021-12-11 00:00:00,102.69836159062368,87.69743302212433,111.77299867879381
2021-12-11 01:00:00,83.72973461106577,71.66933093830416,92.21241598257822
2021-12-11 02:00:00,96.35009802267209,79.72233117656968,109.8740557215366
2021-12-11 03:00:00,99.33743172490979,85.11198328584965,111.26828497955088
2021-12-11 04:00:00,100.17402721440718,88.01915975458869,112.2545366077025
2021-12-11 05:00:00,100.00564140455201,88.8278157336179,107.6218333769209
2021-12-11 06:00:00,133.72119304062153,118.12632173680171,146.7798387377228
2021-12-11 07:00:00,297.79827500218585,270.83424929632895,324.4399807734153
2021-12-11 08:00:00,323.41696930242983,300.98423347822126,351.48359006412943
2021-12-11 09:00:00,212.5805523740672,185.47396235830684,237.88956887397342
2021-12-11 10:00:00,171.45205841506004,150.78992000168324,185.60421966052323
2021-12-11 11:00:00,151.90043009618398,134.50797112183068,170.40335818503502
2021-12-11 12:00:00,112.1796806048993,102.49900659161594,123.56840008286109
2021-12-11 13:00:00,126.81817794245721,114.12362032593583,142.27916285110166
2021-12-11 14:00:00,129.89530105967384,117.91676762717798,144.91199073080313
2021-12-11 15:00:00,193.53261960833618,177.18388326778066,218.0152916631997
2021-12-11 16:00:00,195.23329968003884,182.48878272384462,217.8158411997109
2021-12-11 17:00:00,279.7682266675727,256.8104639566172,311.8685111658017
2021-12-11 18:00:00,305.70100970397374,276.7752225620775,325.2628140642059
2021-12-11 19:00:00,292.06423054535657,270.6902698968406,313.5738642402559
2021-12-11 20:00:00,274.60156975682224,253.7292394235641,296.0952135050975
2021-12-11 21:00:00,264.55655889678474,249.4639210013154,281.2153017010644
2021-12-11 22:00:00,203.64067165163226,189.14179573316954,215.96595180774816
2021-12-11 23:00:00,150.0128179366166,133.26680713200673,162.36315685170538
2021-12-12 00:00:00,134.46321518855027,120.03579837809326,149.70437726692262
2021-12-12 01:00:00,122.97150895912512,106.83606621774324,135.346145076941
2021-12-12 02:00:00,128.71246660196113,111.17530750861012,142.18173237645217
2021-12-12 03:00:00,120.34450708448857,104.74708792290168,134.38145700167436
2021-12-12 04:00:00,128.5802869966024,115.35635795724279,138.86695601984715
2021-12-12 05:00:00,141.32379686280925,127.54838997273573,149.71305416191518
2021-12-12 06:00:00,155.80082322130903,134.3842663667486,171.23517790051616
2021-12-12 07:00:00,317.03708596820354,291.1106235980943,348.1412533050442
2021-12-12 08:00:00,385.24776065529056,355.3872829637769,414.9683604251987
2021-12-12 09:00:00,244.434592198868,221.589756201655,265.98226829821186
2021-12-12 10:00:00,188.7152055358021,166.31345256243756,205.0889687732918
2021-12-12 11:00:00,162.7435032907887,142.10813836493546,183.01365592151691
2021-12-12 12:00:00,130.9296856088347,116.92040654734174,141.8426852990294
2021-12-12 13:00:00,144.0317008001159,127.65914731264915,164.76182718573568
2021-12-12 14:00:00,167.00583395859488,151.76581653126505,186.40372866944142
2021-12-12 15:00:00,223.8606046666697,204.12445931017723,247.06587729241588
2021-12-12 16:00:00,239.13999713338845,226.60996799980816,265.84969993375086
2021-12-12 17:00:00,316.2614874945801,291.30336151710094,349.2936947127159
2021-12-12 18:00:00,344.895703994895,313.74707099063943,363.6812829078957
2021-12-12 19:00:00,323.5772256644159,300.02737833729344,343.0411548704408
2021-12-12 20:00:00,297.77556689308125,274.0168794705537,313.9882404592057
2021-12-12 21:00:00,298.24162841603646,280.11907953559484,318.04980726047444
2021-12-12 22:00:00,230.7252047428142,214.21223314179173,247.85197819636812
2021-12-12 23:00:00,167.9695252639481,153.17139811712462,181.75733128696012
2021-12-13 00:00:00,139.97196033977403,121.17678635535299,158.48526268736643
2021-12-13 01:00:00,119.81973627231892,103.27662064562647,133.3578884940094
2021-12-13 02:00:00,151.11456738860608,131.84477862952394,174.15040735879117
2021-12-13 03:00:00,141.0180768601815,125.17013952221356,156.25902415055063
2021-12-13 04:00:00,145.07609176733897,132.0202116305347,155.7229622185419
2021-12-13 05:00:00,169.44260637284603,153.4628588560329,184.1903527578935
2021-12-13 06:00:00,251.2874319994409,227.9293164176973,287.2707118981067
2021-12-13 07:00:00,413.22047848661174,379.7026803067162,443.5138653424934
2021-12-13 08:00:00,340.60573903687845,316.9036402150797,359.58179664433504
2021-12-13 09:00:00,234.9523493631944,209.2539516790216,253.27291213026822
2021-12-13 10:00:00,189.24546556235177,170.8973896896646,200.344446092812
2021-12-13 11:00:00,182.46560443222026,167.5829229768103,196.18600655832734
2021-12-13 12:00:00,170.7946382059062,157.94713231490317,183.65462545768918
2021-12-13 13:00:00,179.0493373115411,164.73548062459392,201.77704001962957
2021-12-13 14:00:00,208.21674685062646,191.30328598760448,229.6179288650579
2021-12-13 15:00:00,200.40892807984613,178.4724591700653,223.17567519367006
2021-12-13 16:00:00,241.66394088007053,225.45596822490432,259.14075337670334
2021-12-13 17:00:00,342.9037188535882,315.4388405117469,368.10054916335855
2021-12-13 18:00:00,355.1668998668259,330.0038218791141,380.22892612108035
2021-12-13 19:00:00,344.4114107540341,324.7979761404329,361.51384506592865
2021-12-13 20:00:00,342.4205997392147,323.5416657397015,359.04114224770825
2021-12-13 21:00:00,312.2630880977555,295.2855674858332,337.04163946073356
2021-12-13 22:00:00,243.32372358628982,221.92140526623223,267.1391370473439
2021-12-13 23:00:00,194.65865124755055,177.14346431452736,209.47805400623247
2021-12-14 00:00:00,169.14391210473366,150.4219316911404,187.1593011798001
2021-12-14 01:00:00,153.44680859156887,135.05428449673397,170.77555365014896
2021-12-14 02:00:00,171.540849354687,150.98311318797883,192.23903925354966
2021-12-14 03:00:00,168.33397918241786,149.9935300564961,183.26019745650862
2021-12-14 04:00:00,151.92623373962675,135.80471601475423,162.66877468153137
2021-12-14 05:00:00,154.77173366281295,143.3490641137591,166.97221811548778
2021-12-14 06:00:00,255.88151243393017,237.6685482404516,278.1561070705909
2021-12-14 07:00:00,412.8724262487052,383.94281327794897,448.8804292474509
2021-12-14 08:00:00,346.1738447266367,321.26872653248483,368.571931700952
2021-12-14 09:00:00,224.205805447122,195.36579222035238,241.43300435681687
2021-12-14 10:00:00,182.5863590536533,160.83620113619156,205.58070729978616
2021-12-14 11:00:00,168.34570835690775,153.45263691493227,184.8986986474197
2021-12-14 12:00:00,177.54557794059997,162.32119401427482,206.99076386347468
2021-12-14 13:00:00,191.36712626641676,178.4154237685034,214.9837205604315
2021-12-14 14:00:00,207.55338895541382,189.80465677909874,230.5491720786468
2021-12-14 15:00:00,217.39952109100395,198.08786538400895,238.87553590038158
2021-12-14 16:00:00,268.4281883274652,254.03018735582032,287.3114878750181
2021-12-14 17:00:00,342.5219954714915,322.3260474333823,364.33349511192984
2021-12-14 18:00:00,344.8594148051379,320.04304534969697,365.63553874429067
2021-12-14 19:00:00,342.7514986450405,326.1416532472809,364.4866944620837
2021-12-14 20:00:00,324.30973698431524,301.5083364702661,343.5039119446261
2021-12-14 21:00:00,302.7987688017421,286.3949868590794,325.963114957691
2021-12-14 22:00:00,232.28882852249154,215.3409157992833,252.76179903172553
2021-12-14 23:00:00,186.88259493795542,170.8126900473573,204.45991338312797
2021-12-15 00:00:00,130.4152914619545,114.15612654642877,142.69152482686562
2021-12-15 01:00:00,109.81701514776248,94.42060241225025,121.55243365213188
2021-12-15 02:00:00,133.1580157165514,111.85749298650816,152.81988610453445
2021-12-15 03:00:00,113.36945180822885,100.82796306651476,122.66395288780807
2021-12-15 04:00:00,124.79400506727647,110.31002155580825,135.05891123637844
2021-12-15 05:00:00,132.9836682835579,117.47931696656593,146.48104146134153
2021-12-15 06:00:00,194.4022927953735,176.50818537612943,224.45757729617273
2021-12-15 07:00:00,335.1688391537445,303.97189384645355,371.92285290357256
2021-12-15 08:00:00,272.8666561469013,252.30779672793713,289.84005153609127
2021-12-15 09:00:00,182.62398005186944,162.6212314621188,196.01175449896925
2021-12-15 10:00:00,146.99190687968652,129.0625488910575,163.45659602239567
2021-12-15 11:00:00,142.2335101091639,127.57214921324635,155.3217338964739
2021-12-15 12:00:00,120.13126584559684,109.97763123577889,131.960796707533
2021-12-15 13:00:00,143.1022662206634,130.4561231708325,159.38032683598567
2021-12-15 14:00:00,166.12956859073952,149.1977013814298,185.33605018167023
2021-12-15 15:00:00,136.72300321917686,121.94346541662554,151.01732878051607
2021-12-15 16:00:00,200.03450757916943,182.72316180167437,219.0135240759166
2021-12-15 17:00:00,291.1833055073709,269.8218968329999,319.3751357750254
2021-12-15 18:00:00,287.28710989448973,266.93349799861994,313.96004391467795
2021-12-15 19:00:00,273.0853228774681,254.82157743137705,296.7192781677196
2021-12-15 20:00:00,256.34792651845316,237.46760653082504,273.28693607179923
2021-12-15 21:00:00,231.83430774207898,213.70075276866802,254.53731709895746
2021-12-15 22:00:00,180.76677300440406,166.11051692810128,204.47599401989137
2021-12-15 23:00:00,141.0385064493213,128.98695438199064,155.73213227326178
2021-12-16 00:00:00,107.10317549812417,94.11403449433207,118.83705586228194
2021-12-16 01:00:00,86.554851902577,73.55306670624279,97.43391051266687
2021-12-16 02:00:00,101.00315629645605,83.26990640759743,118.07894719067437
2021-12-16 03:00:00,95.26878534717179,84.09307989401162,107.54113242811326
2021-12-16 04:00:00,88.0755617573951,75.5257293950437,96.65245493673157
2021-12-16 05:00:00,91.35238570291045,80.5974469128088,101.48948754438473
2021-12-16 06:00:00,185.18549988166646,166.4220626092068,206.8003881336635
2021-12-16 07:00:00,315.3729447415922,278.34018942463894,355.5283844659277
2021-12-16 08:00:00,262.2306846032943,243.5076493021709,276.82010955141817
2021-12-16 09:00:00,153.00585030628932,137.6597533760736,163.36742520271383
2021-12-16 10:00:00,117.41995202585282,102.31777002758645,130.27933783432906
2021-12-16 11:00:00,99.54394189835268,88.41365355201927,107.62709202768825
2021-12-16 12:00:00,102.79088980003746,94.79041058591592,109.40170368220848
2021-12-16 13:00:00,133.16976091737706,115.83462553697925,151.86361284038477
2021-12-16 14:00:00,137.77539809161385,122.47851447231344,152.66963898417143
2021-12-16 15:00:00,154.55571188801,140.77372068980756,176.18350186610448
2021-12-16 16:00:00,192.55444633093234,175.44368975947546,208.339243038141
2021-12-16 17:00:00,274.4057191410064,253.35822539906192,298.0272672347968
2021-12-16 18:00:00,279.17734910322594,259.3741393687556,301.20737555915764
2021-12-16 19:00:00,267.1771982221456,251.89380772424732,289.2551847412746
2021-12-16 20:00:00,253.50377624514817,236.05668432906296,270.1654138800485
2021-12-16 21:00:00,230.650469153345,214.09632325598554,253.3297995479077
2021-12-16 22:00:00,185.49795066413955,169.667257957352,208.02177194583666
2021-12-16 23:00:00,143.00962463324467,130.50859649634396,156.88322085727668
2021-12-17 00:00:00,107.41137482479265,94.33629089355756,119.66861634474503
2021-12-17 01:00:00,96.56991075002695,80.67465731364143,110.61362003717188
2021-12-17 02:00:00,104.4451961523446,85.16575359935769,126.08898210098022
2021-12-17 03:00:00,103.78495287805278,91.16429262235116,120.87786475587941
2021-12-17 04:00:00,108.96293638257882,94.41899328586688,122.26338110130614
2021-12-17 05:00:00,124.99838179489109,109.7227629583389,138.64892994210578
2021-12-17 06:00:00,188.94135180884828,164.1662618954758,213.20522314632427
2021-12-17 07:00:00,319.65632388025136,291.179377928943,348.29846205141087
2021-12-17 08:00:00,282.0541167006696,260.68750890893597,300.2664724084031
2021-12-17 09:00:00,163.43610211640905,147.73017018229163,173.24297013974603
2021-12-17 10:00:00,100.6180815916892,86.71455036465049,111.50943912372529
2021-12-17 11:00:00,80.69648838190062,69.04105079544192,88.55352732378073
2021-12-17 12:00:00,87.51789427349341,76.86199773626176,102.90750014414364
2021-12-17 13:00:00,106.47226594239928,93.3880516205588,121.69558434525004
2021-12-17 14:00:00,114.63227544018781,98.32697810830163,130.0803355442781
2021-12-17 15:00:00,139.68891983960478,125.62801533969349,155.49576516331848
2021-12-17 16:00:00,176.10265447697353,161.52346614656415,192.20067174456426
2021-12-17 17:00:00,282.398534726447,258.84370921388796,310.01907760272957
2021-12-17 18:00:00,271.16064602721406,247.30570346124105,295.5246261618308
2021-12-17 19:00:00,259.7701886030909,237.62330696853462,285.8067892853286
2021-12-17 20:00:00,253.2871315094281,233.61615939042326,271.9163101291158
2021-12-17 21:00:00,223.01478015942646,205.02332979625575,248.04375007995247
2021-12-17 22:00:00,172.47291966335322,158.67934280976448,189.6927035076405
2021-12-17 23:00:00,148.08702072456055,134.8380611669169,164.08472830469472
2021-12-18 00:00:00,102.3282065505553,88.11625286398014,108.86151766980326
2021-12-18 01:00:00,79.49753425554724,68.52959967208939,86.56624840126254
2021-12-18 02:00:00,75.83470145839229,65.09583639071596,82.46009872009714
2021-12-18 03:00:00,82.72391648752682,73.3772463845766,88.97391186650032
2021-12-18 04:00:00,90.72300200576719,79.26788693221697,99.64580857403057
2021-12-18 05:00:00,85.74949042038533,74.0305533663809,97.07425283198754
2021-12-18 06:00:00,133.98100114183814,118.9496111191481,146.51414412370173
2021-12-18 07:00:00,268.0210656129109,243.0017945381951,295.69095881927586
2021-12-18 08:00:00,295.8596902159449,267.7577871215794,324.3623743659549
2021-12-18 09:00:00,217.23378697290352,189.42505923961608,239.70584283834683
2021-12-18 10:00:00,160.08252385861326,141.8314670016587,175.88434035545424
2021-12-18 11:00:00,142.9786415994963,124.9996148501206,162.30904159456608
2021-12-18 12:00:00,106.47756604835966,95.07376658294038,118.6470448508373
2021-12-18 13:00:00,111.63006764106599,98.81148389638055,126.19375146768994
2021-12-18 14:00:00,117.17221517712977,104.18225097512767,131.47052673286916
2021-12-18 15:00:00,162.05948783617197,145.93078359505142,181.62961942750673
2021-12-18 16:00:00,182.59807764631267,168.63836948509757,201.15029082669417
2021-12-18 17:00:00,249.65731600714273,218.54962979814937,278.70861203787877
2021-12-18 18:00:00,270.17740991367475,238.33307948998674,295.1628772152605
2021-12-18 19:00:00,247.42091706132595,220.45630473053427,273.17046316414724
2021-12-18 20:00:00,230.94029428249905,206.93778073065525,252.15616352251007
2021-12-18 21:00:00,234.56570036679017,215.45760071110223,251.6178527398203
2021-12-18 22:00:00,171.74546442694484,156.00464495745308,186.51382295387359
2021-12-18 23:00:00,133.10807712288963,118.21854335995441,146.82479531437738
2021-12-19 00:00:00,98.73231714040173,86.12167426087113,109.90213801786906
2021-12-19 01:00:00,87.59572951761166,72.47413930785216,98.80819461752435
2021-12-19 02:00:00,85.17458069644617,71.95136657131138,93.54782416681175
2021-12-19 03:00:00,83.10805492612171,71.73012272346314,92.19967781954348
2021-12-19 04:00:00,94.89228226944697,82.46220063240277,107.24630616452049
2021-12-19 05:00:00,99.67888684430335,83.53366474053072,111.31348507020569
2021-12-19 06:00:00,114.14309266625051,97.09578850027643,124.11582641195328
2021-12-19 07:00:00,268.80755476637944,243.8222225978827,296.6328447842749
2021-12-19 08:00:00,297.9054018954273,273.161471618739,323.2319684946915
2021-12-19 09:00:00,216.44991273225483,190.56595696171797,235.12404897630853
2021-12-19 10:00:00,164.31363123806807,143.3796619056881,177.70387757044514
2021-12-19 11:00:00,139.98817184535204,123.18766884438556,158.155669617159
2021-12-19 12:00:00,124.54729240390772,112.60174177729301,139.07662468785813
2021-12-19 13:00:00,140.36018839233748,129.18656962587048,158.52651607578176
2021-12-19 14:00:00,138.19630893642776,123.77851741520057,153.27892228286146
2021-12-19 15:00:00,160.62837173763208,142.7495523768999,181.2925567300651
2021-12-19 16:00:00,186.16827533480898,172.44813405928693,211.41752386239656
2021-12-19 17:00:00,283.31715563308865,259.59047681035753,312.42646250676694
2021-12-19 18:00:00,294.4284960949816,267.81874329103715,316.61447627474666
2021-12-19 19:00:00,281.8516817683777,261.33654058920825,303.32216647099176
2021-12-19 20:00:00,255.185654189391,234.5326457701944,274.5547936874831
2021-12-19 21:00:00,249.07708903288028,230.8703523229853,266.0260341450807
2021-12-19 22:00:00,210.30306406163498,190.45070890875908,226.76986709443437
2021-12-19 23:00:00,150.90441143375588,136.76852174297747,166.69760430317132
2021-12-20 00:00:00,123.73492734988649,109.50004145302103,136.69048303274738
2021-12-20 01:00:00,90.5500328992496,76.41447799979298,103.59922025007666
2021-12-20 02:00:00,114.71545205332434,95.8410140024675,136.80410989036997
2021-12-20 03:00:00,98.16088147501421,85.92731917762978,109.07595965772013
2021-12-20 04:00:00,90.13775635886284,77.982838966867,98.85538929314019
2021-12-20 05:00:00,106.7221620575021,94.46453441311175,118.17172810479933
2021-12-20 06:00:00,190.2625039474131,167.1628050335508,214.84634461527085
2021-12-20 07:00:00,324.25527948035074,294.6420737417402,357.9828287148656
2021-12-20 08:00:00,271.4498113885713,250.6661099163587,287.3755594497172
2021-12-20 09:00:00,163.21458691972148,148.15455697862174,176.30972773382146
2021-12-20 10:00:00,130.6470509942725,117.03582261927669,142.86222296624013
2021-12-20 11:00:00,135.03785010370933,117.43526018792582,150.89283452126972
2021-12-20 12:00:00,128.32485635149467,111.12408311715488,143.60058705702
2021-12-20 13:00:00,148.9161331623137,134.8576269751481,166.9957588242805
2021-12-20 14:00:00,153.65669829071442,136.65871976404424,169.61101351705187
2021-12-20 15:00:00,155.39545177874336,136.2738569347209,182.58389547212036
2021-12-20 16:00:00,193.16540038525963,176.23221297065032,213.63185031698464
2021-12-20 17:00:00,279.88384658700073,258.41700805383346,301.1393476633548
2021-12-20 18:00:00,284.6294198352037,260.49108608520845,305.5322277593507
2021-12-20 19:00:00,258.0188879857317,238.31991315372676,275.8255864462911
2021-12-20 20:00:00,251.39360908932437,229.390633785373,268.68582291742837
2021-12-20 21:00:00,231.220565579542,214.11382801716286,254.81302933977204
2021-12-20 22:00:00,183.6870709497653,167.99411648541673,204.62074395194125
2021-12-20 23:00:00,139.1344045968876,126.14172014979096,152.31085781682236
2021-12-21 00:00:00,94.34825059945437,77.67356662497741,104.14949892910066
2021-12-21 01:00:00,72.6516116977516,58.84769682068183,82.92230744276075
2021-12-21 02:00:00,91.65730200920387,73.82102011984331,107.79934944145478
2021-12-21 03:00:00,87.39911029682776,77.23961316096374,96.41308634558503
2021-12-21 04:00:00,80.32240702472043,70.69402700102896,86.84940502484864
2021-12-21 05:00:00,94.8498290203144,84.07145274363309,106.84061145011435
2021-12-21 06:00:00,165.6810872252473,143.60398506099804,191.3460639619244
2021-12-21 07:00:00,310.1910389266313,281.9046624706739,341.46981502438604
2021-12-21 08:00:00,236.73223780345944,212.74946768158242,252.79240520524183
2021-12-21 09:00:00,140.64967273516663,125.74437943453022,153.16374534272117
2021-12-21 10:00:00,113.48876496612893,95.3968052341398,127.73994059012455
2021-12-21 11:00:00,104.09862669689574,85.56761455408828,115.89177809665341
2021-12-21 12:00:00,108.36783708758928,93.33343801331725,120.09633491711345
2021-12-21 13:00:00,143.70192756309922,131.83819057454724,163.78211533705857
2021-12-21 14:00:00,133.94562180550218,118.35376028259309,150.81140407447361
2021-12-21 15:00:00,137.71962695058477,120.18037666652917,154.55007664173652
2021-12-21 16:00:00,158.41016839008304,146.11305366451603,174.48480491482695
2021-12-21 17:00:00,252.19520573817707,223.40417448658326,278.95749201262026
2021-12-21 18:00:00,254.4381913146821,229.8987189356427,277.70765552169195
2021-12-21 19:00:00,235.6798692825441,213.99702786610206,259.02058364950904
2021-12-21 20:00:00,238.43205941813312,209.6921694431539,261.81416316802813
2021-12-21 21:00:00,213.27202772247855,191.797478412757,236.90971384270722
2021-12-21 22:00:00,172.82001991505885,158.1482984848712,189.27810426844403
2021-12-21 23:00:00,130.83816158713,118.77936786096879,144.52941087377317
2021-12-22 00:00:00,104.58877109976412,92.83389795910593,118.81218041426176
2021-12-22 01:00:00,74.07022451057274,61.947752999149046,81.3212603387171
2021-12-22 02:00:00,94.29976510174431,76.70126895615809,114.93537598875602
2021-12-22 03:00:00,84.352044336667,72.73991561910596,96.07582431347844
2021-12-22 04:00:00,79.14264707510588,69.51747484591222,88.65152937792594
2021-12-22 05:00:00,91.48655687569575,80.65194247085866,104.9477360392693
2021-12-22 06:00:00,167.65849066243584,148.6731239872004,198.6703101432507
2021-12-22 07:00:00,302.9377993604558,275.05395875612317,333.2578864134382
2021-12-22 08:00:00,248.99970466752268,225.8980885984548,265.26013637320267
2021-12-22 09:00:00,165.22559787871577,143.9862468883929,182.32882371440138
2021-12-22 10:00:00,129.33045564542857,115.82112397874734,141.3474988256975
2021-12-22 11:00:00,109.08630030644001,95.42617708663195,124.62481868591674
2021-12-22 12:00:00,107.77020955851775,95.69401298392918,122.13986775942743
2021-12-22 13:00:00,117.3703272213226,104.79447049344573,131.88273286329985
2021-12-22 14:00:00,121.01084168921788,109.61409814251331,137.22334173735985
2021-12-22 15:00:00,134.66782712251128,120.76367089096954,152.2909990387048
2021-12-22 16:00:00,184.75465761193792,164.87239392142692,199.36966657916034
2021-12-22 17:00:00,262.53724591833674,240.12972275072602,289.15911687767635
2021-12-22 18:00:00,269.55992976606785,246.66233332523421,287.87784540329204
2021-12-22 19:00:00,250.10595243136123,230.84146691644094,274.3260724898996
2021-12-22 20:00:00,252.96069206668903,234.64268193986013,273.93258259235046
2021-12-22 21:00:00,224.10404606369102,205.86145864885955,246.9085328199955
2021-12-22 22:00:00,182.1291675381826,167.3551232144819,206.54854727310394
2021-12-22 23:00:00,118.70087475283538,105.9553687316126,129.28033799730275
2021-12-23 00:00:00,106.55600868481334,92.36375644433954,121.37284285366212
2021-12-23 01:00:00,80.94208287610829,73.16488511103579,93.2966802043092
2021-12-23 02:00:00,89.0830259569335,72.30243465346908,110.45492192422496
2021-12-23 03:00:00,74.16248333539846,65.17692094545245,83.47867141712236
2021-12-23 04:00:00,88.10072819865259,76.75866894713774,101.92031810827416
2021-12-23 05:00:00,117.54743311994288,103.20701491189706,136.97710869103145
2021-12-23 06:00:00,182.01292129951523,162.1540873575209,208.54469923353213
2021-12-23 07:00:00,300.372168429874,269.54686714190694,336.80094382705863
2021-12-23 08:00:00,233.83294785145623,212.2385550624743,255.32648655344983
2021-12-23 09:00:00,142.8494585633926,125.0268187850125,155.06307305610474
2021-12-23 10:00:00,123.43800409014851,108.91077992106057,138.34498834028747
2021-12-23 11:00:00,106.03598879347784,93.23773552696038,118.00553603121267
2021-12-23 12:00:00,98.03379916004451,85.81641757787783,107.15054024429264
2021-12-23 13:00:00,118.84880427857561,105.60938250779422,133.5728778629445
2021-12-23 14:00:00,115.47680727282433,100.20587459988248,134.9003681011982
2021-12-23 15:00:00,119.4940385874825,107.38351956215607,134.1115489399678
2021-12-23 16:00:00,148.41982597049548,132.37299656723803,159.9912729807223
2021-12-23 17:00:00,228.5971458955538,200.65359934791329,249.51951322255258
2021-12-23 18:00:00,228.60002863337823,206.8830586144357,245.9208676416241
2021-12-23 19:00:00,211.60399882291475,193.2847413000247,230.84665721844954
2021-12-23 20:00:00,202.3746057813599,183.4460452760927,217.167253598345
2021-12-23 21:00:00,178.16390606054304,164.7766664193703,198.494928025598
2021-12-23 22:00:00,132.37212903834202,115.75081609043758,151.35907814521053
2021-12-23 23:00:00,102.23985210049734,91.60963774282203,114.94887324931082
2021-12-24 00:00:00,74.94561289697285,65.57814054816015,85.19578066925052
2021-12-24 01:00:00,56.013944290352896,45.301636157919035,66.57082513911755
2021-12-24 02:00:00,67.49957872671192,53.31759414591912,85.17986162673407
2021-12-24 03:00:00,63.19268480977298,53.63527798271505,74.42320046814098
2021-12-24 04:00:00,60.214929102196244,51.00448647841176,70.81458721906225
2021-12-24 05:00:00,69.163709589622,60.27651227092611,79.54998292634862
2021-12-24 06:00:00,121.35195665542525,100.35752391495883,146.10865229727202
2021-12-24 07:00:00,264.46927469742934,236.52650654011305,302.01859166671886
2021-12-24 08:00:00,207.69348470596938,188.78916299286834,220.67312718389712
2021-12-24 09:00:00,131.50471550751524,116.83084039465746,144.40095681282585
2021-12-24 10:00:00,96.96779493458693,81.40339289254946,110.23788574462212
2021-12-24 11:00:00,77.82039255625293,67.41739963421963,88.94313456317056
2021-12-24 12:00:00,86.99274307363058,73.38683758342806,102.5305875321919
2021-12-24 13:00:00,107.69318448829762,94.21410633359464,127.1587696664404
2021-12-24 14:00:00,107.74481532206501,94.95913904147906,122.74145234473923
2021-12-24 15:00:00,111.22739236918181,98.29131422152618,125.97642569281024
2021-12-24 16:00:00,145.77427724426946,132.80832339112567,163.65782185608722
2021-12-24 17:00:00,238.42694301301788,215.61405587844393,261.75625961084705
2021-12-24 18:00:00,238.37884748367102,218.23664353818444,256.43459309908184
2021-12-24 19:00:00,226.60381989500334,210.80807173003893,246.9511019223896
2021-12-24 20:00:00,222.95443427297624,204.2120895743789,239.72796886730214
2021-12-24 21:00:00,198.49152412501627,183.6317956292835,219.67230253752405
2021-12-24 22:00:00,158.58613929899562,144.37346541997266,180.24812987627394
2021-12-24 23:00:00,108.61958341867565,93.37633027001996,121.41157609057409
2021-12-25 00:00:00,91.5747473080009,78.63038799068495,102.87980786332209
2021-12-25 01:00:00,66.90513508685578,56.629757302851885,75.57142460203208
2021-12-25 02:00:00,63.71077460004588,52.428895371253404,74.0367919864659
2021-12-25 03:00:00,62.536694345527344,52.401757217430124,70.09112430414132
2021-12-25 04:00:00,70.7119861067695,56.737940161154434,79.72650976576816
2021-12-25 05:00:00,77.69283970744962,65.35640752566039,84.87780466363645
2021-12-25 06:00:00,96.99880520492104,83.08395245839549,107.77856518014292
2021-12-25 07:00:00,219.29952830685102,189.92460393705463,249.8750859784335
2021-12-25 08:00:00,238.90688655240115,213.66585704171922,267.36219619476003
2021-12-25 09:00:00,180.5524828554693,159.37802381225256,198.5610562280789
2021-12-25 10:00:00,142.19549771114066,124.39899877221443,154.99568379816066
2021-12-25 11:00:00,119.69677414561312,101.01145404762825,137.6197327021069
2021-12-25 12:00:00,102.8463946341504,90.52513048128873,111.21989486785424
2021-12-25 13:00:00,120.00206463113214,105.86345750413449,132.93200567605786
2021-12-25 14:00:00,117.33934811485435,102.50117872914502,128.86765478957204
2021-12-25 15:00:00,129.2711421607732,114.56504981023186,144.6782556937764
2021-12-25 16:00:00,161.11314082450752,148.70594717542892,185.75135828658782
2021-12-25 17:00:00,234.829227451733,209.10996801700725,262.57441908485276
2021-12-25 18:00:00,261.3708076158145,234.84522252349709,284.7896886322005
2021-12-25 19:00:00,229.82486848244588,213.08814704418265,251.80307027861673
2021-12-25 20:00:00,211.93782538977243,192.25518751170952,230.74301831242846
2021-12-25 21:00:00,192.5678201252664,177.66721469348803,209.92836173192222
2021-12-25 22:00:00,145.0065940261207,131.56934388727737,157.2304721073908
2021-12-25 23:00:00,110.06282033333265,96.97722339923546,123.59862630618038
2021-12-26 00:00:00,98.53460457932633,86.0837701139543,109.98854656412615
2021-12-26 01:00:00,69.10433385363731,56.96186191783359,76.04551435638562
2021-12-26 02:00:00,64.66707973965495,55.760836454666354,74.10014267020848
2021-12-26 03:00:00,62.906132885604144,52.44749049530397,73.14068162563633
2021-12-26 04:00:00,64.82618041217205,55.547095160497165,73.17808711490468
2021-12-26 05:00:00,69.91454948499627,60.083703548365314,78.00021877882047
2021-12-26 06:00:00,100.67079134744188,88.49637181325102,116.04811632086799
2021-12-26 07:00:00,262.1261411495552,241.09269518566904,292.7448143331459
2021-12-26 08:00:00,281.95446149458246,258.8337212898219,307.3026014840308
2021-12-26 09:00:00,203.5765753172045,176.75204013153711,221.60565837077687
2021-12-26 10:00:00,155.39689852669758,137.75162368779584,169.0378338294088
2021-12-26 11:00:00,125.10489758177779,110.03728902249846,144.29110671161772
2021-12-26 12:00:00,106.05116785080293,95.30145541936501,117.83285694308613
2021-12-26 13:00:00,111.5116574726707,100.09327845285833,125.89993514262889
2021-12-26 14:00:00,110.45244805938535,99.54785854310622,124.22207128489823
2021-12-26 15:00:00,146.07370414139177,130.81151989593033,162.8227690588791
2021-12-26 16:00:00,151.45183500361097,137.29301218643107,175.95303369813956
2021-12-26 17:00:00,230.72285854850554,209.1189777865226,263.31756650029246
2021-12-26 18:00:00,249.53939350110426,223.7848729528426,274.92159140077086
2021-12-26 19:00:00,235.47664204365327,215.9038168004325,260.18860879007224
2021-12-26 20:00:00,216.3219162283923,197.44240373341606,235.6147619289149
2021-12-26 21:00:00,213.26976019276995,194.8443051160255,232.3614356326084
2021-12-26 22:00:00,165.91010788658681,155.07349766846204,180.78349936638875
2021-12-26 23:00:00,117.12745685498234,105.1681591765045,131.611050837815
2021-12-27 00:00:00,108.44831734046656,92.87141624311447,123.50134708089745
2021-12-27 01:00:00,70.64381024146647,59.57108152441114,80.13528994982721
2021-12-27 02:00:00,90.76606724427143,72.29952640934614,106.21759677630544
2021-12-27 03:00:00,78.32770182568943,67.07386940741532,88.32312272611514
2021-12-27 04:00:00,76.14474604893056,65.92182514558472,82.99053137297841
2021-12-27 05:00:00,88.27556687952797,78.36518012946391,96.71327563417829
2021-12-27 06:00:00,169.61750377523686,153.7127738969755,195.08529069933604
2021-12-27 07:00:00,319.8640698411749,287.18615541819884,362.3223851847766
2021-12-27 08:00:00,250.02299203137156,227.8344209849021,266.69931606413473
2021-12-27 09:00:00,128.63201961100208,111.31457227687488,140.31944919245734
2021-12-27 10:00:00,102.63646795833583,85.72423777762107,112.91760838601876
2021-12-27 11:00:00,100.25794215106947,87.34788082538519,114.94426004335011
2021-12-27 12:00:00,106.84827560392598,94.98621133757992,121.42219634367451
2021-12-27 13:00:00,125.86725869775461,112.8017843621764,143.5663869276633
2021-12-27 14:00:00,118.46534499878574,100.29011388778041,129.63203279608226
2021-12-27 15:00:00,137.45287769872456,122.01041220872636,154.92501888121478
2021-12-27 16:00:00,172.17042903633856,155.61067295948624,192.58943849923287
2021-12-27 17:00:00,237.06309070621563,210.6585929750672,266.46736798801857
2021-12-27 18:00:00,237.45297618737877,213.98443356089894,257.52371269131555
2021-12-27 19:00:00,221.55199409889588,203.2794022475078,242.4253862593484
2021-12-27 20:00:00,226.35440029370145,206.39742713605102,243.2572964156422
2021-12-27 21:00:00,204.09852862239507,188.4934792200996,223.93619118785705
2021-12-27 22:00:00,162.4087967504028,149.24768308039745,181.3470877355627
2021-12-27 23:00:00,113.55560509707553,100.03420887446471,128.110701421428
2021-12-28 00:00:00,92.49233069685958,80.35399376113192,108.6851930857771
2021-12-28 01:00:00,70.12823806281494,56.38591559538654,80.80861642175473
2021-12-28 02:00:00,85.35308589932563,66.44517730641957,104.48159911424851
2021-12-28 03:00:00,80.0814558220816,68.00565173799433,91.16269011346809
2021-12-28 04:00:00,73.74072431989924,62.003047913525144,81.8104092715367
2021-12-28 05:00:00,102.13926772513653,90.35794045133363,112.95482448537751
2021-12-28 06:00:00,171.16778649856457,154.30373401687953,192.7551766643736
2021-12-28 07:00:00,288.48333173892456,260.2516841897572,322.0972588253926
2021-12-28 08:00:00,240.6086628309737,218.42572694821828,260.59998901762697
2021-12-28 09:00:00,139.9559951154665,121.74118280393174,153.76357358514042
2021-12-28 10:00:00,119.9570651359249,104.8369340578968,135.10650637226738
2021-12-28 11:00:00,93.44035922630049,82.95628922431347,106.8538565670772
2021-12-28 12:00:00,101.87023956745671,89.07632543121576,117.23405977639419
2021-12-28 13:00:00,126.18785253704176,112.92729021372284,143.43982607865246
2021-12-28 14:00:00,135.1191414815083,120.39202851802685,153.58177632223425
2021-12-28 15:00:00,145.1965981981224,130.65138916527368,165.59313012789102
2021-12-28 16:00:00,179.0464705325578,163.74301206193806,194.65489668926998
2021-12-28 17:00:00,276.54970358635495,251.97441744883437,298.9081891422773
2021-12-28 18:00:00,262.91426985436124,241.71365045422968,283.15982449070367
2021-12-28 19:00:00,241.0993440414087,220.6379124985225,259.1131752352583
2021-12-28 20:00:00,230.53127796386008,210.39262391233328,246.08655937723265
2021-12-28 21:00:00,219.21872560391256,204.6482765570089,241.99687608464396
2021-12-28 22:00:00,179.0776103373856,164.06576210849354,201.43988294944677
2021-12-28 23:00:00,128.65235722488373,116.05613966641309,139.86709264965054
2021-12-29 00:00:00,99.0231719385919,86.71209503900222,110.26724829698891
2021-12-29 01:00:00,77.31913540842251,65.79873083249015,85.5999633725378
2021-12-29 02:00:00,89.31745793977706,72.88088704825215,108.74460064456818
2021-12-29 03:00:00,83.47835977701615,72.29148613480407,92.44869465375315
2021-12-29 04:00:00,77.97100899662637,66.22460968858871,84.50650229199677
2021-12-29 05:00:00,103.7127559672669,89.27187766328178,123.11890406714966
2021-12-29 06:00:00,160.63404928528848,140.72573641852,182.2617573711183
2021-12-29 07:00:00,301.1994690653042,266.36284743415064,339.8475240383666
2021-12-29 08:00:00,239.00248445839273,222.03722663415317,260.2838621179519
2021-12-29 09:00:00,128.41574326629885,116.84108606904955,134.62912074397167
2021-12-29 10:00:00,106.54347424580044,95.20134242963229,116.64531699945856
2021-12-29 11:00:00,91.66530448290676,79.46171931735948,99.74437051953896
2021-12-29 12:00:00,88.83551626466846,77.13276868872298,96.59311904464928
2021-12-29 13:00:00,115.44654597658015,100.67720611937575,131.5313751203967
2021-12-29 14:00:00,115.97604303461033,100.03229487400996,133.44804206724646
2021-12-29 15:00:00,122.86127569399903,106.41447173615764,141.8055481130286
2021-12-29 16:00:00,143.56494617880003,128.79534060584896,158.55735374887132
2021-12-29 17:00:00,228.7974156141843,206.85462091218827,256.8749687859452
2021-12-29 18:00:00,227.80133191276607,208.28861759693635,247.77175535568242
2021-12-29 19:00:00,207.3067804672761,190.5811229926927,225.59027671312464
2021-12-29 20:00:00,201.67624493311374,181.6441316406692,217.55388451671996
2021-12-29 21:00:00,187.83608580465838,172.14172286611122,207.92052628491578
2021-12-29 22:00:00,142.00248963245198,125.99337372070912,164.57001725362682
2021-12-29 23:00:00,102.13672823166499,91.00544471809093,115.4297023658074
2021-12-30 00:00:00,74.98808110644981,65.71463875306794,89.09376335185073
2021-12-30 01:00:00,49.186294159323005,40.59970391972412,58.15102312595811
2021-12-30 02:00:00,60.78998020251771,47.13564740972545,74.92690675181048
2021-12-30 03:00:00,50.77639373879395,43.34598327252432,57.73653776124832
2021-12-30 04:00:00,63.80488989892039,51.37234383330969,76.42314052510702
2021-12-30 05:00:00,76.87723732929076,62.37196227945814,94.81986592450232
2021-12-30 06:00:00,125.54860649308034,109.35578400250967,147.06229787645023
2021-12-30 07:00:00,259.8948927217767,228.72188663692287,293.207907124926
2021-12-30 08:00:00,202.2239304327172,181.63011409588174,215.3913837563445
2021-12-30 09:00:00,128.69663359970008,111.20890794024571,144.4125526798562
2021-12-30 10:00:00,105.90961318367629,93.93801517054179,118.13499664867122
2021-12-30 11:00:00,105.82226359506933,92.26935560305222,121.16851112716753
2021-12-30 12:00:00,93.4761245444787,83.39347993136995,103.98914409139435
2021-12-30 13:00:00,116.66835674309527,101.78508294188104,131.8853780222846
2021-12-30 14:00:00,116.80678616111719,102.1956987430313,129.9713625073759
2021-12-30 15:00:00,125.22664890412612,109.36087640661013,145.00999831518257
2021-12-30 16:00:00,163.4722184013553,149.4408282408436,179.36731671568822
2021-12-30 17:00:00,243.31226495366275,216.8759694356323,272.64565727620584
2021-12-30 18:00:00,255.24921678389535,234.59096573712165,275.2415980276013
2021-12-30 19:00:00,240.47232501905387,222.3197052258089,257.0446384369925
2021-12-30 20:00:00,225.81968064964016,206.6596876668808,243.8398022870971
2021-12-30 21:00:00,207.66758602992928,192.01507348026232,226.463207036037
2021-12-30 22:00:00,165.69291447485503,149.69180107064503,186.4936963739634
2021-12-30 23:00:00,126.0495451082969,114.97005627688492,139.89251739681404
2021-12-31 00:00:00,102.92616857270339,89.14414221763322,121.40482453921925
2021-12-31 01:00:00,69.8362899852092,58.206882957518545,79.83851935314341
2021-12-31 02:00:00,89.03751151383615,68.86637673779907,105.46240300585684
2021-12-31 03:00:00,79.20273075831236,68.6053454959454,93.49965319618869
2021-12-31 04:00:00,74.96151302762911,67.78664142308152,84.69727906265085
2021-12-31 05:00:00,101.2222137652931,88.04975787608033,113.34974684770714
2021-12-31 06:00:00,167.33645617646732,144.54784232230188,197.28252011374403
2021-12-31 07:00:00,304.28995061425974,271.99551067403985,342.0451017134958
2021-12-31 08:00:00,252.25884943584137,229.01237761970467,268.94058364618826
2021-12-31 09:00:00,150.12552322273487,132.49984536989243,165.12555181888894
2021-12-31 10:00:00,106.1327538991143,92.18032465536379,121.8096869998695
2021-12-31 11:00:00,88.64359513839617,74.90824286039435,102.45029424839257
2021-12-31 12:00:00,87.22784342174356,75.6613004801793,99.89507195492854
2021-12-31 13:00:00,109.36524853510925,97.76287957560235,123.42094001321601
2021-12-31 14:00:00,101.34000991549871,90.7249637273417,118.06769417685871
2021-12-31 15:00:00,129.77322255348574,114.84099396608036,148.85056695195158
2021-12-31 16:00:00,157.19593431770295,142.65004606774062,171.45895980705663
2021-12-31 17:00:00,237.17296165821534,213.99166984218277,263.47810897423835
2021-12-31 18:00:00,238.59703757848698,213.90226040019945,256.91403868367917
2021-12-31 19:00:00,217.430054725211,195.1923067947425,239.40076339865354
2021-12-31 20:00:00,208.40801614573323,186.9323278796589,227.73255836506274
2021-12-31 21:00:00,179.03381540106926,164.06078382101657,199.61163236589843
2021-12-31 22:00:00,149.37510728025808,133.31286608687927,174.32179960617555
2021-12-31 23:00:00,104.37323282096256,93.5845760998855,116.02954266522387
