hour,U0_baseline,U1_electrification,U3_envelope_elec
2021-01-01 00:00:00,7.080532454512616,16.837997800368637,13.366553922239895
2021-01-01 01:00:00,6.086963963746534,15.845243756369134,12.365034774309235
2021-01-01 02:00:00,5.97288367690254,16.513773196863404,12.648064563690436
2021-01-01 03:00:00,6.072709062989248,18.40218843420051,13.853359030638185
2021-01-01 04:00:00,6.344215412585688,21.376834081011324,15.91306089563958
2021-01-01 05:00:00,8.98507252616076,29.018950478062102,21.921347248726672
2021-01-01 06:00:00,14.406634588877353,42.283082731436984,32.58377476912335
2021-01-01 07:00:00,19.66227875201758,51.83091358508664,40.26378048725047
2021-01-01 08:00:00,20.840126997409982,50.866142534049665,39.851269939621666
2021-01-01 09:00:00,15.496898171583315,41.51420993708922,32.20374542221395
2021-01-01 10:00:00,13.481389917006396,35.62783097918502,27.79177421870289
2021-01-01 11:00:00,12.86381130301161,32.224678908740465,25.721928605625056
2021-01-01 12:00:00,12.808375456017998,30.891567061857543,24.63197818906131
2021-01-01 13:00:00,14.180142825993885,31.446717947645364,25.327802079335406
2021-01-01 14:00:00,12.780884310286714,29.971994065024855,23.805440777545634
2021-01-01 15:00:00,13.85081398130296,32.48855078359305,25.994766964439524
2021-01-01 16:00:00,19.04956153056277,39.557400995796634,32.33146865532503
2021-01-01 17:00:00,23.768884708249164,45.75028188957546,38.05215166016958
2021-01-01 18:00:00,26.3812925436165,48.63999979901776,39.88162924411633
2021-01-01 19:00:00,22.476117115642083,44.39113535586797,36.22969002792823
2021-01-01 20:00:00,19.809646896499856,40.952142151020865,33.39689487561444
2021-01-01 21:00:00,16.655789269532267,35.33874474092093,28.7459372344605
2021-01-01 22:00:00,12.106322027019544,25.76826101241095,21.003936392108553
2021-01-01 23:00:00,8.682740626039227,18.1975931176142,14.832348895412867
2021-01-02 00:00:00,7.71556403123335,14.476154084720118,11.827166624109196
2021-01-02 01:00:00,5.852111168528468,12.273143190914345,9.906750043745925
2021-01-02 02:00:00,5.498947306573925,12.043534715514236,9.614671746596434
2021-01-02 03:00:00,5.300436664407439,13.088863363780813,10.25845342237191
2021-01-02 04:00:00,6.179442075885703,15.840574373352633,12.292769568106182
2021-01-02 05:00:00,6.812067850004282,20.048587182295286,15.418892703404769
2021-01-02 06:00:00,11.0743927843417,30.886343881757224,23.999280172594073
2021-01-02 07:00:00,16.489273925846646,39.55067326391406,31.053502733478922
2021-01-02 08:00:00,18.011870692967033,39.03055710464992,30.857935504709676
2021-01-02 09:00:00,15.279614150450405,32.80220858496612,25.858268389110563
2021-01-02 10:00:00,13.636974652722966,28.51672099170013,22.787753489110095
2021-01-02 11:00:00,12.847055995752365,26.226386784609396,21.364348936021866
2021-01-02 12:00:00,12.484153379613613,25.27800127354023,20.7615110951329
2021-01-02 13:00:00,12.968739182205526,25.27476966098159,20.95043966277325
2021-01-02 14:00:00,12.347115542822882,24.6267448406912,20.275205481838626
2021-01-02 15:00:00,13.788256392737926,26.902979443922863,22.205601481213886
2021-01-02 16:00:00,18.782385583150393,34.28954019680217,28.52281979762834
2021-01-02 17:00:00,23.216734836385136,40.55300408356077,34.11869189085229
2021-01-02 18:00:00,25.325084216677542,43.36777474183304,36.25688003536614
2021-01-02 19:00:00,22.218574114421425,40.193074721155405,32.75111580152302
2021-01-02 20:00:00,18.592095243111505,35.98247050888989,29.589893917270825
2021-01-02 21:00:00,16.472619233683478,31.6813017337572,25.784267832623527
2021-01-02 22:00:00,12.290893262250554,23.172119580033865,19.02723180981258
2021-01-02 23:00:00,8.800062355288095,16.090179592343347,13.287432041853311
2021-01-03 00:00:00,6.810558126091922,14.684898744797104,11.893897928431375
2021-01-03 01:00:00,5.855035852797713,13.800648499993748,11.022288325195348
2021-01-03 02:00:00,5.517690112017104,13.764358308936092,10.862370788290868
2021-01-03 03:00:00,5.465499958922908,15.110034214485067,11.71860761249103
2021-01-03 04:00:00,6.186183108481715,18.617772684543926,14.231069564826385
2021-01-03 05:00:00,7.157671962463531,23.420036600831605,17.858441697516056
2021-01-03 06:00:00,12.299506817176532,36.075470819682764,27.882414888557367
2021-01-03 07:00:00,17.63354862204571,44.14977612090396,34.9395378584628
2021-01-03 08:00:00,18.96744689776551,43.560735580513374,34.51623801637857
2021-01-03 09:00:00,15.576355351154035,35.982340096242716,28.374705613219884
2021-01-03 10:00:00,13.607899708284615,31.413569060716426,25.109992422597088
2021-01-03 11:00:00,12.753903970854612,29.21364218675476,23.62482554742691
2021-01-03 12:00:00,12.850474217334472,28.807182740013857,23.425958622026744
2021-01-03 13:00:00,13.086848164272286,28.559830140113704,23.337793133241625
2021-01-03 14:00:00,13.044436361543834,29.030400997406815,23.44135179015184
2021-01-03 15:00:00,14.268255461501008,31.546692450987454,25.694614717948824
2021-01-03 16:00:00,18.801055056843566,38.23164943832016,31.289628703845924
2021-01-03 17:00:00,24.34232616721195,45.887708300045254,38.167869053518494
2021-01-03 18:00:00,26.520383772548094,49.01748747517993,40.5891617520506
2021-01-03 19:00:00,23.52775211451066,46.15943734014758,37.41715487966387
2021-01-03 20:00:00,19.672988487946014,41.508549966876544,33.69780068200601
2021-01-03 21:00:00,17.541232115020065,36.83724464360359,29.731157364460014
2021-01-03 22:00:00,13.457519103199651,27.698323571994308,22.342782950068568
2021-01-03 23:00:00,9.308024052534725,18.954754895297025,15.403565778274935
2021-01-04 00:00:00,7.525317113883078,15.991430374613726,12.87391514411335
2021-01-04 01:00:00,6.18057509986882,14.568050777922219,11.523658166774334
2021-01-04 02:00:00,5.4796557184264545,13.842430656585854,10.893012838059274
2021-01-04 03:00:00,6.032202920711067,15.965484988363237,12.362488310488741
2021-01-04 04:00:00,5.940357507474811,17.75179229450369,13.626712206943445
2021-01-04 05:00:00,7.882721895483341,23.33306690333914,18.044090606677592
2021-01-04 06:00:00,13.386746728627624,34.881710580170505,27.141414287583643
2021-01-04 07:00:00,19.2801415434476,44.551994405255336,35.07471064085305
2021-01-04 08:00:00,18.810137497792457,42.83936263779376,34.05386269856555
2021-01-04 09:00:00,14.256873811675824,34.95008737887078,27.541362777107665
2021-01-04 10:00:00,13.1037043726515,30.71841789211623,24.60526833955974
2021-01-04 11:00:00,12.495658943283805,28.480718910443617,23.10248273346518
2021-01-04 12:00:00,11.966350027270494,27.226891409441563,22.290892764328113
2021-01-04 13:00:00,12.859157273735493,27.43141844505517,22.450569912231675
2021-01-04 14:00:00,12.189020086399106,27.47649873163127,22.279705827258145
2021-01-04 15:00:00,13.231793653925342,29.603863355725455,24.03029287187159
2021-01-04 16:00:00,18.656668615210595,37.35557021847914,30.68294210339964
2021-01-04 17:00:00,24.13545098987062,44.999268834206006,37.5612167155523
2021-01-04 18:00:00,25.584913636976065,46.97293721168996,38.73816649043598
2021-01-04 19:00:00,22.352633927922877,43.60407791215537,35.84374414532612
2021-01-04 20:00:00,20.330105989274145,41.021076873321626,33.65974325240068
2021-01-04 21:00:00,16.402221873734405,34.18568287918983,27.96259122197485
2021-01-04 22:00:00,12.216121193353207,25.10123946992621,20.573981318615758
2021-01-04 23:00:00,9.125781017693042,18.35202329718248,14.964509578493974
2021-01-05 00:00:00,6.904670555307196,14.94052838589206,12.1431825278568
2021-01-05 01:00:00,5.709535117019655,13.645379605040159,10.912574630093706
2021-01-05 02:00:00,5.438807282629184,13.599269789933583,10.729165542826747
2021-01-05 03:00:00,5.92327630925198,15.290951458954716,11.824280360087057
2021-01-05 04:00:00,6.153873324641018,18.042028298732433,13.788684130552909
2021-01-05 05:00:00,8.732928613977741,24.625666864998976,18.952976866954895
2021-01-05 06:00:00,13.833905043303476,36.99790777265934,28.724159770577412
2021-01-05 07:00:00,18.03015848817534,44.186694652860915,34.337777854439544
2021-01-05 08:00:00,18.991654955727796,44.88289029178754,35.561953374554456
2021-01-05 09:00:00,14.148895017111037,36.10230850757493,28.351109154247833
2021-01-05 10:00:00,12.697921040303985,31.32592659650634,24.815611509518156
2021-01-05 11:00:00,12.12843704429672,28.720589061979876,23.122345766149305
2021-01-05 12:00:00,12.521963135862679,28.806572769195576,23.400389839252334
2021-01-05 13:00:00,13.318297938519429,28.442408306076846,23.058538963315794
2021-01-05 14:00:00,12.089365362187547,27.811150263146356,22.39050607698993
2021-01-05 15:00:00,14.140613411185193,31.029266881531033,25.14895899850317
2021-01-05 16:00:00,18.912733354678526,38.023361045373605,30.938940013270205
2021-01-05 17:00:00,24.0743663934636,45.33111823000677,37.66477334074933
2021-01-05 18:00:00,26.042258683941416,48.37444478705058,39.90062757952883
2021-01-05 19:00:00,22.386326219552597,44.10529780199704,36.2275847700769
2021-01-05 20:00:00,20.02809651819478,41.90374644113295,34.18175018653187
2021-01-05 21:00:00,16.552555831778136,35.943486562521464,29.09119300040874
2021-01-05 22:00:00,12.847291595217957,27.334702161518578,21.98816774168875
2021-01-05 23:00:00,9.268382205749658,19.265371896304497,15.50484286592228
2021-01-06 00:00:00,7.062467990603868,16.586133644427722,13.078077227828082
2021-01-06 01:00:00,5.979620120021591,15.272095003984015,11.877656946207424
2021-01-06 02:00:00,5.751729368157268,15.458076669969136,11.830210152480733
2021-01-06 03:00:00,5.852116688004729,17.241819452114896,12.970031917399716
2021-01-06 04:00:00,6.08544463356126,19.84326147245445,14.855997975508764
2021-01-06 05:00:00,8.434546869235094,26.21160769549464,19.889865465404817
2021-01-06 06:00:00,13.728597970509197,38.613498123176356,29.88143356259037
2021-01-06 07:00:00,19.923685653922806,48.727933124978996,37.852094551234536
2021-01-06 08:00:00,19.293673664635115,47.80285417869863,37.202492534354136
2021-01-06 09:00:00,14.557041651556377,38.80316452250532,30.01019717885015
2021-01-06 10:00:00,13.042015054502134,33.804989552430904,26.42453718057147
2021-01-06 11:00:00,13.269023079072678,32.16366582935016,25.606082655094916
2021-01-06 12:00:00,12.9743089848747,31.008198843774196,24.8186263885246
2021-01-06 13:00:00,13.715325190944819,31.04161104215621,24.82803465542056
2021-01-06 14:00:00,12.95776944995206,30.585812127061587,24.268275801904164
2021-01-06 15:00:00,13.381365020724774,32.31617067117166,25.724963425371275
2021-01-06 16:00:00,19.374788592100142,40.597247187961315,32.91502279492076
2021-01-06 17:00:00,24.65113907872121,48.68929261101807,39.94638156099152
2021-01-06 18:00:00,26.362655030597374,50.554272230961644,41.212938251781864
2021-01-06 19:00:00,23.403554300400035,47.593681214024095,38.58032797259781
2021-01-06 20:00:00,20.277352028224485,43.47652733192623,35.10932966646669
2021-01-06 21:00:00,17.015082681268005,37.454230529758966,30.118766118945995
2021-01-06 22:00:00,12.48511172142424,27.292729087966205,22.035505501623128
2021-01-06 23:00:00,8.979039920558394,19.196022893894646,15.517391623720718
2021-01-07 00:00:00,6.889281456615472,15.282150092359332,12.207082532923293
2021-01-07 01:00:00,5.807237398841772,13.770050387522796,10.877394601308447
2021-01-07 02:00:00,5.808555909815674,13.921176960064747,10.865822436765823
2021-01-07 03:00:00,5.874759538634591,15.421166860487595,11.711953700155124
2021-01-07 04:00:00,6.603274835659217,18.131490312373714,13.84199710758792
2021-01-07 05:00:00,8.202248228789141,23.423008799072708,18.01312342423855
2021-01-07 06:00:00,13.459906423869606,34.70153432026198,27.061621621570133
2021-01-07 07:00:00,18.248839548524234,42.61068885466656,33.07055345310542
2021-01-07 08:00:00,18.14769097906719,41.02755940988499,32.42833467007726
2021-01-07 09:00:00,14.100331648475535,33.62435733666438,26.394544696267385
2021-01-07 10:00:00,12.48707634066332,29.316184735622727,23.219798647101403
2021-01-07 11:00:00,12.542854078780218,28.68602509397468,23.10406873058616
2021-01-07 12:00:00,12.50210939178412,28.89249326624716,23.35087748055451
2021-01-07 13:00:00,12.901085754964917,29.041858855278758,23.440308976874263
2021-01-07 14:00:00,11.976393569596283,28.39759594217429,22.757278522986667
2021-01-07 15:00:00,13.41543356250525,31.00042895408934,24.847539912069887
2021-01-07 16:00:00,19.7430552014315,39.700998296531125,32.367286645364985
2021-01-07 17:00:00,24.20693874817534,46.471667836974355,38.49681665661069
2021-01-07 18:00:00,26.31386966723005,49.34874156615904,40.13022068292153
2021-01-07 19:00:00,22.85239354727809,45.60240924087524,37.169275342177734
2021-01-07 20:00:00,20.863708079090667,43.49920622849543,35.22140886153388
2021-01-07 21:00:00,17.129244732594938,37.132487984468206,29.751140555300502
2021-01-07 22:00:00,13.047681710722143,28.129388401842146,22.595369362465853
2021-01-07 23:00:00,9.570840363956187,20.106369864701147,16.21212855055186
2021-01-08 00:00:00,7.4628585098104745,17.532825867961883,13.730219456443114
2021-01-08 01:00:00,6.350319697363821,16.237161825309393,12.437054994975147
2021-01-08 02:00:00,5.912581973884057,16.050618216847916,12.157359402121196
2021-01-08 03:00:00,6.4881835340687966,18.420014205691597,13.77609683315818
2021-01-08 04:00:00,6.731726368478359,21.368610925557004,15.773040486730096
2021-01-08 05:00:00,9.712090877625887,28.805474630716756,21.78797468029043
2021-01-08 06:00:00,14.02391190251882,40.75258024844647,31.06670348778775
2021-01-08 07:00:00,19.276032397319337,49.183285066822364,37.82837737023981
2021-01-08 08:00:00,19.737783346041596,48.08249585707167,37.28086176147303
2021-01-08 09:00:00,14.599994012078264,38.19021279624398,29.333154300112977
2021-01-08 10:00:00,12.756562782360591,33.593603707767116,26.083126815144404
2021-01-08 11:00:00,12.59519480923625,31.38222519376036,24.885930570797804
2021-01-08 12:00:00,12.368241778127041,29.80778694066599,23.804061392286567
2021-01-08 13:00:00,12.988827461278989,29.79590340141511,23.671188188599427
2021-01-08 14:00:00,11.994684143619702,28.884160658117743,22.909672715412
2021-01-08 15:00:00,13.770576497993538,32.081420080207344,25.600168686480043
2021-01-08 16:00:00,19.34547592142291,39.997255356325134,32.11210938659508
2021-01-08 17:00:00,23.49836244929266,46.183850688092114,37.84311581020482
2021-01-08 18:00:00,26.74779747285285,50.65511489534654,41.17327217573163
2021-01-08 19:00:00,23.046401392945313,45.944220839718206,37.12813526611817
2021-01-08 20:00:00,20.67136180962651,43.24621356741375,34.878323105413266
2021-01-08 21:00:00,17.00914862980142,36.53289862081366,29.322385909039884
2021-01-08 22:00:00,12.30453823718679,26.66922343377927,21.407430052565957
2021-01-08 23:00:00,9.247681590184683,19.220610059869472,15.459593468437937
2021-01-09 00:00:00,7.608389792846698,15.080229370499302,12.133289037899718
2021-01-09 01:00:00,5.883830963226412,12.981521285830866,10.304716918804656
2021-01-09 02:00:00,5.609979083117859,13.049077464327683,10.181617168881232
2021-01-09 03:00:00,5.610535377443686,14.744928499336433,11.224244513963903
2021-01-09 04:00:00,6.525221477727207,17.92965099156798,13.46550365408078
2021-01-09 05:00:00,7.73405047795474,23.07403894663058,17.37826973355593
2021-01-09 06:00:00,11.861975674133832,34.752539929268266,26.420436700259422
2021-01-09 07:00:00,16.947584178919723,43.425077114899686,33.61630781915341
2021-01-09 08:00:00,17.96801321786353,41.503742145225075,32.426934540188135
2021-01-09 09:00:00,16.330098591839747,35.88620552582926,27.7478935897169
2021-01-09 10:00:00,13.195565233943315,29.595314593183417,23.21839188074506
2021-01-09 11:00:00,12.652022374335376,27.214712607383664,21.881721018843873
2021-01-09 12:00:00,12.575145115204077,26.584513561496056,21.51260726664661
2021-01-09 13:00:00,12.667093322065398,25.978215682637607,21.165413501046125
2021-01-09 14:00:00,12.545037171433869,26.03306293685825,21.028114180179593
2021-01-09 15:00:00,13.865954722728482,28.536326645759935,23.172181889570503
2021-01-09 16:00:00,18.321892263641914,35.55886393424416,29.040262316336307
2021-01-09 17:00:00,23.658234907254762,43.15782100084109,35.86860902300475
2021-01-09 18:00:00,25.868522610937887,45.856569006004584,37.78923098330831
2021-01-09 19:00:00,22.690882775243036,42.607646602418704,34.12926519448435
2021-01-09 20:00:00,18.905527465044777,38.18065365698886,30.81132291476899
2021-01-09 21:00:00,17.713707020763973,36.203299273453666,28.84546776794358
2021-01-09 22:00:00,12.810070248313211,25.995324577198243,20.764847932842404
2021-01-09 23:00:00,9.043253967460528,17.79247423827457,14.37196318042244
2021-01-10 00:00:00,7.218857115153411,16.12818701846383,12.89757256774811
2021-01-10 01:00:00,6.055441771679559,14.74752281294771,11.579214854050255
2021-01-10 02:00:00,6.110954865894563,15.274282807464012,11.86643049061612
2021-01-10 03:00:00,5.747605664790803,16.203683584197545,12.39717305415119
2021-01-10 04:00:00,6.1438729933901,18.539092618200954,14.106029527183614
2021-01-10 05:00:00,7.429619722024185,23.443794559227626,17.825659413182095
2021-01-10 06:00:00,12.455262764667554,35.72497857055792,27.6076012980936
2021-01-10 07:00:00,17.382063728030783,45.25344203322777,35.26179974357357
2021-01-10 08:00:00,19.416595573595355,45.99714720594742,36.18897747151723
2021-01-10 09:00:00,15.744952901941609,38.562158812133774,29.746511528054867
2021-01-10 10:00:00,13.506527051921958,33.35181071296164,26.21932984507935
2021-01-10 11:00:00,12.902123883470072,31.07491832421842,24.771559106889413
2021-01-10 12:00:00,12.594682903089732,29.62194239110096,23.748171319953855
2021-01-10 13:00:00,12.898909863327516,29.258030943539225,23.57933983571654
2021-01-10 14:00:00,12.595304964316623,29.867620059110777,23.89003889345051
2021-01-10 15:00:00,14.141072983651659,33.15845148279,26.607504033854962
2021-01-10 16:00:00,18.79675342799237,40.177270880938124,32.509616153331486
2021-01-10 17:00:00,24.056372828419594,47.829873392622524,39.379091329125195
2021-01-10 18:00:00,26.823841689594712,50.749381579795944,41.560630940116354
2021-01-10 19:00:00,23.135441688191577,46.839130528408305,37.48385557336428
2021-01-10 20:00:00,19.66526529281409,42.749792424361544,34.31788767030384
2021-01-10 21:00:00,17.346942552078655,38.12777042494722,30.37155297930628
2021-01-10 22:00:00,13.490318103353362,28.270253263690865,22.6306155546338
2021-01-10 23:00:00,9.372644729296715,19.76086729747439,15.894973876384764
2021-01-11 00:00:00,7.361817917329928,17.084310389836684,13.497841046342117
2021-01-11 01:00:00,5.862684210720415,15.175107503462073,11.810892783513331
2021-01-11 02:00:00,5.655248468453616,15.086054116598488,11.601333914600946
2021-01-11 03:00:00,5.538165132701419,15.93866680080317,12.135489991955449
2021-01-11 04:00:00,6.087504291747244,19.166505872573286,14.416848704300854
2021-01-11 05:00:00,8.871276465962877,26.41209355575331,20.116604612766185
2021-01-11 06:00:00,13.241186683117432,37.871727869343864,28.85835051788913
2021-01-11 07:00:00,19.226306664293997,48.36277486689845,37.180708103718594
2021-01-11 08:00:00,18.873983721913905,46.57380550360716,36.42440844591744
2021-01-11 09:00:00,15.23228618020935,39.380455606965505,30.461709601062495
2021-01-11 10:00:00,13.793192261236426,34.92535479068636,27.299179199687423
2021-01-11 11:00:00,12.876372493858966,32.52756932093571,25.598477346995256
2021-01-11 12:00:00,12.6422653510125,31.630953719643653,24.984181701298013
2021-01-11 13:00:00,13.68736672252163,31.931210275226466,25.289552537056
2021-01-11 14:00:00,12.303647735921594,30.467977340661392,23.960456698000772
2021-01-11 15:00:00,13.61517998978549,33.49106610984771,26.42233054931377
2021-01-11 16:00:00,19.488099892509624,41.9002802404158,33.732201686595836
2021-01-11 17:00:00,24.80568573802498,49.04340378097556,40.31417758865109
2021-01-11 18:00:00,26.583873602287035,51.353981552976336,41.689598791503734
2021-01-11 19:00:00,23.099763234164993,47.94538179913005,38.60808080889039
2021-01-11 20:00:00,20.66609981361874,45.54491996066518,36.48713639031556
2021-01-11 21:00:00,17.3438321281251,39.33138023972353,31.305126642342273
2021-01-11 22:00:00,12.895855022723806,28.58167126193095,22.91407781275521
2021-01-11 23:00:00,9.543423430032123,20.669987978284247,16.522033591322735
2021-01-12 00:00:00,7.359346796230158,17.80619137945391,13.887261707115679
2021-01-12 01:00:00,6.1441128698947605,15.93832797744491,12.239551060187033
2021-01-12 02:00:00,5.885155483570934,15.92810651517379,12.078229105357218
2021-01-12 03:00:00,6.404694479164639,18.045158899574826,13.60715203929229
2021-01-12 04:00:00,6.258161719649366,20.27560236341442,15.095656078092208
2021-01-12 05:00:00,8.60635252711308,27.231958695958095,20.463798504397193
2021-01-12 06:00:00,13.34299083810877,39.25405980078445,30.04565680486445
2021-01-12 07:00:00,20.258402850547043,50.90783469643902,39.19323867837243
2021-01-12 08:00:00,19.943593650133383,49.080600839468445,38.12157588322055
2021-01-12 09:00:00,14.582518398864963,39.747986413958145,30.599173114230844
2021-01-12 10:00:00,12.736080880141216,34.41936290488112,26.7084256873522
2021-01-12 11:00:00,12.496429067226556,32.10559884450068,25.41143035526989
2021-01-12 12:00:00,12.554822383935493,31.44438581196397,25.02254877294761
2021-01-12 13:00:00,13.780691569152632,32.041823231478794,25.370492786676294
2021-01-12 14:00:00,12.326539825896386,30.84882372682301,24.336664617235094
2021-01-12 15:00:00,13.787527986345125,33.9923468347121,26.86295924371093
2021-01-12 16:00:00,20.44296506304811,43.722434882146615,35.14226915368463
2021-01-12 17:00:00,24.606231463486782,50.09039374457298,40.74231413204293
2021-01-12 18:00:00,26.793142018694212,52.126195414786935,42.277162081904606
2021-01-12 19:00:00,23.29315386835059,48.39351012198212,38.8693338536446
2021-01-12 20:00:00,20.360392914286255,44.36018513820253,35.556303147254916
2021-01-12 21:00:00,16.891685441108766,37.90668504791412,30.289925869047064
2021-01-12 22:00:00,12.762363755795567,28.415441730973125,22.601310821815204
2021-01-12 23:00:00,9.51307105958281,20.4806375217056,16.313341152554436
2021-01-13 00:00:00,7.227391962258333,17.767124859181198,13.924356176616326
2021-01-13 01:00:00,6.169837120463957,16.89786309767022,12.99721616896973
2021-01-13 02:00:00,5.934016133816512,17.10047907245319,12.981054333523979
2021-01-13 03:00:00,6.06614745387966,18.787363320184177,14.090584981848426
2021-01-13 04:00:00,6.555530610033439,21.978972025775498,16.309667538877193
2021-01-13 05:00:00,8.629721513889569,29.221247437173474,21.931277021656697
2021-01-13 06:00:00,14.319824325027032,42.84140376095593,32.85726347107963
2021-01-13 07:00:00,20.63397923612775,54.50187262384191,42.04178978803297
2021-01-13 08:00:00,20.934581584272458,53.4266338451951,41.57445901769604
2021-01-13 09:00:00,15.593963303115022,44.68438700377717,34.25634913623435
2021-01-13 10:00:00,13.312092399064728,37.95186241812441,29.238216644874147
2021-01-13 11:00:00,12.530941932415459,34.10927570948208,26.925427557878642
2021-01-13 12:00:00,12.588039710706434,32.3382447959119,25.81315260002504
2021-01-13 13:00:00,13.897968065941457,32.87765745189081,26.052169347371592
2021-01-13 14:00:00,12.430028055204652,31.60845402451592,24.968164829167677
2021-01-13 15:00:00,13.617770091967069,33.88242297430764,26.88452188620364
2021-01-13 16:00:00,19.931571400007464,42.77012560786423,34.474333962750315
2021-01-13 17:00:00,24.429717257406946,50.395979095563874,41.31121073764613
2021-01-13 18:00:00,26.610018747605928,53.21345592796282,43.091437762071045
2021-01-13 19:00:00,22.98428378671544,48.769000703212576,39.28238958262962
2021-01-13 20:00:00,20.750666832770854,45.88172212366831,36.885740894359095
2021-01-13 21:00:00,17.148877755080463,39.26038669079239,31.44416576435187
2021-01-13 22:00:00,13.286502034003858,29.96994241047856,24.014744322855098
2021-01-13 23:00:00,9.412059836202921,21.293155565383948,16.83931242010784
2021-01-14 00:00:00,7.678965317919738,19.194386874499855,14.87156094545228
2021-01-14 01:00:00,6.315446789097596,17.786916819796946,13.603189539574164
2021-01-14 02:00:00,6.190036557266736,18.05741158690163,13.627903757409767
2021-01-14 03:00:00,6.284301259227276,20.100760043705204,14.915228725109078
2021-01-14 04:00:00,6.667688824206517,23.368148515651033,17.24487690116938
2021-01-14 05:00:00,8.84707167277682,30.870447795367294,23.052195486422008
2021-01-14 06:00:00,14.193707512695573,45.07413621255972,34.32819598226025
2021-01-14 07:00:00,20.93266185018531,57.26360433564115,43.88594310053325
2021-01-14 08:00:00,20.4649246237806,55.4262202161067,42.75152365106546
2021-01-14 09:00:00,15.766695344278668,46.685138782733176,35.512793606481196
2021-01-14 10:00:00,13.477483144954016,39.58309770060102,30.230980437137067
2021-01-14 11:00:00,12.774501160512909,35.99020411905531,28.165576371311694
2021-01-14 12:00:00,13.168848273845038,34.94856651264197,27.537691318601183
2021-01-14 13:00:00,13.98135485644263,34.91162642701391,27.524541379486276
2021-01-14 14:00:00,12.650662664532987,33.73547525989297,26.29532782172073
2021-01-14 15:00:00,13.864287629866842,36.700308594000255,28.77281284246338
2021-01-14 16:00:00,19.909948881448447,45.717787446716954,36.33688714648278
2021-01-14 17:00:00,25.040392572302746,53.834940534920584,43.6506758071362
2021-01-14 18:00:00,27.1018130205746,56.874561222902074,45.702143632294145
2021-01-14 19:00:00,23.76855454314234,53.16612088057617,42.27590828393331
2021-01-14 20:00:00,21.1823698253821,50.01704926335825,39.688932745296924
2021-01-14 21:00:00,17.537412982518973,42.988869848244846,33.83863474336806
2021-01-14 22:00:00,13.230570487497825,32.37083630226562,25.52335024608913
2021-01-14 23:00:00,10.217262467346101,23.80640252051533,18.78829467606153
2021-01-15 00:00:00,7.5009120933778455,20.273535313481023,15.511925185128373
2021-01-15 01:00:00,6.616635204382503,19.61805396782738,14.793111313260816
2021-01-15 02:00:00,6.199453397012747,19.484673841987654,14.497573790829893
2021-01-15 03:00:00,6.452941395002467,21.403761440627903,15.728064422046488
2021-01-15 04:00:00,7.2459064475126675,25.097023634320816,18.52323639795323
2021-01-15 05:00:00,8.88392284965526,32.27863671804703,23.958273176340107
2021-01-15 06:00:00,15.006793044753056,47.30866770251893,35.94059824638198
2021-01-15 07:00:00,21.246938602790085,58.78791220970429,45.0001006076986
2021-01-15 08:00:00,20.979119801127098,57.32696134617105,44.23176269510326
2021-01-15 09:00:00,15.595837698221796,47.54565844599356,35.96055311622899
2021-01-15 10:00:00,13.262006042502234,40.49148064333545,30.8711879701336
2021-01-15 11:00:00,12.434464514924192,36.501759350292126,28.50049999845842
2021-01-15 12:00:00,12.284746923163905,34.65509124828229,27.222734663662266
2021-01-15 13:00:00,13.357614690796286,34.65707135990479,27.271775127138035
2021-01-15 14:00:00,12.458565695749074,33.651435930539535,26.280728429911527
2021-01-15 15:00:00,13.772389128527955,36.8678948208795,28.87421976549071
2021-01-15 16:00:00,20.589744523335433,46.932628791079125,37.126060892582586
2021-01-15 17:00:00,24.905941744271512,54.385772082762955,43.76417451049361
2021-01-15 18:00:00,27.199458491288627,57.68032910468619,46.100156425848496
2021-01-15 19:00:00,24.140586332199664,54.88800146322917,43.35912076882094
2021-01-15 20:00:00,21.313906285795248,51.28987482261809,40.493130135317365
2021-01-15 21:00:00,17.54772636167868,44.1691449741895,34.61111594030742
2021-01-15 22:00:00,13.904604858478361,33.441043638602885,26.304668692215134
2021-01-15 23:00:00,10.296624796434854,24.423048022159293,19.115651766529034
2021-01-16 00:00:00,8.384912791309786,22.66307383781133,17.463816638261143
2021-01-16 01:00:00,6.669970150998494,21.077291746211603,15.760591006802686
2021-01-16 02:00:00,6.346402229181549,20.876132592434868,15.496341055350449
2021-01-16 03:00:00,6.407201432052805,22.651848409092594,16.606175139816795
2021-01-16 04:00:00,6.995529282112933,26.34069483415034,19.31815931162092
2021-01-16 05:00:00,8.061277284308588,32.3363047175762,23.728604050944917
2021-01-16 06:00:00,13.425507446199354,45.66811725940991,34.46267916324343
2021-01-16 07:00:00,19.524301393271536,57.04442146373258,43.85237170261717
2021-01-16 08:00:00,20.96279191579724,59.096630538534626,45.52686370323468
2021-01-16 09:00:00,18.0706209641738,53.6004729338938,40.775360445475464
2021-01-16 10:00:00,14.66353491757202,45.92921721611005,34.974134701535185
2021-01-16 11:00:00,13.55676564781155,41.33769204009371,31.685418013684608
2021-01-16 12:00:00,13.454743829183316,39.269935293798,30.323003504361484
2021-01-16 13:00:00,13.642887740498153,38.24919831275361,29.740750827227846
2021-01-16 14:00:00,13.153156131733603,37.090797996818196,28.792495531453383
2021-01-16 15:00:00,14.533673221066826,40.402826587923755,31.631582769032317
2021-01-16 16:00:00,20.445033511878666,49.455219307191385,38.932180074053996
2021-01-16 17:00:00,25.7649210905659,58.273660255630624,46.679590675545604
2021-01-16 18:00:00,27.819384564329216,62.07202727991155,49.920636972152195
2021-01-16 19:00:00,25.30953207921163,60.36895065297287,46.97020723022377
2021-01-16 20:00:00,20.9362870591057,53.262939435952134,41.11532913349683
2021-01-16 21:00:00,18.939175193409763,47.409594533290736,36.85563388145429
2021-01-16 22:00:00,14.340793337526696,35.584545000861,27.517014729634226
2021-01-16 23:00:00,10.582075287003027,26.17205382200838,20.28021191830222
2021-01-17 00:00:00,8.418953488500465,22.962287627066903,17.427260076760287
2021-01-17 01:00:00,6.65611444213365,21.149524825244903,15.74663582732819
2021-01-17 02:00:00,6.604162350260269,21.370039354547092,15.783524209651677
2021-01-17 03:00:00,6.52956769167522,23.14829860684997,16.85569825239204
2021-01-17 04:00:00,7.558567554190669,27.58507543868875,20.06124220643285
2021-01-17 05:00:00,8.195685086576098,34.20376793471362,24.745202619344244
2021-01-17 06:00:00,13.058792931525096,48.85841509693628,36.19413278218254
2021-01-17 07:00:00,19.068861131523942,60.79993813990459,46.13215530822913
2021-01-17 08:00:00,20.15298609856686,60.678710853427994,46.09311309326421
2021-01-17 09:00:00,18.482438648133698,54.64995185693937,41.34958744853745
2021-01-17 10:00:00,16.005053114513682,47.689693806781044,35.89811478941268
2021-01-17 11:00:00,14.38172223138355,42.821622671240625,32.39964052439674
2021-01-17 12:00:00,14.371987429500777,41.05341160362124,31.480670960010094
2021-01-17 13:00:00,14.426678164623722,39.7552606890666,30.594551884581506
2021-01-17 14:00:00,14.573281429590365,39.85612472325838,30.48189674303823
2021-01-17 15:00:00,16.097327554357417,42.72845085140312,33.097906234592195
2021-01-17 16:00:00,20.84030168999874,50.558277248843304,39.66066953644299
2021-01-17 17:00:00,25.868104006967222,58.4094709728571,46.54579936551227
2021-01-17 18:00:00,27.723505879318544,60.65577365886936,48.64895819984181
2021-01-17 19:00:00,24.956932376197962,57.17939149125464,44.639978723937894
2021-01-17 20:00:00,21.226634664126067,52.356014962034976,40.324743592531036
2021-01-17 21:00:00,18.700781531258503,46.094617754841025,35.59866297285929
2021-01-17 22:00:00,14.183477243807937,34.22306466841161,26.492451277001493
2021-01-17 23:00:00,9.917561835642093,24.2316542713748,18.747294704967842
2021-01-18 00:00:00,7.625132097014246,20.120571091690298,15.55978718057805
2021-01-18 01:00:00,6.392490721349614,18.803257580662592,14.331402256108355
2021-01-18 02:00:00,6.329303304454032,18.971903577962525,14.305942195899453
2021-01-18 03:00:00,6.21024301785906,20.660388831190712,15.389110528620286
2021-01-18 04:00:00,6.58042008060329,23.994526158170064,17.692335312152874
2021-01-18 05:00:00,8.845233423425302,31.31924055795351,23.32404230787102
2021-01-18 06:00:00,13.810663667187665,44.460812512366765,33.65550132776752
2021-01-18 07:00:00,19.257075410848362,54.987731442195816,41.95554582958617
2021-01-18 08:00:00,20.687138634619053,55.819695588915856,43.12782409227952
2021-01-18 09:00:00,15.950217667608939,47.1132342811406,35.84775684279183
2021-01-18 10:00:00,13.704818953949884,41.00493336545882,31.358736081765297
2021-01-18 11:00:00,13.391632557127572,38.198173582752716,29.71477954044954
2021-01-18 12:00:00,13.312838325132399,36.72747283540726,28.718937251101227
2021-01-18 13:00:00,14.884554462507126,37.24720519967811,29.119409401767896
2021-01-18 14:00:00,12.948399045278434,35.61669056572426,27.616834374163677
2021-01-18 15:00:00,14.255991096992647,39.035256697048446,30.297831817789373
2021-01-18 16:00:00,20.426808049334667,48.94818942023927,38.606459768001805
2021-01-18 17:00:00,25.122895398268223,57.52478799938137,46.22431667447367
2021-01-18 18:00:00,28.728265924182733,62.63812435470223,49.99117377504648
2021-01-18 19:00:00,25.140720471083245,59.344064004112184,46.721382636145485
2021-01-18 20:00:00,22.807010788328448,57.379136768422626,44.91945368557747
2021-01-18 21:00:00,19.075093517376175,50.236402433142366,38.99077348197231
2021-01-18 22:00:00,14.190537335306724,36.99349727316334,28.806285386793924
2021-01-18 23:00:00,10.257217181842803,27.38107594704819,21.136753365935267
2021-01-19 00:00:00,8.538778306012087,26.93588939310775,20.118161021892348
2021-01-19 01:00:00,7.325492178075289,26.15998757760759,19.283695126457545
2021-01-19 02:00:00,7.421401059323988,26.851294869109147,19.65087989102651
2021-01-19 03:00:00,7.319044875625842,29.104245707818325,21.047071676503208
2021-01-19 04:00:00,8.310664512258679,34.47947867025335,25.03213163577658
2021-01-19 05:00:00,10.141677411327068,41.48234473532514,30.387187661408973
2021-01-19 06:00:00,17.54503470758754,57.2650507208009,43.53367505200682
2021-01-19 07:00:00,22.364846731611507,69.43082187254524,52.99917993539672
2021-01-19 08:00:00,23.261646683377602,73.15228395775534,55.53769950703468
2021-01-19 09:00:00,17.565006802635107,65.87866943754345,48.98873343556317
2021-01-19 10:00:00,14.782125994907846,58.19773946873335,43.33550951217121
2021-01-19 11:00:00,13.246764161487071,49.86732358278577,37.76804233700394
2021-01-19 12:00:00,13.495790511298985,46.563197568816854,35.52669529065531
2021-01-19 13:00:00,14.46181313986163,45.1714636737043,34.76984769210617
2021-01-19 14:00:00,13.191628310109202,43.16388015356609,32.73178796291959
2021-01-19 15:00:00,14.21463019767433,46.36126593939201,35.45507625654817
2021-01-19 16:00:00,21.327032383428563,56.06319033363187,43.63756400920451
2021-01-19 17:00:00,25.930535757800012,66.28240987863975,52.43359852120988
2021-01-19 18:00:00,29.202785885905662,74.87036306943575,58.55379565916981
2021-01-19 19:00:00,26.135030936570498,73.80055964595607,56.825449530907456
2021-01-19 20:00:00,23.028116848231274,68.81935997272411,52.71201054237062
2021-01-19 21:00:00,20.302584460106427,60.678343429880094,46.422723949931445
2021-01-19 22:00:00,14.978973304472758,44.56313693407014,34.10075078814938
2021-01-19 23:00:00,11.18575002804596,32.12858577059054,24.47770988661521
2021-01-20 00:00:00,8.971776075872208,29.189290894148186,21.623014767559294
2021-01-20 01:00:00,7.710024785209253,28.87248611095411,20.984151973872915
2021-01-20 02:00:00,7.73709648280888,28.838355345594504,20.783459668806273
2021-01-20 03:00:00,7.72945739257451,31.328065205458195,22.4672502001732
2021-01-20 04:00:00,9.043034220996425,37.609473094370955,26.988543491587922
2021-01-20 05:00:00,11.394717459769092,45.91856288841998,33.345201049486406
2021-01-20 06:00:00,17.29050304619138,62.519397166155514,46.565975816010784
2021-01-20 07:00:00,23.066343828551755,76.93114724372656,58.07549069831553
2021-01-20 08:00:00,22.910875841614835,77.98136404488244,58.57380912958846
2021-01-20 09:00:00,17.04321752818097,67.38919856864086,49.899833597082875
2021-01-20 10:00:00,14.729171867069686,58.28014309258449,43.09885592188052
2021-01-20 11:00:00,13.549356147150098,50.67649253464814,38.1783523532993
2021-01-20 12:00:00,13.733299803060557,46.83848433104359,35.47204687573534
2021-01-20 13:00:00,14.199458398715802,44.09132580583039,33.60008504888153
2021-01-20 14:00:00,13.433964868760647,42.96589996049563,32.73525128090984
2021-01-20 15:00:00,14.209824462477545,45.88615491492106,34.91238002196444
2021-01-20 16:00:00,20.796938493382346,56.5428839577945,43.617164244819605
2021-01-20 17:00:00,26.79600710189223,68.07728037649792,53.59761718525453
2021-01-20 18:00:00,28.87305559071579,72.14191919831627,56.44374251303687
2021-01-20 19:00:00,26.376894283853172,74.35663095723065,57.07965501322017
2021-01-20 20:00:00,24.39448582147662,72.51564599808614,55.111917620968065
2021-01-20 21:00:00,19.35396669862946,60.00930700466638,45.43118377601073
2021-01-20 22:00:00,14.882010080753053,44.428858134969175,33.86708820359445
2021-01-20 23:00:00,11.42437089639269,32.82867873666748,24.8843514303223
2021-01-21 00:00:00,8.836692574623244,27.23595404308787,19.792921333235128
2021-01-21 01:00:00,7.616735969394153,25.61057322884626,18.341135666080202
2021-01-21 02:00:00,8.3955477585835,27.141083263790847,19.471176630178647
2021-01-21 03:00:00,7.721315749802416,28.124673548910415,19.819334698002535
2021-01-21 04:00:00,7.2538114322737135,28.226581381826854,19.99225057491705
2021-01-21 05:00:00,9.663753616677825,36.489850448606134,26.14431302101952
2021-01-21 06:00:00,15.552209838732407,52.14074478833645,38.36746505578895
2021-01-21 07:00:00,22.058066998150107,64.06066987009193,47.97413476730975
2021-01-21 08:00:00,21.45180862555925,61.37204506761772,46.0077177929308
2021-01-21 09:00:00,16.78886494284769,51.54804018196474,38.062806977888926
2021-01-21 10:00:00,14.437512106944546,44.79234536702583,33.1126264866371
2021-01-21 11:00:00,13.25632886254765,39.74777448607983,30.01013481796013
2021-01-21 12:00:00,13.086960511015729,37.553208464933434,28.442863044333308
2021-01-21 13:00:00,14.270325761701582,36.64393029772951,28.088141979817404
2021-01-21 14:00:00,12.805991094743174,35.205896596571876,26.637476112183936
2021-01-21 15:00:00,14.168918925677875,38.96142577118627,29.505919581236157
2021-01-21 16:00:00,20.45911217002409,48.5616660918618,37.64617522656452
2021-01-21 17:00:00,25.59335712881281,57.14072809359323,45.08041961346884
2021-01-21 18:00:00,27.85193383683973,60.17329205929169,47.116268957041214
2021-01-21 19:00:00,24.423742879630485,56.83796829558426,43.89590870348554
2021-01-21 20:00:00,21.506643873132923,52.72461225349078,40.54664985331274
2021-01-21 21:00:00,17.84892584193378,45.92177834033021,35.09128470920111
2021-01-21 22:00:00,13.08366712129477,33.429866187519195,25.600561124922827
2021-01-21 23:00:00,10.27600677175344,24.541605881398404,18.832586268137337
2021-01-22 00:00:00,7.370589593813554,18.179813772424776,13.64904072882159
2021-01-22 01:00:00,6.418527890674391,16.96738647371406,12.554968526441712
2021-01-22 02:00:00,6.205186599066078,16.95589494479019,12.433368354726058
2021-01-22 03:00:00,6.238631424850989,18.62378980263425,13.419570835547662
2021-01-22 04:00:00,6.776361547034416,21.784298607887365,15.553532904249936
2021-01-22 05:00:00,9.350939882508117,29.108677944904457,21.282616781438048
2021-01-22 06:00:00,14.13142491325719,42.22123950205916,31.155352425819274
2021-01-22 07:00:00,19.0442504206023,51.65708462187956,38.25104484849941
2021-01-22 08:00:00,20.683054212340092,51.4924211268517,39.00707997103666
2021-01-22 09:00:00,16.03142234476511,42.88749833391668,31.861055824071446
2021-01-22 10:00:00,14.30230623990894,37.43981602944481,28.01660973035652
2021-01-22 11:00:00,13.437720427263727,34.424697475305805,26.32854851934635
2021-01-22 12:00:00,13.468134961943852,33.43511144382524,25.54514416065322
2021-01-22 13:00:00,14.114021841398548,33.12106766856452,25.479794074409167
2021-01-22 14:00:00,12.801897028129705,31.727399528254896,24.16929195611718
2021-01-22 15:00:00,13.108042649148103,32.34195190172751,24.919228975606277
2021-01-22 16:00:00,18.85861739681641,40.2828910146416,31.74043089957711
2021-01-22 17:00:00,24.950204520459565,49.20880220383416,39.463695118375675
2021-01-22 18:00:00,26.8151176003519,51.758153779630824,41.11715389068261
2021-01-22 19:00:00,23.550139487634073,49.351045829898325,38.59746348514919
2021-01-22 20:00:00,20.845709263105448,46.76654175521021,36.32505972862579
2021-01-22 21:00:00,17.257216145597173,40.02596983053075,30.960525816505392
2021-01-22 22:00:00,13.076047677115856,29.878802268886822,23.0497926845582
2021-01-22 23:00:00,9.592200062450916,21.041781773785385,16.382445611589183
2021-01-23 00:00:00,8.221956395169721,17.74305739591798,13.848739522809712
2021-01-23 01:00:00,6.473634148572639,15.821313171392031,12.091596567318822
2021-01-23 02:00:00,6.509827611393226,16.124153270300134,12.22787930596257
2021-01-23 03:00:00,6.233362225655771,17.907626073748897,13.200881894356172
2021-01-23 04:00:00,6.841886745575705,20.769349791532136,15.282398512537053
2021-01-23 05:00:00,8.011831228671703,27.642477695235907,20.088016033340033
2021-01-23 06:00:00,12.462759315012718,39.85686532470158,29.738979180474733
2021-01-23 07:00:00,19.062674096770337,50.573925590003626,38.65303280196141
2021-01-23 08:00:00,20.123460610727715,49.89391314078173,38.2118994007042
2021-01-23 09:00:00,16.36320573299779,42.074855334000674,31.9285984626812
2021-01-23 10:00:00,13.38012345287538,34.46111534865932,26.565083137192033
2021-01-23 11:00:00,12.993076957296113,32.11744769089266,25.11522254063987
2021-01-23 12:00:00,12.733145361859846,30.26938396854206,23.901413288085557
2021-01-23 13:00:00,12.740302712865235,29.48613581300211,23.298552924862957
2021-01-23 14:00:00,12.232040843186928,29.32164246825305,23.175380198494178
2021-01-23 15:00:00,14.205630477558413,33.020068810273884,26.005925173941293
2021-01-23 16:00:00,18.478933472204016,39.827335462010076,31.74465227702383
2021-01-23 17:00:00,24.204380226844854,48.458277832224056,39.24774636385022
2021-01-23 18:00:00,26.342788549590644,50.977558860967044,41.3257608204473
2021-01-23 19:00:00,23.438717636785004,47.2527074414843,37.04491100934341
2021-01-23 20:00:00,19.504446868410245,42.20175669423408,33.20730113156988
2021-01-23 21:00:00,17.394467017002547,37.57697683123465,29.579509914684408
2021-01-23 22:00:00,13.091912552240057,27.758893251572207,21.812033166354567
2021-01-23 23:00:00,9.6887276434296,19.965916970187248,15.951435500842054
2021-01-24 00:00:00,7.344422740592945,13.559763447196778,10.918875832642325
2021-01-24 01:00:00,6.008545490125249,11.980710589230132,9.455006726752893
2021-01-24 02:00:00,5.739108658877165,11.95921912567128,9.261215408717884
2021-01-24 03:00:00,5.482858231941844,13.594052809532135,10.273496812042502
2021-01-24 04:00:00,6.210861633883272,16.966310056993937,12.632832871811528
2021-01-24 05:00:00,6.83022143373359,22.32308591629679,16.356543401317936
2021-01-24 06:00:00,11.49185997521667,34.79508972898982,25.927428934727583
2021-01-24 07:00:00,16.39627187204451,42.66441476634318,32.17915098327374
2021-01-24 08:00:00,18.435125394022915,41.09542718223341,31.379675202918083
2021-01-24 09:00:00,15.643219266600099,33.46663414026823,25.374584699408366
2021-01-24 10:00:00,13.180806597526507,27.43081240401515,21.553388060276227
2021-01-24 11:00:00,12.479795536891205,24.80509127742116,19.947242566644004
2021-01-24 12:00:00,12.29827470418704,24.003229347692958,19.441498147164246
2021-01-24 13:00:00,12.424291471189482,23.275889371101883,18.96902914356343
2021-01-24 14:00:00,12.421341567017468,22.95681440258985,18.74305724146931
2021-01-24 15:00:00,13.565982324595618,24.998483603059285,20.547256307057015
2021-01-24 16:00:00,17.565532039291288,31.812268015147716,26.09223882078069
2021-01-24 17:00:00,22.961067112655456,39.8856184721766,32.979180012308625
2021-01-24 18:00:00,25.35105893181793,43.72822291952456,35.63876647323532
2021-01-24 19:00:00,22.352003385000874,41.09787321093698,32.70874145717899
2021-01-24 20:00:00,18.68742429985628,37.05537729369825,29.578885730832052
2021-01-24 21:00:00,16.394750242439766,32.61954797953885,25.81427585774124
2021-01-24 22:00:00,12.805042102037085,23.995539965172604,19.224535734842753
2021-01-24 23:00:00,8.51918221188592,15.016715160309474,12.266393087717347
2021-01-25 00:00:00,6.672742615692804,12.906505828845775,10.417183269818366
2021-01-25 01:00:00,5.504771964315459,11.47947555105626,9.20413946054806
2021-01-25 02:00:00,5.265706134176076,11.411207101989575,9.024629610685217
2021-01-25 03:00:00,5.340444821951144,12.973415289509559,9.972057508931025
2021-01-25 04:00:00,5.734806889649639,15.743111159024146,11.919350206338269
2021-01-25 05:00:00,8.101178781167947,21.8140913319869,16.61851727131306
2021-01-25 06:00:00,13.1799058701308,33.452636545932776,25.260967357494916
2021-01-25 07:00:00,17.566570158096624,41.31035531995739,31.623031216814308
2021-01-25 08:00:00,17.88250575770063,40.20133001507694,31.232542056874816
2021-01-25 09:00:00,13.58834631399979,31.683093313634675,24.68745304675873
2021-01-25 10:00:00,11.972155846733454,26.69069828860597,21.127019338313133
2021-01-25 11:00:00,12.188720999396221,25.2629045952279,20.311286949750293
2021-01-25 12:00:00,11.974539026694563,24.066029823601664,19.760179408865888
2021-01-25 13:00:00,12.828139995161154,24.85387909431388,20.117631225995456
2021-01-25 14:00:00,11.795468342203822,23.980519536490977,19.408063536976176
2021-01-25 15:00:00,12.706828636240681,25.603945482271396,20.822533810373617
2021-01-25 16:00:00,18.043950161239817,33.155234296291816,26.996792814378164
2021-01-25 17:00:00,23.29731036331702,40.65810304544773,33.74620664004837
2021-01-25 18:00:00,24.4127924258215,42.59051269314668,34.90546485760101
2021-01-25 19:00:00,21.572780666467345,40.01547580618662,32.80925582399092
2021-01-25 20:00:00,19.335467900260053,37.234758965756306,30.25348210194032
2021-01-25 21:00:00,15.961483600555399,32.10275064642777,25.858163078617604
2021-01-25 22:00:00,12.17541238125074,24.342089735577645,19.581128822186425
2021-01-25 23:00:00,9.186967915030204,17.361434170236684,14.151593504684403
2021-01-26 00:00:00,6.866511283963261,14.816659269966626,11.724184126600356
2021-01-26 01:00:00,5.783429254917789,13.572957458322069,10.584229039179712
2021-01-26 02:00:00,5.552580602417986,13.543341242528758,10.418358425112473
2021-01-26 03:00:00,5.945941814401799,15.974759887245993,11.938749214938682
2021-01-26 04:00:00,6.169501801619048,18.461853847109577,13.698807882964058
2021-01-26 05:00:00,8.229297033530738,25.024116647459426,18.668578406423226
2021-01-26 06:00:00,13.346938112529145,37.49080666850963,28.36007957648615
2021-01-26 07:00:00,18.40581470496925,45.56194017880338,34.776429245211524
2021-01-26 08:00:00,18.461268914821915,42.599273867806076,32.52893286868216
2021-01-26 09:00:00,13.887618234727992,33.88142977416458,26.144882541800847
2021-01-26 10:00:00,12.57731722801132,29.29198750225041,22.766500122510127
2021-01-26 11:00:00,12.28588288845806,27.036932710857496,21.578539826717552
2021-01-26 12:00:00,12.750659767391499,26.810970467441226,21.478691155284416
2021-01-26 13:00:00,13.429409394549166,27.33239421564703,21.86740851575694
2021-01-26 14:00:00,12.209677129545888,26.211498063284864,20.86307717216509
2021-01-26 15:00:00,13.257068603170502,28.439279685651467,22.726831415170178
2021-01-26 16:00:00,18.515949715656422,35.975118631073755,29.226613526159177
2021-01-26 17:00:00,23.73228837495036,43.12467180903671,35.57677694118434
2021-01-26 18:00:00,25.64147390368219,45.64146812941311,36.97949115978645
2021-01-26 19:00:00,21.93364368156155,41.801531104917515,33.990819957538356
2021-01-26 20:00:00,19.29492845175281,38.46398756378271,31.082138140041216
2021-01-26 21:00:00,15.829915875715562,32.4935759781758,26.151464865211878
2021-01-26 22:00:00,11.793823581140744,23.56973039286939,19.09482982009365
2021-01-26 23:00:00,8.901977671607906,16.718362144584603,13.550476602941886
2021-01-27 00:00:00,6.526686138488785,11.987352885796586,9.874338782741141
2021-01-27 01:00:00,5.459868303664443,10.737804877036334,8.765041756759388
2021-01-27 02:00:00,5.1340183503677395,10.697369039503604,8.618079856814553
2021-01-27 03:00:00,5.412955255879935,12.844384399377105,10.022166884922104
2021-01-27 04:00:00,5.931995345146523,15.9056359677359,12.138198463850587
2021-01-27 05:00:00,7.5982031143345194,22.051642812670103,16.73838705559831
2021-01-27 06:00:00,12.152071594380313,34.09320791326091,25.797063963840266
2021-01-27 07:00:00,16.3691488360986,41.02746613274037,31.42554084017119
2021-01-27 08:00:00,16.865727847259695,38.336993988819785,29.747436376964366
2021-01-27 09:00:00,13.952783956906313,30.792030070678397,24.260972626324655
2021-01-27 10:00:00,12.532199636408151,26.121178079679243,20.804209200918226
2021-01-27 11:00:00,12.128913061195888,23.884323314358333,19.492094491594145
2021-01-27 12:00:00,12.516934826343835,23.647991594233915,19.331076045583288
2021-01-27 13:00:00,12.807746011017155,23.127635406453837,19.06315828628243
2021-01-27 14:00:00,12.058635164779982,22.108316407007322,18.166355947723314
2021-01-27 15:00:00,13.224469019754792,24.130268981456073,19.973896364166862
2021-01-27 16:00:00,17.895416342291202,31.44589076815977,26.150397591814766
2021-01-27 17:00:00,23.44500553203593,40.28932103529624,33.73751560080281
2021-01-27 18:00:00,25.519855580924094,44.375400780094324,36.5019063542319
2021-01-27 19:00:00,22.096478430298376,41.45155073371568,33.85209380655652
2021-01-27 20:00:00,19.538305204177284,38.79836053333252,31.47023994118195
2021-01-27 21:00:00,16.26464451340168,33.43562660361146,26.90535895159665
2021-01-27 22:00:00,12.156390546791688,24.108430444124348,19.56446607767913
2021-01-27 23:00:00,8.927415069868413,15.992571598932328,13.156164218912735
2021-01-28 00:00:00,6.904841782129635,15.84042521186171,12.641735414176141
2021-01-28 01:00:00,5.860593119767688,14.796657362783108,11.652446250911678
2021-01-28 02:00:00,5.711685790315035,15.103217410498559,11.703784859976475
2021-01-28 03:00:00,6.116522807237129,17.376916084561028,13.155487549359481
2021-01-28 04:00:00,6.314980112514661,20.342456111893256,15.292784457097822
2021-01-28 05:00:00,8.746438751179642,27.499295539821397,20.89276660544229
2021-01-28 06:00:00,14.091189478464326,41.24295759635772,31.766418823745582
2021-01-28 07:00:00,19.405538393269953,50.92983831105194,39.510445824745084
2021-01-28 08:00:00,21.032867950308166,51.46193050165295,40.407939571101224
2021-01-28 09:00:00,14.363192289762823,40.25344687842201,31.269680920196162
2021-01-28 10:00:00,12.64072463891919,33.170508411055906,26.107264611176493
2021-01-28 11:00:00,12.337206742917227,30.451243633276857,24.515906687363014
2021-01-28 12:00:00,12.68611678583714,29.50205890276622,23.75325916124535
2021-01-28 13:00:00,12.950674920786161,29.057123607780934,23.374485572353663
2021-01-28 14:00:00,11.5445642814807,27.779929202178526,22.352231343420854
2021-01-28 15:00:00,12.9995323072341,30.710333071081553,24.76824003234841
2021-01-28 16:00:00,18.94882952350399,38.86414970842692,31.66841167891288
2021-01-28 17:00:00,24.18738805235319,46.61009021366407,38.44574460899451
2021-01-28 18:00:00,25.632277430169097,48.268117212995854,39.521849544530504
2021-01-28 19:00:00,22.138781726708668,44.08582866845115,36.13767416406118
2021-01-28 20:00:00,19.79008044227868,40.898407289700486,33.364616435839665
2021-01-28 21:00:00,16.016870615839014,34.048163458699975,27.72698384968515
2021-01-28 22:00:00,12.073079548159008,25.05767551264764,20.498582626478864
2021-01-28 23:00:00,8.954294646822246,18.194494665448957,14.887992906694173
2021-01-29 00:00:00,6.559958079675435,12.460865841995398,10.111739170069916
2021-01-29 01:00:00,5.493335970888315,11.128114597797664,8.994287713403182
2021-01-29 02:00:00,5.254430249652063,11.158504916221128,8.889355695762642
2021-01-29 03:00:00,5.302106618044901,13.118601131508703,10.129087664823889
2021-01-29 04:00:00,5.78139484209761,16.33835910268323,12.32304602918976
2021-01-29 05:00:00,7.712409593262861,22.824622473501154,17.28297383520952
2021-01-29 06:00:00,12.315087522533188,35.25664614500529,26.584157187931638
2021-01-29 07:00:00,17.298062099329304,42.92052348712788,32.57614642761573
2021-01-29 08:00:00,17.898501766946247,40.07098463076677,30.876622917759022
2021-01-29 09:00:00,14.025302802517713,31.7900152128154,24.761946015643165
2021-01-29 10:00:00,12.28821209973281,26.403784006006262,20.99274721895861
2021-01-29 11:00:00,12.605797975997906,24.85206761712092,20.08627863534337
2021-01-29 12:00:00,12.45381254246193,24.048541737181925,19.623541045338673
2021-01-29 13:00:00,13.23113243096249,24.01332807291605,19.706323464797247
2021-01-29 14:00:00,11.9922831987865,22.556329815343286,18.424935819507017
2021-01-29 15:00:00,13.175791767239366,24.500821222062207,20.139724446985067
2021-01-29 16:00:00,18.257654247736546,32.45650390435307,26.938483392154165
2021-01-29 17:00:00,23.05278299771317,39.81879361601475,33.26031587219
2021-01-29 18:00:00,24.701675022342354,42.79725831752434,35.13664574615933
2021-01-29 19:00:00,21.44235412303181,39.73359678700694,32.633800265976326
2021-01-29 20:00:00,19.12703590169357,37.04812958507608,30.158923729635266
2021-01-29 21:00:00,15.663075491526321,31.638151859031876,25.533335254723486
2021-01-29 22:00:00,11.822680956874539,22.77459777304576,18.57013654542561
2021-01-29 23:00:00,8.621115459599515,15.019544867447987,12.436575698327534
2021-01-30 00:00:00,7.39013127702092,14.7825149280686,12.07214676219967
2021-01-30 01:00:00,5.823358977087569,12.98885986278509,10.435250213714395
2021-01-30 02:00:00,5.24771610385924,12.569692159096002,10.1222223931789
2021-01-30 03:00:00,5.368546156789677,14.169497515710844,11.135817692379094
2021-01-30 04:00:00,5.9778103897249215,16.736989305963025,13.049651558013764
2021-01-30 05:00:00,6.94731144517627,21.418397677707414,16.560880217422902
2021-01-30 06:00:00,11.021701960704876,31.280581485566163,24.547847393219904
2021-01-30 07:00:00,16.73634606302711,40.7034142366827,32.38973194347179
2021-01-30 08:00:00,18.095126239111064,41.60233350386103,32.932013620484376
2021-01-30 09:00:00,15.480234598149572,36.5561702860904,28.702127022672784
2021-01-30 10:00:00,13.287692190675415,31.90601217914112,25.502993792876296
2021-01-30 11:00:00,12.882615992008432,30.03923385519248,24.280692380971583
2021-01-30 12:00:00,12.16612141727842,28.797722875116555,23.420602854263805
2021-01-30 13:00:00,12.325621865201189,28.55306323654022,23.3305343609376
2021-01-30 14:00:00,12.049496837340547,28.35614421586147,23.025304030246126
2021-01-30 15:00:00,13.202373844777547,30.66478018282054,25.09140021619813
2021-01-30 16:00:00,18.449031926638405,38.14658235957068,31.34076392800673
2021-01-30 17:00:00,23.966205680862455,46.00878104577357,38.48086754671149
2021-01-30 18:00:00,26.347901574972006,49.15282798279546,40.71228784545169
2021-01-30 19:00:00,23.044539185754818,45.56708819167827,36.87671387941793
2021-01-30 20:00:00,19.83542759950188,41.76694983919246,33.967911266221854
2021-01-30 21:00:00,17.370123672647235,36.572717819558854,29.605503313795865
2021-01-30 22:00:00,12.978742041400753,27.0203244216454,21.92272777320662
2021-01-30 23:00:00,9.324397898017287,19.470593140233937,15.841424887889904
2021-01-31 00:00:00,7.345469145849952,15.715046475319694,12.402496118102578
2021-01-31 01:00:00,6.194346370058401,14.122302371301465,11.045841707112228
2021-01-31 02:00:00,6.051014689819529,14.284973271699808,10.940546686503993
2021-01-31 03:00:00,5.822184415705255,15.718443547320032,11.806112856974003
2021-01-31 04:00:00,6.3830264018845755,18.66459376375806,13.901606604655843
2021-01-31 05:00:00,7.243950840820612,23.612839050796232,17.53256348594312
2021-01-31 06:00:00,12.096712942005205,36.146343542613835,27.33907877808917
2021-01-31 07:00:00,17.75093878203839,45.568346878557456,35.06207999734542
2021-01-31 08:00:00,18.69516151232405,43.80584661024435,33.88106800173789
2021-01-31 09:00:00,16.06242463400731,36.924602640976346,28.47681885228696
2021-01-31 10:00:00,14.113354135029264,31.284359552926116,24.572086211862636
2021-01-31 11:00:00,13.068509306428188,27.85139129997171,22.129218511780547
2021-01-31 12:00:00,12.395015061294448,25.487016749211634,20.66478816981931
2021-01-31 13:00:00,12.339402551745602,24.742067000111103,20.183437532519402
2021-01-31 14:00:00,12.500643368624456,24.95384865418794,20.318911606931245
2021-01-31 15:00:00,13.567695352080014,27.03158125530385,21.918769786740373
2021-01-31 16:00:00,18.061997906897343,33.64579935767575,27.70450755540309
2021-01-31 17:00:00,22.86850987244972,40.34309095739765,33.613072021063374
2021-01-31 18:00:00,25.0406416599959,43.17182743976565,35.440583427602284
2021-01-31 19:00:00,21.53708389874744,39.54505889192816,32.04465411291626
2021-01-31 20:00:00,18.351554261986752,35.774412705222396,29.062750713854015
2021-01-31 21:00:00,16.32217107398394,31.55894542383304,25.407162018275006
2021-01-31 22:00:00,12.006623927406963,22.80853360619562,18.517392301010265
2021-01-31 23:00:00,8.744091806148793,16.024922078723204,13.16322433188614
2021-02-01 00:00:00,6.658597391950533,10.940146533387436,9.089916646684367
2021-02-01 01:00:00,5.450196287053169,9.661026591661768,7.987168553674687
2021-02-01 02:00:00,5.133064424256465,9.609068748948598,7.82560401046504
2021-02-01 03:00:00,5.162429375491507,11.133500953341786,8.764759372589776
2021-02-01 04:00:00,5.596985670921074,13.579676913910541,10.500085558893234
2021-02-01 05:00:00,7.357935843855241,18.991237498456197,14.521622522952349
2021-02-01 06:00:00,11.500620453197962,29.104864316507573,22.276998980388065
2021-02-01 07:00:00,14.556559940945943,34.40656191689273,26.652766087101647
2021-02-01 08:00:00,16.53298387716441,33.98694719111856,26.736004595737114
2021-02-01 09:00:00,13.874685633246248,27.614052075230155,21.970462861877166
2021-02-01 10:00:00,11.718835726336163,22.712926255316965,18.46295797614494
2021-02-01 11:00:00,11.743486945267023,21.290689892742186,17.688479308658746
2021-02-01 12:00:00,11.700510628972413,20.58291782395686,17.277061361796793
2021-02-01 13:00:00,11.61619465875548,19.852741089702842,16.835840335476735
2021-02-01 14:00:00,10.754910855490687,18.680459550281196,15.80583749296771
2021-02-01 15:00:00,12.283004902639222,20.885793809725175,17.668595470374882
2021-02-01 16:00:00,17.592398527785736,28.31812379096117,23.6997904558349
2021-02-01 17:00:00,22.32153188192119,35.10979767968883,29.788938594289295
2021-02-01 18:00:00,23.821196242823778,37.6172021035451,31.609488907799577
2021-02-01 19:00:00,21.070366755747074,35.21525008569894,29.41474848076238
2021-02-01 20:00:00,18.520599148953636,32.79159644690865,27.079509585441215
2021-02-01 21:00:00,15.464786479399683,28.33713072954326,23.194988045388474
2021-02-01 22:00:00,11.556439294775332,20.494031605877247,16.909410430422675
2021-02-01 23:00:00,8.666712137924943,13.959060261020214,11.744842602566829
2021-02-02 00:00:00,6.613214288776594,12.983804309984526,10.491808570771594
2021-02-02 01:00:00,5.556290682707684,11.729245239768394,9.375023204266967
2021-02-02 02:00:00,5.293593722425591,11.658191019784192,9.200517935136883
2021-02-02 03:00:00,5.357247499467555,12.795905568815185,9.87693188734655
2021-02-02 04:00:00,5.6668967027196855,14.786049855908471,11.280829352626021
2021-02-02 05:00:00,7.703317851570742,19.74040863188407,15.195721001493869
2021-02-02 06:00:00,11.788403863544872,28.485732933481955,22.03142888991843
2021-02-02 07:00:00,16.02799672132753,35.48070644485159,27.81520744590627
2021-02-02 08:00:00,17.00814899970524,35.510623415078015,27.930053980562782
2021-02-02 09:00:00,13.755150416055434,30.50158077248816,23.827574483613816
2021-02-02 10:00:00,11.94150532869416,26.51286942332076,21.05223502491569
2021-02-02 11:00:00,11.567433498701222,24.959353658053796,20.1839809822236
2021-02-02 12:00:00,11.652288069340601,24.4012003363479,19.85356216922595
2021-02-02 13:00:00,11.754020978981533,24.89870756704474,20.19464930958702
2021-02-02 14:00:00,11.017116812685977,23.707324177343143,19.190353672409916
2021-02-02 15:00:00,12.449129468274217,26.379741967510487,21.407827468272433
2021-02-02 16:00:00,18.188931970735506,34.010378924344565,27.691419010583886
2021-02-02 17:00:00,22.98950501242581,40.43819622047087,33.56978313218137
2021-02-02 18:00:00,25.19112320366328,43.18788447105555,35.551795664028155
2021-02-02 19:00:00,21.78124639362529,39.988079046671515,32.854587954145735
2021-02-02 20:00:00,19.54561100670545,37.37325577177046,30.35837709142818
2021-02-02 21:00:00,16.020223975413543,31.81904199849109,25.70426120009256
2021-02-02 22:00:00,12.089068251277524,23.643384310972383,19.082853665687743
2021-02-02 23:00:00,9.116952505063413,17.41561910212383,14.04117168043425
2021-02-03 00:00:00,7.239864468099304,15.46259673564844,12.163317551646239
2021-02-03 01:00:00,6.032355015051322,14.05342025986778,10.858366235418524
2021-02-03 02:00:00,5.871462617270388,14.299237431173394,10.804099177285837
2021-02-03 03:00:00,5.909006709941861,15.674111489558177,11.658794645113238
2021-02-03 04:00:00,6.398486724971249,18.635296249172818,13.68230495174498
2021-02-03 05:00:00,7.990243724566511,24.197118030937805,17.887464357644983
2021-02-03 06:00:00,12.836575742883431,35.38677973767101,26.750801925956246
2021-02-03 07:00:00,17.779569204430917,43.723666022381614,33.63101997742375
2021-02-03 08:00:00,18.030367901461613,42.547431190377814,33.23150584400756
2021-02-03 09:00:00,13.957166028992791,34.87841816331399,26.85371009992181
2021-02-03 10:00:00,12.004596365967792,29.54152865453156,23.003334422467674
2021-02-03 11:00:00,11.433471581988742,27.298701680051355,21.72491220996482
2021-02-03 12:00:00,12.003757157147707,27.24313974197097,21.802120625422443
2021-02-03 13:00:00,12.312032720322879,26.818344463089304,21.45461806478935
2021-02-03 14:00:00,11.61930634901167,26.017245599790936,20.696760300488812
2021-02-03 15:00:00,12.614354331947718,28.081959001560815,22.360946627242402
2021-02-03 16:00:00,18.16322296550019,35.45693146589047,28.536722485499528
2021-02-03 17:00:00,23.41928786420707,42.42700784352468,34.95783347787777
2021-02-03 18:00:00,25.242293160530153,45.08858993053523,36.52157571840674
2021-02-03 19:00:00,22.18297418574258,42.02112582782121,34.05592482972542
2021-02-03 20:00:00,19.5201559336755,39.19086773747685,31.43693900350046
2021-02-03 21:00:00,16.344776798780064,34.10373107923038,27.13569363622283
2021-02-03 22:00:00,12.273277653130556,25.339846653134053,20.189283921418077
2021-02-03 23:00:00,9.196011633532624,18.43742915534132,14.593429325746289
2021-02-04 00:00:00,7.492018915997625,14.292725404534579,11.17489734108075
2021-02-04 01:00:00,6.0749762754889725,12.436221266682281,9.589357891619343
2021-02-04 02:00:00,5.832215959559382,12.335795445436213,9.3686491744468
2021-02-04 03:00:00,5.753155832067323,13.468717468259534,10.038016875126845
2021-02-04 04:00:00,6.105518738822197,15.52877658100067,11.502952013094813
2021-02-04 05:00:00,7.897744725635884,20.45249920384411,15.208128674828158
2021-02-04 06:00:00,12.37509306573668,30.536868216616377,23.002337368204717
2021-02-04 07:00:00,16.169845839681702,36.6044268373736,27.93785998936297
2021-02-04 08:00:00,17.47560213879745,36.27756990121593,28.138502446734485
2021-02-04 09:00:00,13.495883733579113,28.887454633761777,22.350222168158194
2021-02-04 10:00:00,12.071462599659537,24.673700777932847,19.458701255958932
2021-02-04 11:00:00,11.736203927389234,22.86761222326723,18.52071101880793
2021-02-04 12:00:00,11.607347915565484,21.875301842611595,17.941683926299863
2021-02-04 13:00:00,11.646744141210933,21.52294838421169,17.70889682820218
2021-02-04 14:00:00,10.93474161344107,21.001041204694914,17.182385765472457
2021-02-04 15:00:00,12.079924653076427,23.06430330766031,18.863599042239574
2021-02-04 16:00:00,17.470365191110826,30.231267284678854,24.942440532396073
2021-02-04 17:00:00,22.721167935470827,37.25742276090682,30.963212977912875
2021-02-04 18:00:00,24.192178370255327,39.5947589301873,32.44356824381724
2021-02-04 19:00:00,21.329588389162108,36.9019458071046,30.36057790599811
2021-02-04 20:00:00,18.644424500769404,33.74961869214632,27.395830227994303
2021-02-04 21:00:00,15.20757999035716,28.37542904135562,22.962104040968956
2021-02-04 22:00:00,11.495702395688056,20.833193639437095,16.976192953298533
2021-02-04 23:00:00,8.421121387450423,14.641565937505513,11.972131775721309
2021-02-05 00:00:00,6.648518437747404,12.078486444243566,9.785118084965896
2021-02-05 01:00:00,5.566218625048203,10.816584969695867,8.68954904024427
2021-02-05 02:00:00,5.350117485585616,10.985367682691347,8.62440106083198
2021-02-05 03:00:00,5.289357683055105,11.992471370264434,9.2300510102491
2021-02-05 04:00:00,6.083762945763517,14.498800415392443,11.048371773628228
2021-02-05 05:00:00,7.238627112560963,18.729710605920022,14.216620869308114
2021-02-05 06:00:00,11.796246745008792,28.88920665752285,21.914810360262894
2021-02-05 07:00:00,15.41354053047619,35.18980679799399,27.106588434067977
2021-02-05 08:00:00,16.303500906583086,34.38903268443186,26.645448516731385
2021-02-05 09:00:00,13.306580456353817,28.57527857363842,22.306964758271135
2021-02-05 10:00:00,12.007805185567673,24.741079634976288,19.706073724506936
2021-02-05 11:00:00,11.631470008739088,23.050516066004406,18.655652565042327
2021-02-05 12:00:00,12.021771351614767,23.010775919765535,18.78259250030617
2021-02-05 13:00:00,12.48403860853858,22.957511390043333,18.81673059655175
2021-02-05 14:00:00,11.393851006000077,22.102150900865606,17.876026144860504
2021-02-05 15:00:00,12.352911894570772,24.001775024901345,19.611153361664815
2021-02-05 16:00:00,17.784767828425284,31.355966359919577,25.61868394513019
2021-02-05 17:00:00,23.138682310789093,38.36423681566185,32.05640054333859
2021-02-05 18:00:00,24.614765969301644,40.65323968968227,33.44686830031238
2021-02-05 19:00:00,21.2987182760572,37.22394306525242,30.59099812273667
2021-02-05 20:00:00,18.637768228490017,34.086589513521524,27.75922581986926
2021-02-05 21:00:00,15.581456130763215,29.049212022676432,23.53559991604151
2021-02-05 22:00:00,11.672870220582848,21.193580432610243,17.250963709846555
2021-02-05 23:00:00,8.297853512162947,14.601546180686189,11.977948136767285
2021-02-06 00:00:00,6.969968105410744,12.650322738469061,10.163566981489133
2021-02-06 01:00:00,5.704044596089169,11.19726294502438,8.963384710220032
2021-02-06 02:00:00,5.331482286933222,10.997998537046476,8.668169572688814
2021-02-06 03:00:00,5.315248700138165,12.09727091640474,9.335527925854544
2021-02-06 04:00:00,5.961422056562331,14.475787100478776,11.002567220984881
2021-02-06 05:00:00,6.859414138992541,18.486362010187303,13.94240758291739
2021-02-06 06:00:00,10.671573689627207,27.86018085316913,21.26295915674074
2021-02-06 07:00:00,15.912236376105298,36.04603412708686,27.775332528128384
2021-02-06 08:00:00,16.844201167137783,35.08672013554163,27.187739093962282
2021-02-06 09:00:00,14.2712906701583,29.624985631368336,23.00818192471838
2021-02-06 10:00:00,13.085487384025262,25.968153078079293,20.50310985029886
2021-02-06 11:00:00,12.35037846618782,23.762886391371854,19.273678567120548
2021-02-06 12:00:00,12.026487524031038,22.7777351116051,18.630341523795565
2021-02-06 13:00:00,11.734539923235547,22.044176261075346,18.073625976865305
2021-02-06 14:00:00,11.791277174558862,22.20448895638884,18.156154241146783
2021-02-06 15:00:00,12.968126548599301,24.262077190358777,19.913079028962528
2021-02-06 16:00:00,17.312215871184893,30.43145365607256,25.248803601267564
2021-02-06 17:00:00,22.47669632095835,37.878818122619215,31.6504566362139
2021-02-06 18:00:00,24.31651572072362,40.10488443707936,33.34908379045164
2021-02-06 19:00:00,21.32069209108224,37.28503177583257,30.427058131873814
2021-02-06 20:00:00,18.245525191722376,34.01857063423874,27.63518810942761
2021-02-06 21:00:00,16.013515913808437,29.722269219700443,23.980338277586046
2021-02-06 22:00:00,11.983413218149586,21.733475838696027,17.585864251137398
2021-02-06 23:00:00,8.985597013251278,16.190351396105477,13.021400061167363
2021-02-07 00:00:00,7.2451468649570385,14.44077134591066,11.317920681702603
2021-02-07 01:00:00,6.142016638192602,13.137722751802766,10.18555220932629
2021-02-07 02:00:00,5.7418638224496465,12.780608705230582,9.798929220392463
2021-02-07 03:00:00,5.901993044392378,14.029682111535218,10.55323525290539
2021-02-07 04:00:00,6.37273523569952,16.3692291980544,12.15928623840523
2021-02-07 05:00:00,7.342381197870202,20.6209267160126,15.293160690820851
2021-02-07 06:00:00,11.984297338207584,30.86448266569984,23.504222615359524
2021-02-07 07:00:00,16.41954376585229,38.54953261881214,29.777186513846566
2021-02-07 08:00:00,17.02196836803295,37.80900110766156,29.399552303299345
2021-02-07 09:00:00,14.35351811787112,32.14859285863405,24.709397453898735
2021-02-07 10:00:00,12.706897310862333,27.765306739035104,21.910957216879964
2021-02-07 11:00:00,11.862102838067345,25.531355558578806,20.439251228158785
2021-02-07 12:00:00,11.799196603726022,24.652787742259854,19.918719819580573
2021-02-07 13:00:00,11.522497676066205,23.985491815683062,19.417632843817945
2021-02-07 14:00:00,11.73407322715444,24.56801177491526,19.78292967446409
2021-02-07 15:00:00,12.87991029596664,26.626451651428088,21.498251476970538
2021-02-07 16:00:00,17.52552865671012,33.13845762256115,26.930733189737474
2021-02-07 17:00:00,22.504730735712492,40.09598920227166,33.17152052154663
2021-02-07 18:00:00,24.793361523259023,42.771803813148246,35.30801170072578
2021-02-07 19:00:00,21.5341197660089,38.90721983842519,31.43461548114931
2021-02-07 20:00:00,18.413400490686012,34.95953990005114,28.35023194642303
2021-02-07 21:00:00,16.028441884357704,30.160699996003576,24.358789060787675
2021-02-07 22:00:00,12.202945723215581,22.10672440424863,17.813150255473424
2021-02-07 23:00:00,8.464226710524386,15.4705851224059,12.531864685866696
2021-02-08 00:00:00,7.014296747342802,13.616933828990165,10.809803116524343
2021-02-08 01:00:00,5.713485838015878,12.072501858712046,9.495037150069516
2021-02-08 02:00:00,5.433707881533727,11.950294469519031,9.280384384832029
2021-02-08 03:00:00,5.614042561400478,13.373511868502414,10.121544773925349
2021-02-08 04:00:00,5.812648828970784,15.093204125523966,11.366438797441308
2021-02-08 05:00:00,7.502005864209686,19.90524462055595,14.939679487645686
2021-02-08 06:00:00,11.759608269213555,29.450766269012224,22.437662462073373
2021-02-08 07:00:00,15.799964513265948,36.40964293389047,28.041430563367438
2021-02-08 08:00:00,16.897827562845386,36.43855206685825,28.43841807746604
2021-02-08 09:00:00,13.198989336545914,30.241123844266866,23.543057504632664
2021-02-08 10:00:00,12.396380792186509,27.17891037978537,21.54685098639837
2021-02-08 11:00:00,11.82347691418695,25.242934460903516,20.03715131942114
2021-02-08 12:00:00,11.733682048506168,24.5086918134735,19.78226314240201
2021-02-08 13:00:00,11.784384448241395,24.17115556780834,19.572773240453998
2021-02-08 14:00:00,11.133740106027709,23.772137831074417,19.11353082675277
2021-02-08 15:00:00,12.490003703078672,26.15246704294497,21.0690461650015
2021-02-08 16:00:00,18.242763199852487,34.09668444089643,27.398296114273577
2021-02-08 17:00:00,23.333889382362337,40.2930323599884,33.38881969709598
2021-02-08 18:00:00,24.342485302255422,41.309259431098326,33.84199580699013
2021-02-08 19:00:00,21.337340893538364,38.08547198290031,31.296043131963824
2021-02-08 20:00:00,19.2032570017463,36.10840005162878,29.21428231765868
2021-02-08 21:00:00,15.946067856247543,30.97260689569441,24.93320331656236
2021-02-08 22:00:00,11.858553072794278,22.84861667818474,18.391440251756254
2021-02-08 23:00:00,8.814324868644572,16.636264718190183,13.346340398269298
2021-02-09 00:00:00,7.003652714115717,15.3526419717706,11.920625316230934
2021-02-09 01:00:00,6.129887018708672,14.350063707217545,10.957700154318625
2021-02-09 02:00:00,5.805488455562839,14.206642732109186,10.713471018904913
2021-02-09 03:00:00,5.899644831681913,15.694527596226179,11.623534924085774
2021-02-09 04:00:00,6.269247273857397,18.28269319860133,13.40441568061449
2021-02-09 05:00:00,7.861469492219113,23.52809660259395,17.390055393929003
2021-02-09 06:00:00,12.835409268513008,34.429809009955456,26.079277138324553
2021-02-09 07:00:00,17.363990509985083,42.59532552045919,32.462506745182374
2021-02-09 08:00:00,17.766182143842187,42.055954532342284,32.383387850201196
2021-02-09 09:00:00,14.675403846619808,36.384074049792616,27.613597259016416
2021-02-09 10:00:00,13.066703012162675,31.891336699339302,24.496957456827566
2021-02-09 11:00:00,12.121823904029583,29.415047737003952,22.974499248885312
2021-02-09 12:00:00,12.263919343317646,28.822345216886443,22.70960653658002
2021-02-09 13:00:00,12.376055892021663,27.848950300643832,22.1215340176596
2021-02-09 14:00:00,11.582420546921577,27.22682590582625,21.375496833605848
2021-02-09 15:00:00,12.724010839697545,29.89646957926287,23.519513758841633
2021-02-09 16:00:00,18.613886957413293,37.86644087118574,30.079092829099938
2021-02-09 17:00:00,23.602587889296885,45.01649556042281,36.59417816747605
2021-02-09 18:00:00,26.28935701170761,48.511235580090826,38.93983129038628
2021-02-09 19:00:00,22.465076474923894,44.27670412455137,35.4889746219242
2021-02-09 20:00:00,19.796884393398624,41.165058589491444,32.64474822371562
2021-02-09 21:00:00,16.415958551311995,35.12495995782801,27.721898026801657
2021-02-09 22:00:00,12.556644873760778,26.363971505055993,20.85139810005146
2021-02-09 23:00:00,9.146719204122466,18.733617771920166,14.760094020203015
2021-02-10 00:00:00,7.49448448525227,16.08210284321914,12.371333959327988
2021-02-10 01:00:00,6.152370965232922,14.351049957083644,10.865225738907224
2021-02-10 02:00:00,6.103597802913925,14.74559831225332,10.957485060376218
2021-02-10 03:00:00,5.9268323385879444,15.665915354287801,11.507181465611637
2021-02-10 04:00:00,6.4494312525482345,18.58091520740793,13.455859755698464
2021-02-10 05:00:00,8.234345804935902,24.351885001153775,17.7566299302268
2021-02-10 06:00:00,12.718882582103728,35.14253104664426,26.250840969027553
2021-02-10 07:00:00,17.14392197760532,42.940749427599954,32.47516239877162
2021-02-10 08:00:00,17.513934591814397,42.34741284532059,32.47508165164582
2021-02-10 09:00:00,13.841617520781037,35.293765833092216,26.70469083036867
2021-02-10 10:00:00,12.427916862875417,30.97248053283005,23.63808501761966
2021-02-10 11:00:00,12.272536286994379,29.414207107960138,22.886268013097993
2021-02-10 12:00:00,12.543025034103469,28.754995674860925,22.360240484011435
2021-02-10 13:00:00,12.461047018933215,28.036659673357324,22.021104988528162
2021-02-10 14:00:00,11.804858914674755,27.748905330905025,21.72351766408092
2021-02-10 15:00:00,12.588252055635177,29.50533061238842,23.15232311599767
2021-02-10 16:00:00,17.72550631423379,36.51842217947819,28.860173051292165
2021-02-10 17:00:00,23.895562046612792,44.67232052372923,36.07255930930233
2021-02-10 18:00:00,25.87845796418725,48.11084150806183,38.36245489941287
2021-02-10 19:00:00,22.891573715271313,45.879175431730694,36.396984040024066
2021-02-10 20:00:00,20.324347006362693,42.98434870089972,33.64357491850806
2021-02-10 21:00:00,17.047174926517727,37.37889722969355,29.092060720587597
2021-02-10 22:00:00,13.3809382732522,28.52025842531304,22.16148158895295
2021-02-10 23:00:00,9.832022675428908,20.699897638060897,15.973597411282908
2021-02-11 00:00:00,7.872816920809631,20.450961969044634,15.12533554235616
2021-02-11 01:00:00,7.198360946205145,20.788162097222965,14.951951725982918
2021-02-11 02:00:00,6.90024525547307,20.683970595558232,14.749818199239876
2021-02-11 03:00:00,7.158252628915608,22.468257163658034,15.918303288492467
2021-02-11 04:00:00,7.488575837446763,25.60195392186493,18.0360994077959
2021-02-11 05:00:00,9.11872979229872,31.84153080668731,22.63701871618432
2021-02-11 06:00:00,14.526657979461772,44.86053407539327,32.87574733279695
2021-02-11 07:00:00,20.5433244597014,55.83181376507538,41.632864072127354
2021-02-11 08:00:00,19.769551528656322,55.106811075213855,41.2634911510076
2021-02-11 09:00:00,14.87830512066658,47.05882920032807,34.52588321828981
2021-02-11 10:00:00,12.596948253097557,37.575882244815446,27.884152104653722
2021-02-11 11:00:00,11.939492902158625,33.4561240118354,25.404358987003533
2021-02-11 12:00:00,11.892099670160166,30.9213483794954,23.783159685963373
2021-02-11 13:00:00,12.457039189794493,30.818462881578853,23.763256152353623
2021-02-11 14:00:00,11.522445179770543,30.11608789358859,23.090239986402494
2021-02-11 15:00:00,12.552392520491075,32.15955327899492,24.7794021744292
2021-02-11 16:00:00,18.104117825500353,39.9762043349277,31.204282378513795
2021-02-11 17:00:00,24.306832630098015,48.99520658356142,38.76942817943106
2021-02-11 18:00:00,25.514321194345143,50.67710979081429,39.83091079202959
2021-02-11 19:00:00,22.94406567821395,48.32357788859158,37.897132922722605
2021-02-11 20:00:00,21.18096162542705,46.95345035599544,36.35252089924018
2021-02-11 21:00:00,17.009401089548252,39.63261152992806,30.467186744736416
2021-02-11 22:00:00,12.911020796310382,30.315707878868444,23.239254794277986
2021-02-11 23:00:00,9.425737829514421,22.159103636022426,16.856877519866895
2021-02-12 00:00:00,7.616659243741494,18.2700025818431,13.616784127761306
2021-02-12 01:00:00,6.691665063428989,17.466713818330483,12.708063462272902
2021-02-12 02:00:00,6.265149571855766,16.84391462926978,12.16177864715233
2021-02-12 03:00:00,6.642328524326357,18.581398836509518,13.291748136425369
2021-02-12 04:00:00,6.882825868790607,21.047397983104805,14.935201364896704
2021-02-12 05:00:00,8.593283421473608,27.270546309744592,19.434710067540955
2021-02-12 06:00:00,13.628758612774597,39.499918976166725,28.76733856490048
2021-02-12 07:00:00,18.358832075914545,48.520774386103824,35.71459313593143
2021-02-12 08:00:00,18.25140201059882,47.10053327602069,35.31543093449381
2021-02-12 09:00:00,14.238364929079149,39.44120157298519,29.129171883529068
2021-02-12 10:00:00,12.466578007832958,33.22609396632879,24.721173670549668
2021-02-12 11:00:00,12.313207303957153,31.183364661134654,23.745877373253506
2021-02-12 12:00:00,12.743267454847256,30.781270684188563,23.601784632970165
2021-02-12 13:00:00,12.763576050641879,29.990876758418963,23.038631920990557
2021-02-12 14:00:00,12.37928446056223,30.221830896115144,22.949069360692654
2021-02-12 15:00:00,13.224293857138072,32.490850080827016,24.721597270257927
2021-02-12 16:00:00,18.563090554363594,39.94744612225879,30.984180243855167
2021-02-12 17:00:00,23.947051504552316,47.38333029670324,37.608215486405086
2021-02-12 18:00:00,25.74638706462936,49.831627799672546,39.14488403178235
2021-02-12 19:00:00,22.96219140933147,46.66509130925138,36.44082232862778
2021-02-12 20:00:00,20.068913601169022,43.0954034407786,33.340357050981524
2021-02-12 21:00:00,16.64424138625685,37.09053784839919,28.56246403343544
2021-02-12 22:00:00,12.812525281911181,28.573727694767673,21.94830385556496
2021-02-12 23:00:00,9.635195324737634,20.89464822811322,16.04465795847737
2021-02-13 00:00:00,7.826452975829214,19.1696618433937,14.2314973400129
2021-02-13 01:00:00,6.855695873759095,18.580335099837324,13.367685135959134
2021-02-13 02:00:00,6.692610338444271,18.746085836767254,13.350855396610344
2021-02-13 03:00:00,6.322962399459838,19.51645520041941,13.766086208024424
2021-02-13 04:00:00,6.97012411420113,22.769867289612225,15.966916419959396
2021-02-13 05:00:00,7.94020442548558,28.58351251619718,20.005270761891307
2021-02-13 06:00:00,12.669375810299755,41.17491010320035,29.61916023194755
2021-02-13 07:00:00,17.648103797016862,50.371896559190496,37.159580434495794
2021-02-13 08:00:00,18.742662693009652,50.52436497429995,37.33855812920682
2021-02-13 09:00:00,16.365729669689976,44.64616182630467,32.58726318850254
2021-02-13 10:00:00,14.361408627124135,39.215366906497685,28.91171524406966
2021-02-13 11:00:00,13.916715521022756,36.924571187122126,27.384522422676927
2021-02-13 12:00:00,13.5647646315251,35.35194180823102,26.34000401388194
2021-02-13 13:00:00,13.097399990995157,33.46258118403085,25.039027379075435
2021-02-13 14:00:00,13.38987134409133,33.779002815065866,25.393037135018506
2021-02-13 15:00:00,14.535951868162847,36.41518124248849,27.516296884416693
2021-02-13 16:00:00,19.21020492635562,43.56114586923042,33.49228653327915
2021-02-13 17:00:00,24.797255544059492,51.55675786353788,40.4324801707831
2021-02-13 18:00:00,26.52340798285109,53.93931667545045,42.639211962225176
2021-02-13 19:00:00,23.850233422166657,51.00149959731835,38.99609990400448
2021-02-13 20:00:00,19.94457836331006,46.24757300143634,35.14212842344258
2021-02-13 21:00:00,17.724345761547095,41.08268095371144,31.133519526653597
2021-02-13 22:00:00,14.025911408342944,31.273363856929528,23.63579490029197
2021-02-13 23:00:00,9.80678552216405,22.16527903592511,16.672114440249384
2021-02-14 00:00:00,7.787044522630508,18.80362976025825,14.0296462514068
2021-02-14 01:00:00,6.856111530594967,17.89783499893362,13.098335965128548
2021-02-14 02:00:00,6.711571205553784,18.02791930622176,13.046295002211629
2021-02-14 03:00:00,6.706263054971071,19.439623545021806,13.890089637684959
2021-02-14 04:00:00,7.176396628067187,22.42459371002489,15.865289748120825
2021-02-14 05:00:00,8.279557986679094,28.140556958256575,19.851210364581387
2021-02-14 06:00:00,12.586290300506274,40.86757204908236,29.447407168694284
2021-02-14 07:00:00,18.77830062948416,51.54730355301581,38.170352377006495
2021-02-14 08:00:00,18.999389760564494,51.02111520250104,37.72426961070968
2021-02-14 09:00:00,15.749491446089948,43.81061827826482,31.840843717667273
2021-02-14 10:00:00,13.647817697145609,37.34214462920036,27.66100663484697
2021-02-14 11:00:00,13.057762497460823,33.93720368358443,25.51413091101536
2021-02-14 12:00:00,12.886948959307436,32.53755574937998,24.689673092902115
2021-02-14 13:00:00,12.381609652255744,31.091220484877084,23.67528440291911
2021-02-14 14:00:00,12.49270437206398,30.878868144544388,23.60487037198373
2021-02-14 15:00:00,13.842181479801562,34.004888555888186,25.970227557114804
2021-02-14 16:00:00,18.495623027932716,41.71488519577309,32.17818150665801
2021-02-14 17:00:00,24.038407543414802,49.7937908816274,39.03935060094841
2021-02-14 18:00:00,26.47075479743467,53.678314034467064,42.53583238482112
2021-02-14 19:00:00,23.752697825672552,51.61575192900223,39.312622963101
2021-02-14 20:00:00,20.21878858566393,47.212696726616095,35.89585556743482
2021-02-14 21:00:00,17.948472073501943,42.065771953770664,31.88184075407479
2021-02-14 22:00:00,14.013664461704403,31.98421326144487,24.128063513094435
2021-02-14 23:00:00,9.874559128880309,22.86846588068773,17.211413698423666
2021-02-15 00:00:00,8.454119014942753,21.15064663139468,15.637094844032175
2021-02-15 01:00:00,7.0470307089648685,19.890656130907825,14.378103263223046
2021-02-15 02:00:00,7.031364691974317,20.194495240957792,14.503519624483939
2021-02-15 03:00:00,7.154894910875614,22.012418576903453,15.599782398534053
2021-02-15 04:00:00,7.317438706883476,25.003631579626557,17.52477635143067
2021-02-15 05:00:00,9.047809508802743,32.15422121936355,22.607215348101068
2021-02-15 06:00:00,14.285365763014058,46.38070184189304,33.483234121743614
2021-02-15 07:00:00,19.22811382298414,55.86204797664428,40.861197165108344
2021-02-15 08:00:00,19.038604066312743,53.97614243449412,40.20311507796009
2021-02-15 09:00:00,14.623019897778772,44.961845075731304,32.70885777603342
2021-02-15 10:00:00,12.721344957028561,38.657783834808825,28.38113298685496
2021-02-15 11:00:00,12.328223389522769,35.1833837073083,26.305805766049133
2021-02-15 12:00:00,12.752229968724203,34.461006399218356,25.977264511414358
2021-02-15 13:00:00,12.696589963744543,32.67545436615706,24.939649843738906
2021-02-15 14:00:00,11.984029375579697,32.110079981925665,24.18153342520685
2021-02-15 15:00:00,13.309147670705881,35.242593485146486,26.620205061071417
2021-02-15 16:00:00,18.596818037754314,43.234777126289245,33.28767958167132
2021-02-15 17:00:00,25.034338271528743,52.19202240536308,40.907830665322905
2021-02-15 18:00:00,26.929857355405883,55.972999943263126,43.25089922700966
2021-02-15 19:00:00,23.45294117709717,52.04163309529957,40.08815841977494
2021-02-15 20:00:00,20.76500322118439,49.06276990824945,37.4385243180493
2021-02-15 21:00:00,17.40627488068861,42.69025776987329,32.30555810486492
2021-02-15 22:00:00,13.149090777457202,32.103970192163686,24.289780863913148
2021-02-15 23:00:00,10.226697906956723,24.140996120921464,18.21943905693916
2021-02-16 00:00:00,8.629983167112492,23.665907056437746,16.959509572790733
2021-02-16 01:00:00,7.681466631667601,23.29986873734387,16.36958842742481
2021-02-16 02:00:00,7.5295537934061265,23.27856378614829,16.236201474700767
2021-02-16 03:00:00,7.507527765383151,24.999482557580425,17.32958743163404
2021-02-16 04:00:00,7.996930795370739,29.04509592893305,20.044623505371494
2021-02-16 05:00:00,9.651828338843258,35.68269623437127,24.85037133557701
2021-02-16 06:00:00,14.896079392562743,48.85349651857092,35.05541334517978
2021-02-16 07:00:00,21.269559017682706,61.3286790010853,44.69808057671289
2021-02-16 08:00:00,20.268791657069645,59.711027804973455,43.84669737381579
2021-02-16 09:00:00,15.192909898604494,48.073829945004945,34.75645472833814
2021-02-16 10:00:00,13.25412264323702,40.89160645932895,29.625032473408734
2021-02-16 11:00:00,12.246098783898933,36.122112726327714,26.728308194665725
2021-02-16 12:00:00,12.19361767960132,34.037290627446104,25.55469812363686
2021-02-16 13:00:00,12.696688791901696,33.450202191002745,25.303572944480614
2021-02-16 14:00:00,12.169807171963523,32.99236364069449,24.673011593240812
2021-02-16 15:00:00,13.624824790554356,35.85401304253459,26.998842980509806
2021-02-16 16:00:00,18.146674237130966,42.631107488842105,32.684529254441806
2021-02-16 17:00:00,24.464183550417296,51.839978685519085,40.41753404017408
2021-02-16 18:00:00,26.333358651548348,55.45978422629148,42.75888865407328
2021-02-16 19:00:00,23.710153804100816,52.46764421635953,40.24640611832912
2021-02-16 20:00:00,20.585026398239375,48.311710162168126,36.60125326006677
2021-02-16 21:00:00,17.37681191621721,42.16889362099061,31.81476260628491
2021-02-16 22:00:00,13.000821491007382,31.670821609438484,23.865984352083267
2021-02-16 23:00:00,10.277264831729441,23.977550709007616,18.059138319283917
2021-02-17 00:00:00,7.519441041626932,18.743749958958816,13.606826243171497
2021-02-17 01:00:00,6.655044069385994,17.836189139877163,12.70599980514403
2021-02-17 02:00:00,6.408766164991233,17.79775423745353,12.533960345078507
2021-02-17 03:00:00,6.559167196560453,19.256167977347147,13.413413220348222
2021-02-17 04:00:00,6.9520249628639075,22.156819062224802,15.301074079413054
2021-02-17 05:00:00,9.003961275658265,28.747416191212892,20.12923065758162
2021-02-17 06:00:00,13.928121630180796,41.53137220306141,29.665069057635215
2021-02-17 07:00:00,17.26017391429393,48.84906936583825,35.11906781087815
2021-02-17 08:00:00,18.22126388472656,48.71182638809085,35.97333925731488
2021-02-17 09:00:00,15.251009749247784,41.80107976778193,30.05364239902057
2021-02-17 10:00:00,13.182587034819527,36.22924882873337,26.29852327436782
2021-02-17 11:00:00,12.468411071195726,33.414351518446864,24.6997183772966
2021-02-17 12:00:00,13.177076045546897,33.38371862472288,24.827561540614195
2021-02-17 13:00:00,13.329920495256983,32.74829580081067,24.495913374626745
2021-02-17 14:00:00,12.831643995344,32.575199194192216,24.01632450541849
2021-02-17 15:00:00,14.320187534172456,35.638275116930565,26.359138574135
2021-02-17 16:00:00,19.123556697869137,42.92472845585816,32.77456952843579
2021-02-17 17:00:00,24.221217951949136,50.21826973135368,39.16675555845295
2021-02-17 18:00:00,26.63248942197385,53.185768769207925,41.188109579332405
2021-02-17 19:00:00,23.54655893531395,49.76209479773008,37.95043340332471
2021-02-17 20:00:00,20.616151648910627,46.01085790158001,34.95105687658986
2021-02-17 21:00:00,17.522339148065768,40.004314636995204,29.999550937934135
2021-02-17 22:00:00,12.793009801387853,29.393640232896708,22.144049829591378
2021-02-17 23:00:00,9.557276181819782,21.48918360533235,16.125383731977468
2021-02-18 00:00:00,7.616950715224601,18.422480709169523,13.632754022843658
2021-02-18 01:00:00,6.688719786579624,17.653149225481904,12.81275683913661
2021-02-18 02:00:00,6.458624821227276,17.661186633324576,12.64357945892499
2021-02-18 03:00:00,6.7382578483848965,19.382495506109997,13.690289520974215
2021-02-18 04:00:00,6.8956063494096345,21.990356655668453,15.430840494481416
2021-02-18 05:00:00,8.753016419012958,28.29298364418167,20.027014473770894
2021-02-18 06:00:00,13.199720043514713,40.182751577699484,29.032374026312436
2021-02-18 07:00:00,18.473224683026082,50.51835817246402,36.985777396315285
2021-02-18 08:00:00,18.710772014392067,50.12254747410069,37.27182921799265
2021-02-18 09:00:00,15.05444784371062,42.41002224286833,31.055363629446386
2021-02-18 10:00:00,13.265270426315137,37.01215534596792,27.10791449198498
2021-02-18 11:00:00,12.353382520952238,33.27882987645368,24.94725934448258
2021-02-18 12:00:00,12.37752381527055,32.01052430594736,24.247834430620145
2021-02-18 13:00:00,12.426826613518383,30.946958943079494,23.635600260094467
2021-02-18 14:00:00,11.623482951637408,29.37839344639681,22.248560062527726
2021-02-18 15:00:00,13.124842542554449,32.65589217322203,24.818071918127902
2021-02-18 16:00:00,18.284525325463576,40.23056390154388,31.076012948920294
2021-02-18 17:00:00,24.61432250931048,49.64554419586606,38.94261200591012
2021-02-18 18:00:00,26.96180883888713,53.98037993873779,41.7037955242215
2021-02-18 19:00:00,23.239750639494595,50.91120687039807,39.07219064929521
2021-02-18 20:00:00,20.533691953472978,47.17835388686653,35.87165280798253
2021-02-18 21:00:00,17.433619055968737,41.53173526535856,31.3787622205909
2021-02-18 22:00:00,13.135418397522221,31.201240752344543,23.583297285633773
2021-02-18 23:00:00,9.818961205874622,22.8817386814016,17.240276685571843
2021-02-19 00:00:00,7.742852323568859,18.74187434322945,13.670382993339704
2021-02-19 01:00:00,7.18156497001813,18.145069099826458,12.958480887245445
2021-02-19 02:00:00,6.652176971271735,17.3957871301135,12.330319663698699
2021-02-19 03:00:00,6.982302180583698,19.702863901500496,13.66404402343988
2021-02-19 04:00:00,7.854506733913128,24.275369572164742,16.750278628471317
2021-02-19 05:00:00,9.777963905149521,32.37765631176783,22.431808865993894
2021-02-19 06:00:00,14.352566510710925,45.62860970525028,32.36087354168399
2021-02-19 07:00:00,19.077010581584087,53.49411955126004,38.557614243362
2021-02-19 08:00:00,19.00356115179129,49.42103154917397,36.431328031461135
2021-02-19 09:00:00,14.587399144084978,41.51469568777669,30.043727778043127
2021-02-19 10:00:00,12.331536629689671,33.815338602868515,24.721049668909263
2021-02-19 11:00:00,11.901495440068677,30.108786085646155,22.583064600551275
2021-02-19 12:00:00,12.224236172180397,29.442887187578087,22.316391165086145
2021-02-19 13:00:00,12.461600411180362,28.701943150175946,21.989525455003818
2021-02-19 14:00:00,11.674944764517221,28.5578958323744,21.467569459975273
2021-02-19 15:00:00,13.352502668498653,31.99827421176939,24.014477425160955
2021-02-19 16:00:00,18.234558778632966,39.198355041450796,30.038482890025552
2021-02-19 17:00:00,24.3194032893279,47.34655819972163,37.20754251802951
2021-02-19 18:00:00,25.71519620236362,49.17621212147072,38.15842180234873
2021-02-19 19:00:00,22.432296763017813,45.250371864665,34.978892627902404
2021-02-19 20:00:00,19.55644652477335,41.302503796316266,31.782195076922488
2021-02-19 21:00:00,16.247854872905208,35.22920990335002,26.88326385538526
2021-02-19 22:00:00,11.89659136343023,25.522512620204544,19.592971367439343
2021-02-19 23:00:00,8.650518385371326,18.05336744653207,13.842384690708144
2021-02-20 00:00:00,7.378716845629073,13.688262067467429,10.517719381440386
2021-02-20 01:00:00,6.0554766814196865,12.196207372507809,9.203376193558709
2021-02-20 02:00:00,5.747001230437651,12.063451140874639,8.946612585962084
2021-02-20 03:00:00,5.7016713282059825,13.334529062741979,9.623603774560399
2021-02-20 04:00:00,6.28967050660626,15.964321704950386,11.357628789196655
2021-02-20 05:00:00,7.53665200628313,20.87407888752074,14.644354590359761
2021-02-20 06:00:00,10.870622248308312,30.46636234059849,21.728960862221665
2021-02-20 07:00:00,16.046261374750305,39.0689329125627,28.55012120861346
2021-02-20 08:00:00,17.544349647015835,38.52770848349685,28.477699350936216
2021-02-20 09:00:00,15.171675548331843,32.23906701147664,23.594537706301292
2021-02-20 10:00:00,12.776947700127916,26.963077300258778,20.295147917049107
2021-02-20 11:00:00,12.009660531485562,24.689132079179142,19.055179628633898
2021-02-20 12:00:00,12.3841937845918,24.62122712204861,19.129661906657688
2021-02-20 13:00:00,12.455751095043327,24.190286772833,18.774025292666636
2021-02-20 14:00:00,12.76577931320051,24.80147249755483,19.14308009609446
2021-02-20 15:00:00,13.45327728985987,26.425734168414262,20.608918020290528
2021-02-20 16:00:00,17.526266554221113,32.45174841788763,25.601340371005158
2021-02-20 17:00:00,22.365533582821076,38.80374662770834,31.28220360783598
2021-02-20 18:00:00,24.520706005063406,41.42277080087467,33.312063246004456
2021-02-20 19:00:00,21.43441227420869,38.26992408571369,30.009154080602162
2021-02-20 20:00:00,18.238334550461218,34.572922400799015,26.977567433680186
2021-02-20 21:00:00,16.067433369707636,30.438704218321295,23.587574426935102
2021-02-20 22:00:00,11.941663869471956,22.038624581366946,17.15737590976518
2021-02-20 23:00:00,8.606684890352675,15.311386773034988,12.086848039638722
2021-02-21 00:00:00,6.831372543336185,11.406510951779024,9.104800059335355
2021-02-21 01:00:00,5.845347768309806,10.291961147127358,8.109988243822107
2021-02-21 02:00:00,5.404946208361991,10.161222608430624,7.8646602275211315
2021-02-21 03:00:00,5.3568761894079655,11.68501147177973,8.715477885802875
2021-02-21 04:00:00,5.813242997530232,14.327303027501092,10.418763371537903
2021-02-21 05:00:00,6.827661462514663,19.237437557572264,13.73053139042557
2021-02-21 06:00:00,10.35632126532104,28.963783247199544,20.920773099077778
2021-02-21 07:00:00,15.866882967359137,36.91115584359267,27.07151815713561
2021-02-21 08:00:00,15.631064684117192,33.79519566131915,25.13069385680305
2021-02-21 09:00:00,14.435329242838208,28.68854755078081,21.700729291691278
2021-02-21 10:00:00,12.820513620196893,24.29401818812174,18.69170100126197
2021-02-21 11:00:00,12.037703094684687,21.9396471894899,17.443731909595016
2021-02-21 12:00:00,12.103102542339709,21.510954010808657,17.20488050426951
2021-02-21 13:00:00,11.637548853109271,20.36091219122845,16.405175755245363
2021-02-21 14:00:00,11.708183128113395,20.177900854444367,16.35795381050182
2021-02-21 15:00:00,12.86215414539308,22.054937917314213,17.936798069761217
2021-02-21 16:00:00,16.70225107594696,28.162106867908253,23.101135997055547
2021-02-21 17:00:00,21.97670785729432,35.597263233678305,29.44476969769191
2021-02-21 18:00:00,24.077132644215375,38.728770473538354,31.45219238822751
2021-02-21 19:00:00,20.79877607029682,35.73389059489477,28.590185131505045
2021-02-21 20:00:00,18.078506955566656,32.9235163191556,26.03187681599643
2021-02-21 21:00:00,15.785491814015089,29.014312057060067,22.731791027923812
2021-02-21 22:00:00,11.896817866062179,21.053074962885077,16.638617794270974
2021-02-21 23:00:00,8.491570345737335,13.76738844968185,11.204272363390384
2021-02-22 00:00:00,7.024386068066784,13.381461989339016,10.48363929782027
2021-02-22 01:00:00,5.623141068663498,11.77224305147048,9.186469087066978
2021-02-22 02:00:00,5.3523732651490485,11.735829081585608,9.034045114977777
2021-02-22 03:00:00,5.343202919436467,13.057198932746628,9.804046865176204
2021-02-22 04:00:00,5.789213273530953,15.596780252274174,11.5100702726481
2021-02-22 05:00:00,7.192349381444582,20.58840814605585,15.144295706651164
2021-02-22 06:00:00,11.986786078641291,32.161518279889535,23.65650625203358
2021-02-22 07:00:00,16.29646918467757,41.4355459663168,30.753821940680545
2021-02-22 08:00:00,17.304927807839142,40.28472445185192,30.12096292709142
2021-02-22 09:00:00,13.818123568719058,33.09099696402518,24.942914816870733
2021-02-22 10:00:00,12.478579968654888,28.841740217085167,21.996002697984082
2021-02-22 11:00:00,12.205664873580439,27.469949527232767,21.263881321799143
2021-02-22 12:00:00,12.385974658646075,26.89003495689396,20.993604199407994
2021-02-22 13:00:00,12.459550811568729,25.987817273826753,20.407154290812763
2021-02-22 14:00:00,11.829952759691189,25.411854876024258,19.80424019719193
2021-02-22 15:00:00,13.186488794853885,28.095663938601646,21.983580461585788
2021-02-22 16:00:00,17.591130001754703,34.84205803277205,27.85698687456809
2021-02-22 17:00:00,23.7965257697734,43.3721482178735,35.07450151166135
2021-02-22 18:00:00,25.917272460224606,46.67001410386512,37.128661143624434
2021-02-22 19:00:00,22.39644942257654,43.2681926890939,34.21252048848734
2021-02-22 20:00:00,19.531897941466767,40.04700274246205,31.443338567362673
2021-02-22 21:00:00,16.341734324254755,34.397249922175476,26.731913718302067
2021-02-22 22:00:00,12.384991401598533,25.340440053461556,19.816217283553247
2021-02-22 23:00:00,9.48120628614364,18.427951155603708,14.387805669008785
2021-02-23 00:00:00,7.48103388285408,17.35708172236141,13.23177863606261
2021-02-23 01:00:00,6.509899687036619,16.560012204004845,12.374789251580912
2021-02-23 02:00:00,6.278978237468254,16.514866859541524,12.208740165050086
2021-02-23 03:00:00,6.4932369605271845,17.903466192569052,13.087463681915683
2021-02-23 04:00:00,7.254823901121491,21.129213401920122,15.355956820114777
2021-02-23 05:00:00,8.83341315211805,26.959615459859894,19.646827357403584
2021-02-23 06:00:00,13.560680472782222,38.66906976963369,28.679756929732935
2021-02-23 07:00:00,18.38290136064757,47.92672491292822,35.9627383693139
2021-02-23 08:00:00,17.476556693833164,45.7352873665767,34.71232729859347
2021-02-23 09:00:00,13.898463352982198,38.05886371749166,28.616105898039983
2021-02-23 10:00:00,12.43481961527416,33.02447790989922,24.92035730409003
2021-02-23 11:00:00,11.622390342431942,29.490418761013647,22.87896259253676
2021-02-23 12:00:00,12.085500986679003,28.59632718016092,22.36801276421278
2021-02-23 13:00:00,12.145153917353467,27.816875480841993,21.95919777123726
2021-02-23 14:00:00,11.326464013926971,27.35757030376627,21.384372983453005
2021-02-23 15:00:00,12.833961773191389,30.03922144249649,23.54658072913529
2021-02-23 16:00:00,17.33199877178513,36.49374122206965,28.943160793502454
2021-02-23 17:00:00,23.904381317011985,44.97672532958771,36.37119753675626
2021-02-23 18:00:00,25.491255144056005,48.02852599720109,38.14116234609119
2021-02-23 19:00:00,22.768885118374264,46.93512175159755,37.14084754349815
2021-02-23 20:00:00,19.87414964840667,43.20805338592811,33.7984518300199
2021-02-23 21:00:00,16.98018522572117,38.147862124741415,29.606959645001695
2021-02-23 22:00:00,12.876362261639636,29.48535246341671,22.7454894555684
2021-02-23 23:00:00,9.760202434774724,22.430643391218133,17.19569643643866
2021-02-24 00:00:00,8.211567450521358,23.014661560244438,16.99379237281874
2021-02-24 01:00:00,7.401068459796505,22.55755403162556,16.321459430561386
2021-02-24 02:00:00,7.379012988666533,23.02109228456001,16.46680898184971
2021-02-24 03:00:00,7.142794771899115,24.1687900742093,17.188998192425867
2021-02-24 04:00:00,7.7537514083265835,27.78150414765569,19.7692037712453
2021-02-24 05:00:00,9.659173069454216,34.78362937500973,24.94607879639565
2021-02-24 06:00:00,14.578879107154137,47.73282062369482,35.08977124799778
2021-02-24 07:00:00,20.543939762694375,59.222760067344105,43.98274617057952
2021-02-24 08:00:00,19.33095678748512,57.50979367684607,42.89722327484871
2021-02-24 09:00:00,14.611048446364958,46.01011746593673,33.99131355598954
2021-02-24 10:00:00,13.097571113970288,40.6321721919874,30.090057728845863
2021-02-24 11:00:00,12.20367943368187,36.28781928373933,27.419415283234695
2021-02-24 12:00:00,12.381967479052495,34.01098171668361,26.06782353790327
2021-02-24 13:00:00,12.782746944000438,33.14215924765327,25.431506406874693
2021-02-24 14:00:00,11.604640091753874,32.15868684170062,24.53216870965771
2021-02-24 15:00:00,13.059155084269399,34.798943610311454,26.667867345233216
2021-02-24 16:00:00,18.364951232164962,41.94487089378154,32.727514691762714
2021-02-24 17:00:00,24.434042675641486,50.8019431177181,40.219587866194246
2021-02-24 18:00:00,26.666375525305035,55.508486757779934,43.40348010658032
2021-02-24 19:00:00,23.454105634359784,52.81512754774499,41.032858345244605
2021-02-24 20:00:00,20.938511958747927,50.39246496219299,38.82422177502906
2021-02-24 21:00:00,18.59605599092499,48.335094748453045,36.594632434752256
2021-02-24 22:00:00,13.52911601955152,35.97957243163886,27.263083148757964
2021-02-24 23:00:00,10.346245732948969,26.590704671485877,20.002970648144853
2021-02-25 00:00:00,8.792689599033967,24.840627107704005,18.008020522325747
2021-02-25 01:00:00,7.423680422347751,23.70907713313791,16.80747749983268
2021-02-25 02:00:00,7.170371090990082,23.31164207531841,16.42006193243109
2021-02-25 03:00:00,7.799913268134128,26.19336044794954,18.328024462050994
2021-02-25 04:00:00,7.828372719137831,29.09915401590598,20.247417371930762
2021-02-25 05:00:00,9.772728581013252,36.45433423020355,25.62348001200047
2021-02-25 06:00:00,14.894088050449854,49.30434795592978,35.61054416180913
2021-02-25 07:00:00,19.92294143376853,58.47720183186657,42.95810445592871
2021-02-25 08:00:00,18.427015303109496,54.80921731084135,40.55050423882085
2021-02-25 09:00:00,15.328599039105164,47.33049429422827,34.55381888959303
2021-02-25 10:00:00,13.342743726067033,41.05794512382348,29.9072645290174
2021-02-25 11:00:00,12.245959524695817,36.48263513991326,27.19611439721133
2021-02-25 12:00:00,13.207859101510392,36.36341335315883,27.426837542763966
2021-02-25 13:00:00,12.945646743654551,35.849762498951876,27.0000715683539
2021-02-25 14:00:00,12.070354087117249,34.69836203865058,25.91830068988339
2021-02-25 15:00:00,14.017016705116594,37.21889098138823,27.96398206053028
2021-02-25 16:00:00,19.1986843939381,45.390297012483394,34.759213005406195
2021-02-25 17:00:00,24.100891674683815,52.14524798882836,41.035301676131986
2021-02-25 18:00:00,26.715641046312616,57.10739461554679,44.133611829580076
2021-02-25 19:00:00,23.583562920911223,53.68351724773855,41.11076130388368
2021-02-25 20:00:00,20.814025012962283,50.647404295847565,38.52809404279368
2021-02-25 21:00:00,17.645299834750798,44.48378787886886,33.513926161020706
2021-02-25 22:00:00,13.690041901096476,34.14627856888444,25.779366460953653
2021-02-25 23:00:00,10.203623434503326,25.352896498609482,18.970755533345184
2021-02-26 00:00:00,8.129437998905033,20.563660164227457,15.063238116346387
2021-02-26 01:00:00,6.994721809678835,19.383709779083148,13.934408947622527
2021-02-26 02:00:00,6.812800464662249,19.548646454526892,13.883985216731544
2021-02-26 03:00:00,7.213234946323415,21.675755710284303,15.192741008293575
2021-02-26 04:00:00,7.255523419697273,24.470915727194086,17.016389813583814
2021-02-26 05:00:00,8.994084204660869,31.282129057600326,21.961000864147902
2021-02-26 06:00:00,14.199298088389645,44.509776424488344,32.143321350245685
2021-02-26 07:00:00,18.40134427721562,53.6288531393339,38.728429141518625
2021-02-26 08:00:00,18.82348096169559,52.725202530083685,38.92857618233302
2021-02-26 09:00:00,15.157653061719548,44.057132919806314,32.116563500586686
2021-02-26 10:00:00,13.365560185125437,37.46498145996376,27.602096727285858
2021-02-26 11:00:00,12.465232008059184,33.308454038328705,25.141957773147926
2021-02-26 12:00:00,13.206062231177626,32.88293247386895,25.014353612149986
2021-02-26 13:00:00,13.065891465373108,31.916660227200595,24.29003899857408
2021-02-26 14:00:00,12.02120367788777,30.488693442090888,23.008226607184202
2021-02-26 15:00:00,13.632478718290718,33.9471760339072,25.58569826343665
2021-02-26 16:00:00,18.51224292093844,41.548873032311405,32.07013505327944
2021-02-26 17:00:00,24.40239056402775,50.11479245183499,39.4225943237
2021-02-26 18:00:00,26.794288035081728,53.628336543485915,41.62578875128512
2021-02-26 19:00:00,23.200474652828298,49.85711127147721,38.42729104862866
2021-02-26 20:00:00,20.689473930213424,47.56608226789231,36.28207706827156
2021-02-26 21:00:00,17.12901307987558,40.34541755565439,30.61809948558885
2021-02-26 22:00:00,13.373954393272815,30.782364223944786,23.294384697702647
2021-02-26 23:00:00,9.492458735770127,21.88979661988123,16.531483698144157
2021-02-27 00:00:00,8.119232282707017,19.53981307897708,14.446488723604844
2021-02-27 01:00:00,7.0878482874429745,18.748762461896046,13.55276480325414
2021-02-27 02:00:00,6.805020930724404,18.537615939414724,13.2862598715057
2021-02-27 03:00:00,6.718720194490003,20.084913942634216,14.10887919366433
2021-02-27 04:00:00,7.287640087434889,23.245128211896496,16.237023967305376
2021-02-27 05:00:00,8.249482220969862,28.653284688286863,20.02642330937754
2021-02-27 06:00:00,12.004550773763961,40.529914031376045,28.823255229163127
2021-02-27 07:00:00,17.527452684720377,50.884850226579495,37.293608681231284
2021-02-27 08:00:00,17.852533352086173,50.54987145875887,37.09757523594284
2021-02-27 09:00:00,16.448958051372898,44.40021862275829,32.41343398273054
2021-02-27 10:00:00,14.374761556474704,38.043730937003986,27.860035731464034
2021-02-27 11:00:00,13.614086673136685,35.325538683767334,26.31877919174131
2021-02-27 12:00:00,13.3003523609054,33.85973703013677,25.314656490788565
2021-02-27 13:00:00,12.763591195806274,32.52098989493135,24.50144892399908
2021-02-27 14:00:00,13.320021351546355,33.22289422149459,25.070346052088833
2021-02-27 15:00:00,13.881658480130634,35.17325284175427,26.683832401531003
2021-02-27 16:00:00,18.46956770948701,42.38845392697524,32.564468766799926
2021-02-27 17:00:00,24.050914896594684,50.49957861919074,39.51195908348746
2021-02-27 18:00:00,26.50797456047325,53.940616633114495,42.430527232932334
2021-02-27 19:00:00,23.50243204792023,50.58716445959063,38.53786998610348
2021-02-27 20:00:00,20.087291100572177,47.14492455500095,35.615514565160964
2021-02-27 21:00:00,17.56182298113623,41.37027090800101,31.27082042058164
2021-02-27 22:00:00,13.55944019868905,31.19317998609169,23.50347465083997
2021-02-27 23:00:00,9.9748735995336,22.687806053411677,17.127043864664266
2021-02-28 00:00:00,8.063391847397414,19.56122429108795,14.493680583908365
2021-02-28 01:00:00,6.965099922924159,18.419248037035203,13.33559381724575
2021-02-28 02:00:00,6.827363816742536,18.63917653219061,13.364916750817887
2021-02-28 03:00:00,6.543401209608101,19.753278272582843,13.959919907274521
2021-02-28 04:00:00,7.482105797106844,23.399176756142023,16.39427077422671
2021-02-28 05:00:00,9.349419727963792,30.01830276092399,21.20565395356416
2021-02-28 06:00:00,12.80607842940556,41.788544312876866,29.75716678580947
2021-02-28 07:00:00,17.508672142313113,51.296061512358385,37.544130383744765
2021-02-28 08:00:00,18.04644789026528,50.56041430980647,37.16688652399898
2021-02-28 09:00:00,16.23404400887525,44.37566534658719,32.244639291709824
2021-02-28 10:00:00,13.880434260214058,37.638848942335144,27.62590479468056
2021-02-28 11:00:00,13.380003135530712,34.44416385784813,25.64043467930494
2021-02-28 12:00:00,12.862327520566263,32.503067954979585,24.49682125619655
2021-02-28 13:00:00,12.658644906708146,31.41666141531338,23.699898178028718
2021-02-28 14:00:00,12.817953204871975,31.481164860185988,23.850375812731507
2021-02-28 15:00:00,13.647275695733931,33.490291254570536,25.51139056499844
2021-02-28 16:00:00,18.355168599761186,40.92772549208568,31.623729280746215
2021-02-28 17:00:00,23.778810680978633,48.666428354339985,38.2477217439704
2021-02-28 18:00:00,26.62788800482781,53.91010897032681,42.37890117350576
2021-02-28 19:00:00,23.696144439787656,51.21649751927096,38.903133387579324
2021-02-28 20:00:00,20.076620389794726,47.14962699974209,35.697071937936194
2021-02-28 21:00:00,17.892163371427287,41.568642101703716,31.431101506697775
2021-02-28 22:00:00,13.626241002687193,30.73665763862507,23.086922364196724
2021-02-28 23:00:00,9.91141590321444,21.98461587856253,16.644575581711923
2021-03-01 00:00:00,7.52567078874112,16.273129924854636,11.799838235143875
2021-03-01 01:00:00,6.499596197083362,15.139275245818268,10.686794197179909
2021-03-01 02:00:00,6.4883278034396525,15.56694989368272,10.799383298677148
2021-03-01 03:00:00,6.491360564117469,17.142117751930776,11.645831121271783
2021-03-01 04:00:00,6.8986983137367766,19.962545152108625,13.33960856948375
2021-03-01 05:00:00,9.084861531472258,26.22927760689869,17.737041038965167
2021-03-01 06:00:00,12.657329644583864,37.1049233307445,25.329399675470032
2021-03-01 07:00:00,17.067096892066132,45.62791669917258,31.669908213099887
2021-03-01 08:00:00,16.24752504514651,42.01879031952267,29.931783336428243
2021-03-01 09:00:00,14.300200930521646,35.95162709367231,25.26439345872124
2021-03-01 10:00:00,12.634544091224187,31.12099984042669,22.115586841122255
2021-03-01 11:00:00,12.229043475291995,28.746226121514464,20.979815393391885
2021-03-01 12:00:00,12.699482357253977,28.662509043270123,21.02960938897382
2021-03-01 13:00:00,12.583096087109299,27.966923058423326,20.627345410678714
2021-03-01 14:00:00,12.003481583978653,27.509910515741357,20.127305457847267
2021-03-01 15:00:00,13.05764257083393,29.81812328615185,21.870347020519244
2021-03-01 16:00:00,18.384695990797585,36.89017562689978,27.861189651421384
2021-03-01 17:00:00,22.762466779675435,42.424235637138814,32.92316769233707
2021-03-01 18:00:00,23.72680419478057,43.09804294763092,33.387248174230265
2021-03-01 19:00:00,21.076616998837604,39.57201179016795,30.51144878605399
2021-03-01 20:00:00,18.819086617946137,36.49259215396346,27.868968485385867
2021-03-01 21:00:00,15.157174211800145,30.62854495992326,23.115551806147288
2021-03-01 22:00:00,11.424943539435473,22.671092375585545,17.20737132953964
2021-03-01 23:00:00,8.483310839987954,16.294314897449723,12.369154254578197
2021-03-02 00:00:00,6.7181910905387126,11.393828695585105,8.758590024632866
2021-03-02 01:00:00,5.723999799216126,10.202171781861786,7.751066049050322
2021-03-02 02:00:00,5.5203456096093255,10.095845745991767,7.591169621375793
2021-03-02 03:00:00,5.529020013165345,11.169930138098545,8.075154361440042
2021-03-02 04:00:00,5.843973939100504,12.987194182023334,9.199131461827744
2021-03-02 05:00:00,7.494810768984424,17.706475571187767,12.40964249415284
2021-03-02 06:00:00,11.580775267177547,27.149916234034258,19.24101766734718
2021-03-02 07:00:00,15.308005954394131,33.65940148603449,24.074629169271507
2021-03-02 08:00:00,14.984037127842143,31.717541710113025,23.233275191955222
2021-03-02 09:00:00,12.608233073244982,26.31068265517406,19.377178980096904
2021-03-02 10:00:00,11.247752691074686,22.60849164217881,17.047441748946444
2021-03-02 11:00:00,11.04096131329222,21.078914680801084,16.375450029882437
2021-03-02 12:00:00,11.33143787977786,20.73363731323273,16.331425077579844
2021-03-02 13:00:00,11.235443873594802,20.361007220357305,16.05951200149519
2021-03-02 14:00:00,10.663802464386109,19.769280366666017,15.487226146447355
2021-03-02 15:00:00,12.032716596741485,21.879908477927312,17.229294294572036
2021-03-02 16:00:00,16.52238413152236,28.28110829144031,22.435321091362507
2021-03-02 17:00:00,21.917428006592992,35.438925557647245,28.502127261485942
2021-03-02 18:00:00,22.868187607100797,37.15314690255222,29.432724614042492
2021-03-02 19:00:00,20.262509390698515,34.27198089831716,27.206739876636345
2021-03-02 20:00:00,17.926253902265326,31.42797318645304,24.54676705788689
2021-03-02 21:00:00,14.815161491472738,26.512283678482103,20.627400811127035
2021-03-02 22:00:00,11.228818505844966,19.550484042966495,15.280047949130045
2021-03-02 23:00:00,8.326458365729883,13.888902174716877,10.904337333666644
2021-03-03 00:00:00,6.535900229129041,11.270263580476572,8.707558091879388
2021-03-03 01:00:00,5.524682032776947,9.92416225154129,7.613620371426881
2021-03-03 02:00:00,5.243391229952587,9.751913799788765,7.360828312119663
2021-03-03 03:00:00,5.1921786956971125,10.567388261044233,7.754942809026813
2021-03-03 04:00:00,5.817282315583585,12.581340065610913,9.098904060771961
2021-03-03 05:00:00,6.945690717744708,16.34926256771056,11.636468059330975
2021-03-03 06:00:00,10.55360357255388,24.7127836764335,17.627194217686807
2021-03-03 07:00:00,14.439202754083594,31.17973588073813,22.429090511714232
2021-03-03 08:00:00,14.629196249882055,29.897457399922146,21.81919877302918
2021-03-03 09:00:00,12.460311382708008,25.04451294537123,18.690595987107745
2021-03-03 10:00:00,11.223785150812654,21.918095430419083,16.697981295416263
2021-03-03 11:00:00,11.041325726293945,20.579433016020463,16.066418940386527
2021-03-03 12:00:00,11.425196313161782,20.71830443192216,16.330257089841776
2021-03-03 13:00:00,11.272719450768964,20.0504139047616,15.845944945760314
2021-03-03 14:00:00,11.03851320172185,20.258752508125937,15.765861564183824
2021-03-03 15:00:00,12.136965034762106,22.229344537999545,17.370558400203702
2021-03-03 16:00:00,17.007308789548656,28.80675427065639,22.726197140942745
2021-03-03 17:00:00,21.5948699970995,34.920481816458064,28.207422029084647
2021-03-03 18:00:00,22.55896116410927,36.67932329364203,29.094813897292987
2021-03-03 19:00:00,20.487352612789827,35.02306201608522,27.701101575626776
2021-03-03 20:00:00,17.82169409937163,31.918016121589492,24.79246034245108
2021-03-03 21:00:00,15.08503717164526,27.447645111285887,21.127422204153696
2021-03-03 22:00:00,11.390879259993225,20.266001147817335,15.664282835188484
2021-03-03 23:00:00,8.538239042293226,14.54207773416883,11.23063485645515
2021-03-04 00:00:00,6.8595167541598485,13.736330573049063,10.31254696666586
2021-03-04 01:00:00,5.988645030775734,12.653159219907874,9.394181858439707
2021-03-04 02:00:00,5.693265244001291,12.523457492539302,9.155993827806814
2021-03-04 03:00:00,5.762385450392471,13.746876165478596,9.789258766088322
2021-03-04 04:00:00,6.438050965118222,16.56708686330809,11.613488590639475
2021-03-04 05:00:00,8.153221446708997,21.988079595390797,15.357726440758517
2021-03-04 06:00:00,12.256900542945546,32.11031093934254,22.755620215245496
2021-03-04 07:00:00,15.031377334863208,38.661120024474535,27.80721162838564
2021-03-04 08:00:00,15.150704441596055,37.14253416783558,27.104150488252902
2021-03-04 09:00:00,12.593404910208134,31.131840598740634,22.74277406799059
2021-03-04 10:00:00,11.317936622921128,27.297760227769604,20.245294932202967
2021-03-04 11:00:00,11.150195861476332,25.301078544011197,19.23332447199195
2021-03-04 12:00:00,11.482167803325295,25.076857623864,19.240290030146426
2021-03-04 13:00:00,11.592521466423843,24.53336502240186,18.89403800324066
2021-03-04 14:00:00,11.094688940198203,24.421383419268082,18.55371414449573
2021-03-04 15:00:00,12.567375079170406,27.017749428289694,20.551549506223694
2021-03-04 16:00:00,17.516191254427184,34.28217252772377,26.457230071758364
2021-03-04 17:00:00,22.65145739921679,41.25094150470033,32.45737105435507
2021-03-04 18:00:00,23.69312133321935,43.40995032952975,33.70843142316443
2021-03-04 19:00:00,21.369972168163073,41.13644508641151,31.859861386629927
2021-03-04 20:00:00,18.971842780734324,38.03696914592296,29.092948122784428
2021-03-04 21:00:00,15.956332354569897,33.32209191811824,25.143948874898037
2021-03-04 22:00:00,12.375256702584576,25.464393520577723,19.110597004248362
2021-03-04 23:00:00,9.65319990288551,18.90959872572823,14.170165746306346
2021-03-05 00:00:00,7.732849634667508,17.199148993853388,12.361073486594274
2021-03-05 01:00:00,6.844946485948273,16.329659434381917,11.492425504074898
2021-03-05 02:00:00,6.49008740493223,16.120405828521182,11.192755374100125
2021-03-05 03:00:00,6.484196136620762,17.219667161537874,11.777424887812586
2021-03-05 04:00:00,6.812581876365457,19.587506945995173,13.262892243203058
2021-03-05 05:00:00,8.556661656739868,25.193574863867713,17.19397167772501
2021-03-05 06:00:00,12.413065624505519,35.45771682096464,24.736603389630826
2021-03-05 07:00:00,15.866217110460116,42.816034328968826,30.419044389212445
2021-03-05 08:00:00,16.59353134029099,42.300376822217686,30.766186484740874
2021-03-05 09:00:00,13.292713427134359,34.814131537771665,24.893500033256547
2021-03-05 10:00:00,12.118987585745606,31.154277966902963,22.45111872321871
2021-03-05 11:00:00,11.47923900916669,27.70244235748045,20.601758431539874
2021-03-05 12:00:00,11.751432031041995,26.791493896448195,20.156644860351204
2021-03-05 13:00:00,11.895132796979501,25.780502398226353,19.713906455098325
2021-03-05 14:00:00,10.874264725371983,24.902865282849245,18.842192854085837
2021-03-05 15:00:00,12.110629509345586,27.075914003050617,20.624298937344715
2021-03-05 16:00:00,17.148157842115932,33.92558693178286,26.055391317889338
2021-03-05 17:00:00,22.846168225558994,41.41815768168612,32.453693204873694
2021-03-05 18:00:00,23.487940829107995,42.6914774932439,33.22222356467971
2021-03-05 19:00:00,21.242424331753046,40.78200906597648,31.55055145946649
2021-03-05 20:00:00,18.8778506510695,38.68325999656395,29.337085208728418
2021-03-05 21:00:00,15.609745087952652,33.19271299695656,24.966021667302932
2021-03-05 22:00:00,12.20827110218981,25.555593394937958,19.095504303603732
2021-03-05 23:00:00,9.30911606885822,19.14011081411127,14.183132775887392
2021-03-06 00:00:00,8.2609852212269,17.512902630700466,12.503437021381789
2021-03-06 01:00:00,6.884854431050375,16.324032877785207,11.311945158523901
2021-03-06 02:00:00,6.845909323528624,16.722422965089425,11.323017388063695
2021-03-06 03:00:00,7.2624105701448425,19.049348896603945,12.681003962701435
2021-03-06 04:00:00,7.605351249495207,21.881622427381373,14.453332878176102
2021-03-06 05:00:00,9.52769147882775,28.44218733845654,18.989487273973793
2021-03-06 06:00:00,12.196710611781391,38.01279204401949,25.60376650724817
2021-03-06 07:00:00,16.10594742268332,46.72434753672019,32.42944977134064
2021-03-06 08:00:00,16.20482813253755,43.13444104945883,30.63361359208165
2021-03-06 09:00:00,14.28079631309186,36.706645771110146,25.565385239201362
2021-03-06 10:00:00,12.33835251890059,30.653300599645004,21.908190911371033
2021-03-06 11:00:00,11.806655544112418,27.657496930652876,20.352015410455568
2021-03-06 12:00:00,11.720397205712212,26.325459749579576,19.67883651372346
2021-03-06 13:00:00,11.217245371213922,24.91041269142949,18.718588451688667
2021-03-06 14:00:00,11.265077514120737,24.68017830372951,18.639023206904913
2021-03-06 15:00:00,12.66865898077788,27.11275182290704,20.51055094899783
2021-03-06 16:00:00,16.922441428124205,32.96947087951796,25.36350811840189
2021-03-06 17:00:00,21.37894638434461,39.03690808358047,30.677018165199453
2021-03-06 18:00:00,23.74205940577619,41.77871867498808,32.69391659064077
2021-03-06 19:00:00,21.02669067930301,39.04212766040518,29.89244447177293
2021-03-06 20:00:00,17.98671480306504,35.58296509854556,26.978385468408348
2021-03-06 21:00:00,15.847566863429417,31.56352666017136,23.53341858891258
2021-03-06 22:00:00,12.016421423295277,23.802859047711078,17.72968848868321
2021-03-06 23:00:00,8.841703063243017,17.340821674225634,12.914998497009133
2021-03-07 00:00:00,6.959030287291433,12.386403371039359,9.150535891887957
2021-03-07 01:00:00,6.033025572479679,11.201300284728172,8.151462417493207
2021-03-07 02:00:00,5.809877600217196,11.140483561738625,7.915564011167137
2021-03-07 03:00:00,5.69600278144631,12.113902657810241,8.36660254338669
2021-03-07 04:00:00,6.118985162002132,14.12537928378874,9.599565920592319
2021-03-07 05:00:00,7.207838874054722,18.379292973121423,12.26582961645074
2021-03-07 06:00:00,10.933782546629802,27.810667003279487,18.909842241207528
2021-03-07 07:00:00,13.95037622654312,33.65857379917238,23.470707290985228
2021-03-07 08:00:00,15.367681700472293,32.735555730563796,23.329884684833544
2021-03-07 09:00:00,13.071884271512467,27.204636765229896,19.422963668931327
2021-03-07 10:00:00,11.579248630670875,22.90757367293312,16.987663450119904
2021-03-07 11:00:00,11.362534373257063,21.34166423232161,16.286036042475992
2021-03-07 12:00:00,11.713408931419762,20.976503404876055,16.22802290138542
2021-03-07 13:00:00,11.32576677128479,20.18154095388434,15.622797361125198
2021-03-07 14:00:00,11.331849951181985,20.439103936678713,15.811986898377642
2021-03-07 15:00:00,12.406607111445629,22.435735147907966,17.340538272365972
2021-03-07 16:00:00,16.589676325409574,28.386204827345804,22.165657964604534
2021-03-07 17:00:00,21.023336063180277,34.385649873596606,27.447325394053934
2021-03-07 18:00:00,23.165056627765946,37.28134688482419,29.232839726390296
2021-03-07 19:00:00,20.399976198874594,34.66896280353685,26.816038374524183
2021-03-07 20:00:00,17.565588921104947,31.486661717339008,24.042948742182354
2021-03-07 21:00:00,15.397515761216443,27.79379532650461,20.954931159494308
2021-03-07 22:00:00,11.655398147348262,20.446760161870937,15.49503074883565
2021-03-07 23:00:00,8.445754226038686,14.303346863773852,10.959299694618434
2021-03-08 00:00:00,7.194922089659247,12.4980105999897,9.508446916378231
2021-03-08 01:00:00,5.894582346468063,10.990821602796983,8.196147934128806
2021-03-08 02:00:00,5.591708809259487,10.815719832645462,7.936515680609276
2021-03-08 03:00:00,5.600705222449211,11.870456458011363,8.46223438190141
2021-03-08 04:00:00,6.021176210839435,13.915030009688396,9.707956506166008
2021-03-08 05:00:00,7.327517528780834,18.172438300341273,12.679363904279873
2021-03-08 06:00:00,10.93767670098345,27.11938613022294,18.884639771140385
2021-03-08 07:00:00,15.424034043072036,34.67497896850484,24.691326578504913
2021-03-08 08:00:00,15.267243445143727,33.53804508556648,24.118505501144472
2021-03-08 09:00:00,12.81788244465951,27.821165237126195,20.238016368927344
2021-03-08 10:00:00,11.20965064846336,23.798460989237707,17.761895202835532
2021-03-08 11:00:00,10.998571748368759,21.914353240610254,16.85328881566758
2021-03-08 12:00:00,11.433691747025604,21.469793192510053,16.79497275576326
2021-03-08 13:00:00,11.253399523725331,20.818566279870147,16.344603250313206
2021-03-08 14:00:00,10.629802078251211,20.144575028759693,15.73264632238249
2021-03-08 15:00:00,11.726108618386224,22.015149262522332,17.282264319642476
2021-03-08 16:00:00,16.275964235762075,28.340760626726397,22.425677318581887
2021-03-08 17:00:00,21.70568195489115,35.57815036899444,28.452563523835362
2021-03-08 18:00:00,22.354960590656983,37.41631035232049,29.52292120705866
2021-03-08 19:00:00,20.66975161809036,36.658517246857016,28.505717522285053
2021-03-08 20:00:00,18.21898657181397,33.777297090359845,25.892006836919382
2021-03-08 21:00:00,15.29990151156612,29.030329806795944,21.942775973959773
2021-03-08 22:00:00,11.504266437095623,21.239960272731732,16.174119978420933
2021-03-08 23:00:00,8.58359931778991,15.168006135436636,11.54013175324494
2021-03-09 00:00:00,7.622920754408133,14.10209677991494,10.438149702713114
2021-03-09 01:00:00,6.224058764788438,12.647437900173056,9.044512089384932
2021-03-09 02:00:00,5.916307771439205,12.585180137790472,8.878353974500905
2021-03-09 03:00:00,5.930483576889968,13.96578766600414,9.547373276653003
2021-03-09 04:00:00,6.431114899694834,16.585491578999925,11.11842183787076
2021-03-09 05:00:00,7.74236928143353,21.23221671463588,14.31333296124596
2021-03-09 06:00:00,11.890256398189146,31.58758560836978,21.479702583019037
2021-03-09 07:00:00,14.706431847956,36.66122526019294,25.629111387943624
2021-03-09 08:00:00,15.299905185271909,34.582610183624546,24.669913350628352
2021-03-09 09:00:00,12.863938475010883,28.502346019481667,20.469945395499824
2021-03-09 10:00:00,11.596639291842932,24.55739209941707,18.05713571567819
2021-03-09 11:00:00,11.67221400543459,23.259182013724843,17.50397025870638
2021-03-09 12:00:00,11.890300492948551,23.074796385622697,17.514424879823064
2021-03-09 13:00:00,12.017208140681054,22.676873035786645,17.364929158452835
2021-03-09 14:00:00,11.30511169195592,22.237355082471165,16.785167401077434
2021-03-09 15:00:00,12.552324370558633,24.590709636986848,18.534171712329275
2021-03-09 16:00:00,17.25926086846368,31.029092420225847,23.96752633282538
2021-03-09 17:00:00,22.20432576729287,37.93540697969021,29.717920215014615
2021-03-09 18:00:00,23.27924755908934,39.502636875671385,30.85351548688885
2021-03-09 19:00:00,20.542393074522543,36.749966325365314,28.483164670047113
2021-03-09 20:00:00,17.96284118184506,33.73464909578533,25.694629868579142
2021-03-09 21:00:00,14.864691877930252,28.61434026703725,21.644790420710983
2021-03-09 22:00:00,11.522464771913862,21.212433549308482,16.149619040647508
2021-03-09 23:00:00,8.638787261090746,15.132694342684303,11.631767593438662
2021-03-10 00:00:00,6.993015640836868,13.42311909941304,9.96998803461705
2021-03-10 01:00:00,5.961902975849918,12.269708435853959,8.98497897909938
2021-03-10 02:00:00,5.945541970697001,12.530205920452012,9.046073116336748
2021-03-10 03:00:00,5.776491145285895,13.355216206540868,9.376029485739329
2021-03-10 04:00:00,6.270970349170897,15.591060017734716,10.710651001437903
2021-03-10 05:00:00,8.01293952716321,20.781420901274135,14.294650821755233
2021-03-10 06:00:00,11.8502312512574,30.344973330154943,21.181807857422175
2021-03-10 07:00:00,15.188603292997245,36.143085346794464,25.990752680980282
2021-03-10 08:00:00,15.28713176276147,34.60986588204714,25.13114762199049
2021-03-10 09:00:00,12.754155232812813,29.19545704092142,21.211302901909946
2021-03-10 10:00:00,11.509831107604262,25.90446833830036,19.075330833815183
2021-03-10 11:00:00,11.301123252003208,24.289088769011958,18.327373635819857
2021-03-10 12:00:00,11.535266977205909,23.938077616735153,18.2598011653716
2021-03-10 13:00:00,11.493787649440444,23.85629458610788,18.181743772292243
2021-03-10 14:00:00,10.91994769666679,23.11459621785249,17.50167535952672
2021-03-10 15:00:00,12.031420163390381,24.739086603260535,18.953380470961164
2021-03-10 16:00:00,16.94720812916424,31.33978748671973,24.387242347065158
2021-03-10 17:00:00,22.33500870366272,38.50569474746261,30.262977873479326
2021-03-10 18:00:00,23.450873931694517,40.90917854128568,31.767540630602326
2021-03-10 19:00:00,21.109871124410013,38.987165935360245,30.098979595784765
2021-03-10 20:00:00,18.603533431261013,36.107080998949996,27.455608318342332
2021-03-10 21:00:00,15.654839161414104,31.118385745033773,23.5071071821073
2021-03-10 22:00:00,11.936039964984447,23.41925589934184,17.644514703737553
2021-03-10 23:00:00,8.80188799662385,16.7043299731358,12.595017225204405
2021-03-11 00:00:00,7.153334668540807,14.11400462348933,10.357720216947481
2021-03-11 01:00:00,6.026899156682639,12.66995993152266,9.161905252164875
2021-03-11 02:00:00,5.649085552675573,12.27096818921731,8.804483881540072
2021-03-11 03:00:00,5.803289636243583,13.519745957497543,9.424639344203282
2021-03-11 04:00:00,6.097020566854991,15.383381764449224,10.586920579205403
2021-03-11 05:00:00,7.508372990229632,19.652978669757587,13.563705560636283
2021-03-11 06:00:00,11.479658201458058,28.963770187094067,20.264645246439763
2021-03-11 07:00:00,15.567272303317147,35.43771724466656,25.473034281311275
2021-03-11 08:00:00,16.0529927926497,34.60493282708964,25.093267416070713
2021-03-11 09:00:00,13.14895248420006,29.992399241367263,21.643003334162408
2021-03-11 10:00:00,11.281842213115308,25.847325869355956,18.990722756444384
2021-03-11 11:00:00,11.355239452596674,24.578003651082124,18.468293638693545
2021-03-11 12:00:00,12.051491569603462,25.192365702820684,18.897310599672654
2021-03-11 13:00:00,11.97845338623443,24.641941012587772,18.556455671016415
2021-03-11 14:00:00,11.120658377927514,23.535556874134933,17.69770925500269
2021-03-11 15:00:00,12.071550646593591,25.247947975086344,19.194752217235468
2021-03-11 16:00:00,17.37173158930536,32.80418356028389,25.101233878272172
2021-03-11 17:00:00,22.650735260587407,39.11094020020508,30.63698095336351
2021-03-11 18:00:00,23.27108440552965,40.1964879276848,31.22177093712717
2021-03-11 19:00:00,20.925700228378968,37.68406230118296,29.307895343785837
2021-03-11 20:00:00,18.271832375233213,34.57669404535248,26.44880085585135
2021-03-11 21:00:00,15.21919135874161,29.711375941538538,22.502301544427343
2021-03-11 22:00:00,11.64705156821996,22.27917975600246,16.877398430502307
2021-03-11 23:00:00,8.862395643520049,16.314855463287238,12.367025976333887
2021-03-12 00:00:00,7.0286772979988426,12.506564996728748,9.337723424634921
2021-03-12 01:00:00,5.9590270625851085,11.17551416378671,8.248382173289373
2021-03-12 02:00:00,5.579732589357459,10.829696974166376,7.908880753789986
2021-03-12 03:00:00,5.712278203843292,12.130805144905928,8.544554484452846
2021-03-12 04:00:00,6.046308389147512,14.128048731710848,9.75336552317925
2021-03-12 05:00:00,7.705959216607881,19.088015149794167,13.08757393583976
2021-03-12 06:00:00,11.653665387046756,28.74260110723312,19.89901331902638
2021-03-12 07:00:00,14.871282665847867,35.012960604707025,24.678726062857564
2021-03-12 08:00:00,14.726712588170743,32.86357965594499,23.487595979756435
2021-03-12 09:00:00,12.860434714450317,27.662553426129165,19.98519944476201
2021-03-12 10:00:00,12.017035785506376,24.285803242012115,17.847188920317095
2021-03-12 11:00:00,11.78182143587781,22.68478363043677,17.08436718140544
2021-03-12 12:00:00,11.502319359871603,21.138225707689468,16.442815823651376
2021-03-12 13:00:00,11.46296257174776,20.26703486646772,15.911020898901107
2021-03-12 14:00:00,10.602823749167637,19.52135757472298,15.274997687786888
2021-03-12 15:00:00,11.801924123426714,21.534795006392415,16.89781416649312
2021-03-12 16:00:00,16.463596793237873,27.77585391532043,22.008887396555462
2021-03-12 17:00:00,21.626454272688786,34.327705933756384,27.572062480463384
2021-03-12 18:00:00,22.534992356677268,36.52600125549338,28.90774784991321
2021-03-12 19:00:00,20.16937298102288,34.18328340567666,26.976095788006262
2021-03-12 20:00:00,18.005182486773048,31.801343854934505,24.65350606089997
2021-03-12 21:00:00,14.730996713540703,26.866724034524417,20.61416374542757
2021-03-12 22:00:00,11.429808639379145,19.855697045861643,15.39629511922899
2021-03-12 23:00:00,8.589695457102064,14.555676495446486,11.162619285919593
2021-03-13 00:00:00,7.144139075793404,12.179643258051163,9.221961877674733
2021-03-13 01:00:00,5.973355429392265,10.87132956556026,8.10191774587254
2021-03-13 02:00:00,5.614375280970777,10.634685550431938,7.775839982424887
2021-03-13 03:00:00,5.8320964442077985,12.180057888968756,8.537719765975881
2021-03-13 04:00:00,6.247646180175537,14.142183801393967,9.801727064372677
2021-03-13 05:00:00,7.259570800780794,18.105442430456403,12.366556715997026
2021-03-13 06:00:00,10.597847791197303,26.48336911328402,18.46062906715971
2021-03-13 07:00:00,13.938446569511466,32.205322380568816,23.02513099088279
2021-03-13 08:00:00,14.710159658237588,31.264286295684155,22.805658382638235
2021-03-13 09:00:00,12.890688494131034,26.44620678203255,19.25779668632936
2021-03-13 10:00:00,11.520167705959912,22.690111910464395,17.056561176738015
2021-03-13 11:00:00,11.838443340690075,21.859459171590238,16.91721955974923
2021-03-13 12:00:00,11.4200461666524,20.83416665335885,16.31920689615182
2021-03-13 13:00:00,10.959283820793136,19.877217584680057,15.616764713471937
2021-03-13 14:00:00,10.960858792267224,20.049419187247363,15.708876950233693
2021-03-13 15:00:00,12.064771517278048,21.95296992272545,17.214532415931664
2021-03-13 16:00:00,15.991908680264032,27.518763712632104,21.96912524350788
2021-03-13 17:00:00,20.78195756317452,33.95913149658039,27.31105348420695
2021-03-13 18:00:00,22.701104508446342,36.70706930690941,29.051663491484085
2021-03-13 19:00:00,20.264840039261358,34.422688452776946,26.980584161523378
2021-03-13 20:00:00,17.85463926427254,31.709314958753012,24.49680469434405
2021-03-13 21:00:00,15.360078637211375,27.58495684518373,20.979179397942552
2021-03-13 22:00:00,11.727071028152842,20.503507024384383,15.616904168023446
2021-03-13 23:00:00,8.78516787421027,14.68641245728382,11.32552181037924
2021-03-14 00:00:00,7.012641268844668,12.773774713484661,9.551480003087208
2021-03-14 01:00:00,5.960926070145685,11.498472412345897,8.429342525215485
2021-03-14 02:00:00,5.699042975833889,11.46429034268673,8.22441411830828
2021-03-14 03:00:00,5.6339058613134565,12.513162835964959,8.71127134891123
2021-03-14 04:00:00,6.124498786416416,14.841748726383518,10.13324721586941
2021-03-14 05:00:00,7.336416756244006,19.240802333377484,13.027984268255041
2021-03-14 06:00:00,10.517638936991188,28.061848013162187,19.15778498900166
2021-03-14 07:00:00,14.086415543520118,34.70051082169208,24.223796622700018
2021-03-14 08:00:00,15.138145363952045,33.528113497373624,23.79507883446427
2021-03-14 09:00:00,13.70790655983647,28.855367669481172,20.57667639297418
2021-03-14 10:00:00,12.106743084475783,24.622483089987714,18.110328105886598
2021-03-14 11:00:00,11.657266032686785,22.643815960797443,17.130838758125904
2021-03-14 12:00:00,11.580568024221998,21.74353731722184,16.76497281603877
2021-03-14 13:00:00,11.241017058066136,20.868522068323575,16.138796748099825
2021-03-14 14:00:00,11.422285910036868,21.175379746458944,16.265641300712605
2021-03-14 15:00:00,13.02474970810007,24.198760250393097,18.418206389571946
2021-03-14 16:00:00,17.110378754400507,30.37028183165447,23.413895340981878
2021-03-14 17:00:00,21.172221364726056,36.369470633399246,28.639851087569426
2021-03-14 18:00:00,23.644747733641374,39.46095479276923,30.820725680376455
2021-03-14 19:00:00,20.840539223568967,36.44916596628787,28.114926768551072
2021-03-14 20:00:00,17.621476900458042,32.57829680979461,24.817625834254553
2021-03-14 21:00:00,15.257042250327443,28.215898186669165,21.268530285650336
2021-03-14 22:00:00,11.550901675360512,20.491759362617522,15.61316833917163
2021-03-14 23:00:00,8.463645401258342,14.420559444017563,11.115507946762651
2021-03-15 00:00:00,6.803930453049012,12.063576851868586,9.120824814715236
2021-03-15 01:00:00,5.804686938581039,10.921254282542456,8.094300137891048
2021-03-15 02:00:00,5.620246174068341,10.946167062974562,7.960093193824959
2021-03-15 03:00:00,5.644859057724161,12.076871440611404,8.530248485676418
2021-03-15 04:00:00,5.95350662233111,14.07731673634772,9.742581154134326
2021-03-15 05:00:00,7.486429675410606,18.682509705443188,12.782223697469457
2021-03-15 06:00:00,11.482095830432614,28.136309165697604,19.515465580206225
2021-03-15 07:00:00,14.58410988838247,34.09276077537925,23.837821904758925
2021-03-15 08:00:00,15.289112856419193,32.85714219240664,23.433765347390178
2021-03-15 09:00:00,13.02781692806185,27.4556769143973,19.857847778493568
2021-03-15 10:00:00,11.701293893578582,23.697913650913176,17.52057722865839
2021-03-15 11:00:00,11.360736138779526,21.990455079759844,16.7292465841497
2021-03-15 12:00:00,11.4493674444308,21.46454582376078,16.595184229628646
2021-03-15 13:00:00,11.597425750072215,21.027680912151407,16.29596862621317
2021-03-15 14:00:00,11.451421564849117,21.062711943711832,16.126132700111757
2021-03-15 15:00:00,12.814852019482297,23.52838959740039,17.878597841877713
2021-03-15 16:00:00,17.1809204493846,29.478535327288196,22.988636893547824
2021-03-15 17:00:00,21.742287145147703,35.54464810228698,28.247730597248268
2021-03-15 18:00:00,22.605910224576018,37.012693491137384,29.13863894834416
2021-03-15 19:00:00,20.270108961010145,34.701782407173525,27.20533981728164
2021-03-15 20:00:00,17.812240238486183,31.807152132655123,24.56286755968091
2021-03-15 21:00:00,14.748098864346643,27.021415896673556,20.642252611720053
2021-03-15 22:00:00,11.180956619179081,19.885283785131993,15.310819770169974
2021-03-15 23:00:00,8.290768505076823,14.108187995119662,10.902318598343342
2021-03-16 00:00:00,6.639404432712361,10.563797947512118,8.272002658325263
2021-03-16 01:00:00,5.9854248638258944,9.84382297982183,7.605634208398335
2021-03-16 02:00:00,5.437838176872406,9.513136609863233,7.171090539961554
2021-03-16 03:00:00,5.403746428616133,10.820044766053504,7.807840393992181
2021-03-16 04:00:00,6.029753265007644,13.470776732880042,9.425493557859882
2021-03-16 05:00:00,7.195105892425839,17.870963409817524,12.35385489087984
2021-03-16 06:00:00,10.696755924190304,27.001613838361237,18.658080247205838
2021-03-16 07:00:00,14.806256333613158,33.13626747140608,23.479452215191767
2021-03-16 08:00:00,14.692375605763848,30.326673205003303,21.898992092808594
2021-03-16 09:00:00,12.704426728447453,24.866717355819812,18.490663719216894
2021-03-16 10:00:00,11.067489619912616,20.513676837459943,15.798395276894759
2021-03-16 11:00:00,10.987284106699173,19.073711283181375,15.156301434695969
2021-03-16 12:00:00,11.28027968444627,18.89859413901986,15.220172226341209
2021-03-16 13:00:00,11.331211899417495,18.438891918221213,14.812436706039053
2021-03-16 14:00:00,10.741070704903978,17.60148099141067,14.208686790339739
2021-03-16 15:00:00,11.869306161159958,19.317258694247954,15.639542573913468
2021-03-16 16:00:00,16.319804568844514,25.608567091435535,20.713295038921096
2021-03-16 17:00:00,21.56921715563077,33.08529833410949,26.97481013952883
2021-03-16 18:00:00,22.420207321499248,34.878582456136634,27.942309775673625
2021-03-16 19:00:00,20.297313389292956,33.143816184599345,26.402192084805872
2021-03-16 20:00:00,17.535758051818686,29.99159734028153,23.464493475826302
2021-03-16 21:00:00,14.646824434267995,25.743099969625767,19.993448671852487
2021-03-16 22:00:00,11.085952035074166,18.654883648425812,14.66165257391158
2021-03-16 23:00:00,8.299029116393356,12.746323814320265,10.242632243758985
2021-03-17 00:00:00,6.5419149128312695,11.996721031442664,9.172094478533129
2021-03-17 01:00:00,5.700469541749743,10.991120531072378,8.285204330158251
2021-03-17 02:00:00,5.5067682135256755,10.980614781923114,8.161066952205063
2021-03-17 03:00:00,5.380134572359925,11.9711524169864,8.615706214606965
2021-03-17 04:00:00,5.726555111404688,14.026033500869945,9.900430949911826
2021-03-17 05:00:00,7.1304088566857,18.49845164062574,13.01209214613312
2021-03-17 06:00:00,11.06055816426766,28.022828654853253,19.718689908299257
2021-03-17 07:00:00,14.470355779387155,34.46252978487,24.619189394864257
2021-03-17 08:00:00,15.307516234238994,33.59009201606155,24.30577465059551
2021-03-17 09:00:00,13.18630455130764,28.621282568269205,20.91438595863815
2021-03-17 10:00:00,12.046992894610332,25.157421712908377,18.728086605270178
2021-03-17 11:00:00,11.85575614407209,23.793498916611036,18.078622716455705
2021-03-17 12:00:00,12.175568462269549,23.593163918374863,18.17385134843302
2021-03-17 13:00:00,12.233583726505868,23.316824868840104,17.944722270134662
2021-03-17 14:00:00,11.636867907113906,23.14460476423862,17.56599520174908
2021-03-17 15:00:00,12.976157912266652,25.648326829156794,19.519419513094046
2021-03-17 16:00:00,17.910325446562574,32.44602660803578,25.292469973237285
2021-03-17 17:00:00,22.27549542109692,38.6285833125265,30.542687856107243
2021-03-17 18:00:00,23.645067572884543,40.71667131713282,31.898486711256453
2021-03-17 19:00:00,21.030620740154788,38.03591442546252,29.631388900931277
2021-03-17 20:00:00,18.37606570283385,34.82593320242549,26.790395218084548
2021-03-17 21:00:00,15.20174875889573,29.631435861363485,22.566776302407238
2021-03-17 22:00:00,11.899186681284279,22.25592252386249,17.084290957787907
2021-03-17 23:00:00,8.731715777293202,15.671337531033203,11.99735207943887
2021-03-18 00:00:00,7.29396809990573,14.406677233066466,10.82562649441976
2021-03-18 01:00:00,6.252432587514915,13.167335583380433,9.743987446131255
2021-03-18 02:00:00,6.03048713768824,13.139609526894198,9.587031602578612
2021-03-18 03:00:00,6.122805859344875,14.459780461728457,10.279585843927002
2021-03-18 04:00:00,6.532394016780528,16.882235210024295,11.816898267738022
2021-03-18 05:00:00,8.264099778687086,22.31292164089849,15.6513056772163
2021-03-18 06:00:00,11.807144185050756,31.536470987390043,22.46461594703985
2021-03-18 07:00:00,15.408647552602526,37.623123385651965,27.42858961804711
2021-03-18 08:00:00,15.28939136332052,35.89909379299774,26.537951299935667
2021-03-18 09:00:00,13.083979608003803,31.00177714384984,22.717725733429493
2021-03-18 10:00:00,11.627772831180602,27.02549243756519,20.126190363357573
2021-03-18 11:00:00,11.621144339302292,25.99047938521246,19.682076634543566
2021-03-18 12:00:00,12.09347418327771,25.89773481207646,19.77626756776978
2021-03-18 13:00:00,12.13698028566165,25.23686704130369,19.30143872646514
2021-03-18 14:00:00,11.480480494896995,24.97118612460699,18.88473600505555
2021-03-18 15:00:00,12.818035015087357,27.311754346632444,20.882583372168845
2021-03-18 16:00:00,17.493890687982486,33.952860741887406,26.297997851073333
2021-03-18 17:00:00,22.52646124441093,40.56500820745393,32.075704872546474
2021-03-18 18:00:00,23.68137305396596,42.11684598750993,32.92604015541866
2021-03-18 19:00:00,21.239807910128576,39.496414601672,30.94111989933791
2021-03-18 20:00:00,18.66996164356159,36.65655110915305,28.261538393036368
2021-03-18 21:00:00,15.445567587890453,31.38546240059943,23.995369824298287
2021-03-18 22:00:00,12.241868299477654,24.55883871892762,18.691899935595124
2021-03-18 23:00:00,9.38678819047724,18.15135799886496,13.735869120363818
2021-03-19 00:00:00,7.4659876295566985,16.443431194052028,12.045866286620031
2021-03-19 01:00:00,6.800620920513483,15.905189671838022,11.46537297479347
2021-03-19 02:00:00,6.592367602164892,15.977812977161925,11.29492184351299
2021-03-19 03:00:00,6.819896195095022,17.409808365758618,12.091902087443165
2021-03-19 04:00:00,7.23627978994938,19.91460651167018,13.68418354889995
2021-03-19 05:00:00,8.615781934942406,25.026699255183278,17.344877035277896
2021-03-19 06:00:00,12.564228619077618,35.08989314384134,24.840620097999427
2021-03-19 07:00:00,16.161557413201578,42.18624215447417,30.498991812113882
2021-03-19 08:00:00,15.410900913064715,39.92989847089955,29.256314283428523
2021-03-19 09:00:00,13.012467907922112,33.722691029248054,24.44560119151862
2021-03-19 10:00:00,11.642821025817808,29.241307537079827,21.543441946161053
2021-03-19 11:00:00,11.418989046429472,27.175423457689,20.449907299828674
2021-03-19 12:00:00,11.892315933549149,26.95719368049154,20.428890859182303
2021-03-19 13:00:00,12.240011749304246,26.85102175949727,20.379566250094083
2021-03-19 14:00:00,11.702542669553178,26.328793813786646,19.756434324674483
2021-03-19 15:00:00,12.923346914574537,28.52556020937944,21.592513759614658
2021-03-19 16:00:00,17.710569348188276,35.25337281900528,27.129692738926153
2021-03-19 17:00:00,22.4620508545714,41.52513763237741,32.740228828721165
2021-03-19 18:00:00,23.93342463051777,43.584560964464195,34.055740683017376
2021-03-19 19:00:00,21.440152417467154,41.07173677583003,31.932857165583705
2021-03-19 20:00:00,19.050959277125877,38.230609646362026,29.388613668950253
2021-03-19 21:00:00,15.819455579025837,32.742147933993785,24.95619929046986
2021-03-19 22:00:00,12.347431554859977,25.35322785479553,19.24252889210111
2021-03-19 23:00:00,9.15061498592144,18.499614804853913,13.966188492705264
2021-03-20 00:00:00,7.834785800261687,15.89351116903498,11.701444265690409
2021-03-20 01:00:00,6.469023302664249,14.418081706487023,10.41983658133113
2021-03-20 02:00:00,6.385425608684985,14.680730179071855,10.38191982295922
2021-03-20 03:00:00,6.664271342962198,16.16766201657431,11.229072220442374
2021-03-20 04:00:00,7.222021518460367,18.703316116662666,12.935342358162606
2021-03-20 05:00:00,8.006474845584174,22.9121604489454,15.718865824046853
2021-03-20 06:00:00,11.587997863889639,32.42720993934156,22.648442361837713
2021-03-20 07:00:00,14.775355460587884,38.85234128418067,27.925257344748506
2021-03-20 08:00:00,15.831725404010477,37.96476387863347,27.859991277666285
2021-03-20 09:00:00,13.658699472960906,32.64340725620036,23.42539334258323
2021-03-20 10:00:00,12.050132502247846,28.384418695795475,20.794026034797323
2021-03-20 11:00:00,11.691704684022932,26.49993729905056,19.874846959143056
2021-03-20 12:00:00,11.84042113204708,25.403040252457732,19.296354103998862
2021-03-20 13:00:00,11.520895180242611,24.47373908070308,18.64159099114347
2021-03-20 14:00:00,11.395003826089441,24.24166627847453,18.55123693040909
2021-03-20 15:00:00,12.578032394713865,26.58163071730536,20.323232975183366
2021-03-20 16:00:00,16.83092680836965,32.390373544751554,25.206602094246207
2021-03-20 17:00:00,21.125726309739537,38.4596254806395,30.504375328044794
2021-03-20 18:00:00,23.881462867645848,41.91430884314771,32.957285362929845
2021-03-20 19:00:00,21.434587947258855,40.005558255808594,30.66803898786598
2021-03-20 20:00:00,18.739530220473526,37.615740948464484,28.5809918754474
2021-03-20 21:00:00,16.486652510355864,33.44924868164061,25.09461129651942
2021-03-20 22:00:00,12.762095401462586,25.519885130665422,19.02685607854619
2021-03-20 23:00:00,9.580183928014977,18.77867599494828,14.020583524857177
2021-03-21 00:00:00,7.595847518175656,15.871032051451959,11.331591648343585
2021-03-21 01:00:00,6.7865619203455205,14.982425180182483,10.50374949161207
2021-03-21 02:00:00,6.614511062545934,15.06783880619141,10.341251421097033
2021-03-21 03:00:00,6.581897696096568,16.31653063126559,11.025672215623345
2021-03-21 04:00:00,7.07701557894465,18.870148366434673,12.657681802767815
2021-03-21 05:00:00,7.953315743814497,23.288310163967793,15.501657705314374
2021-03-21 06:00:00,11.418345977052052,32.56140398584198,22.19944896279858
2021-03-21 07:00:00,15.109679732809719,39.43627357598283,27.688557412707258
2021-03-21 08:00:00,16.336687700042766,38.019354711048955,27.26736550541246
2021-03-21 09:00:00,14.50918657311126,33.06982994429288,23.306007479950093
2021-03-21 10:00:00,12.81225163208252,28.663355634044937,20.622077735840964
2021-03-21 11:00:00,11.779784596734682,25.4759997499004,18.90585927294594
2021-03-21 12:00:00,11.88720381773962,25.086378098058553,18.84955097816247
2021-03-21 13:00:00,11.759225149700583,24.91598010639719,18.57030205005748
2021-03-21 14:00:00,12.300263490924433,26.059653194197814,19.2064424905767
2021-03-21 15:00:00,13.373985640589868,28.385360035620227,21.059759288104416
2021-03-21 16:00:00,17.450797583386876,33.779319312155486,25.64820365164411
2021-03-21 17:00:00,21.5305381054557,39.101906156266374,30.569578915590785
2021-03-21 18:00:00,23.857791385023145,41.490300789182754,32.491400711421434
2021-03-21 19:00:00,20.777478673621744,37.81623460030128,28.913524882844854
2021-03-21 20:00:00,17.586679604690985,33.86374566381912,25.765961226645977
2021-03-21 21:00:00,15.800748760936617,30.004643174027702,22.720372842424023
2021-03-21 22:00:00,11.53770618186609,21.831816031436347,16.496234699801743
2021-03-21 23:00:00,8.465506183502649,15.637577348054707,11.854634204539748
2021-03-22 00:00:00,6.817595704421457,12.477877015334709,9.500851587659653
2021-03-22 01:00:00,5.859406136431553,11.426945654568307,8.535189617295417
2021-03-22 02:00:00,5.6106647063663555,11.42060818068868,8.373643770682213
2021-03-22 03:00:00,5.677756764770212,12.466320205961228,8.91904125037183
2021-03-22 04:00:00,6.318765744796155,14.794907584198766,10.466939001685756
2021-03-22 05:00:00,7.833139467829742,19.2655564872178,13.541431188865364
2021-03-22 06:00:00,11.652227027079045,28.840217204619922,20.38301095101813
2021-03-22 07:00:00,14.413117009585624,34.00828933445099,24.722167915007283
2021-03-22 08:00:00,14.951141818378172,33.36002208704566,24.359287537053554
2021-03-22 09:00:00,12.96212638262015,29.572694852508715,21.509806626405886
2021-03-22 10:00:00,11.658526350734567,25.934915309179438,19.351161668073395
2021-03-22 11:00:00,11.251880896031324,24.373152065334178,18.468325941106066
2021-03-22 12:00:00,11.462931167661047,23.651378518294777,18.146638634310108
2021-03-22 13:00:00,11.290637507866697,23.03613952368713,17.757361473498626
2021-03-22 14:00:00,10.791715479368872,22.520747548103436,17.280800026413637
2021-03-22 15:00:00,11.979280766624703,24.582059521979296,18.91321952636038
2021-03-22 16:00:00,16.713072233550026,31.61164429112014,24.54797577075288
2021-03-22 17:00:00,21.635627804697783,37.529177931981486,29.893408806369514
2021-03-22 18:00:00,23.720718926542645,41.14242511043987,32.03943150451548
2021-03-22 19:00:00,21.091904533258187,38.55381806670485,29.934474409790052
2021-03-22 20:00:00,18.822737218619984,36.127801755508344,27.571144850970644
2021-03-22 21:00:00,15.605822241639082,30.800548092262158,23.375376485278856
2021-03-22 22:00:00,12.140594785441973,23.21952025852919,17.643867501234904
2021-03-22 23:00:00,9.23750809783168,17.12197158461399,12.847158668899896
2021-03-23 00:00:00,7.40739423103939,16.41649878704879,12.085625214884882
2021-03-23 01:00:00,6.548632394736048,15.658231893608372,11.30693087572117
2021-03-23 02:00:00,6.535635097674227,15.869719290154517,11.293947236630988
2021-03-23 03:00:00,6.433756089144644,17.03092029332962,11.914500576021599
2021-03-23 04:00:00,6.810989942216073,19.420760143915913,13.472740658944431
2021-03-23 05:00:00,8.531729825924124,24.85340157785511,17.365658028978814
2021-03-23 06:00:00,12.035398925040052,34.02843009504325,24.299048989531038
2021-03-23 07:00:00,16.167378177464133,42.60991967256806,30.863389600738905
2021-03-23 08:00:00,15.73653027777834,41.42226668949021,30.379827356051273
2021-03-23 09:00:00,13.258260499934371,35.632767602588366,25.84955935031515
2021-03-23 10:00:00,12.189744750776692,31.61742262395143,23.195323206715
2021-03-23 11:00:00,11.532616922746236,29.19466596870856,21.84597580388143
2021-03-23 12:00:00,11.755313736172948,28.07845504725278,21.30579608370983
2021-03-23 13:00:00,11.801532438095197,27.343220395634077,20.873507453205505
2021-03-23 14:00:00,10.975874865806647,26.249094094530605,19.91374694286957
2021-03-23 15:00:00,12.732443224587023,30.005746861510985,22.621916892271344
2021-03-23 16:00:00,17.692746087819163,37.107625328084715,28.425252244489943
2021-03-23 17:00:00,22.383157076767453,43.537478698901204,34.07510250788624
2021-03-23 18:00:00,25.09904077186971,47.51061318170855,36.691411123740686
2021-03-23 19:00:00,21.925680940179717,44.45311963247233,34.18941813336374
2021-03-23 20:00:00,19.42172623777636,41.569971636992285,31.619569109133128
2021-03-23 21:00:00,16.28344024674157,36.18657676296978,27.253679383307045
2021-03-23 22:00:00,12.880484099668584,27.845677861890447,21.024686011694577
2021-03-23 23:00:00,9.72060557317964,20.63884285073922,15.452432147214354
2021-03-24 00:00:00,8.316770546791021,21.14438534152505,15.102944839542172
2021-03-24 01:00:00,7.2524862568502,19.965839159475657,14.034971649068872
2021-03-24 02:00:00,6.993027936060166,19.661008083537862,13.64694290748401
2021-03-24 03:00:00,7.3246290305381025,21.816351267902398,14.914008649774905
2021-03-24 04:00:00,7.250926601482297,23.55824794771805,16.085537537582905
2021-03-24 05:00:00,9.123322045839428,29.280270950402993,20.23631227735269
2021-03-24 06:00:00,12.760146145128248,38.742878837787224,27.407058623608947
2021-03-24 07:00:00,17.120355704715834,46.284270717800894,33.38583894200275
2021-03-24 08:00:00,17.67104884595515,46.607224022419985,33.951435700333754
2021-03-24 09:00:00,14.71416461369403,41.024813483739095,29.460389104011494
2021-03-24 10:00:00,13.372681738710549,37.4550351824631,26.837090005337597
2021-03-24 11:00:00,12.690361797534413,34.420501742288266,25.14418448262695
2021-03-24 12:00:00,12.85887660562093,33.494735241599464,24.763987054774386
2021-03-24 13:00:00,12.297103578457483,30.961567715822703,23.255067821627854
2021-03-24 14:00:00,11.277142921783023,29.945274000162623,22.254029471290668
2021-03-24 15:00:00,12.782913112769522,33.21119751889862,24.646556156097734
2021-03-24 16:00:00,17.557947614313974,39.583668426776754,30.079565855167274
2021-03-24 17:00:00,22.83740251927902,46.7980620050248,36.26844503952321
2021-03-24 18:00:00,24.948356129719542,49.974315703835465,38.33426116177391
2021-03-24 19:00:00,22.641156259967218,48.11044706511946,36.5818766033603
2021-03-24 20:00:00,19.554010160557375,44.40611141832222,33.43525409223615
2021-03-24 21:00:00,16.412002582481534,38.96946691351254,29.00612952333455
2021-03-24 22:00:00,12.66561179761504,29.651766486326245,22.077732613538092
2021-03-24 23:00:00,9.752433775954703,22.218074702012643,16.434667067882383
2021-03-25 00:00:00,8.05165963604231,18.437388226022925,13.306222380466364
2021-03-25 01:00:00,7.159280674935904,17.59873212127051,12.427366162294668
2021-03-25 02:00:00,6.897430335182486,17.562520508446294,12.233401466630914
2021-03-25 03:00:00,6.95565882379496,18.918451219729903,13.01388461510546
2021-03-25 04:00:00,7.335125219730765,21.57224562614963,14.736989371732182
2021-03-25 05:00:00,9.027823475256536,27.570286043575653,18.95627917911968
2021-03-25 06:00:00,13.491208178197464,39.01845222199891,27.472904021717646
2021-03-25 07:00:00,15.842306034416309,45.065302473071206,32.07809680060052
2021-03-25 08:00:00,15.828417189793894,43.527607526084836,31.461229837074605
2021-03-25 09:00:00,13.788052225144753,37.61940621252772,26.999860363544965
2021-03-25 10:00:00,12.434829369560344,33.44647911781771,24.09083596513109
2021-03-25 11:00:00,11.998107798638403,30.980694121353714,22.782984081668516
2021-03-25 12:00:00,12.52594800756282,30.449463257832146,22.60270210441374
2021-03-25 13:00:00,12.38871611257176,29.297400438533813,21.89287587856961
2021-03-25 14:00:00,11.787848985005075,29.19127309538286,21.552312899076856
2021-03-25 15:00:00,12.61420196411187,30.949545682756384,23.088368371247334
2021-03-25 16:00:00,17.40323190575682,37.88244430968098,28.82584939766314
2021-03-25 17:00:00,22.718882570370543,44.8249095069349,34.718023530226695
2021-03-25 18:00:00,25.198589795626653,48.1263015968106,36.96699749955443
2021-03-25 19:00:00,22.1131555574934,45.02350195214294,34.37258609199617
2021-03-25 20:00:00,19.555392932360387,42.50180726830311,32.073381485919164
2021-03-25 21:00:00,16.441679140155724,36.94073450393346,27.531504982948494
2021-03-25 22:00:00,12.67015567640614,27.899830300105908,20.780665603090025
2021-03-25 23:00:00,9.690930993010756,20.838929468716927,15.414143131637834
2021-03-26 00:00:00,7.746004909806261,17.304178734245088,12.367495621705906
2021-03-26 01:00:00,6.934550952052384,16.54101783836375,11.547601810718666
2021-03-26 02:00:00,6.610592489622345,16.305008164675712,11.236720476353234
2021-03-26 03:00:00,6.838811963235963,17.84518661342614,12.089261367264216
2021-03-26 04:00:00,7.199750259735016,20.337253613737442,13.618220649643883
2021-03-26 05:00:00,9.18269426907444,26.188136641290907,17.812927699167076
2021-03-26 06:00:00,12.899094551830819,36.743949394331615,25.27771830051357
2021-03-26 07:00:00,15.519645877111058,43.15166675536897,30.326006102731945
2021-03-26 08:00:00,15.508516617804972,41.62108896755321,29.614561610602436
2021-03-26 09:00:00,14.020433404823939,36.28119336537352,25.617283475369334
2021-03-26 10:00:00,12.267046845869283,31.595134391298338,22.44955581338273
2021-03-26 11:00:00,11.777688942551322,28.920990274572617,21.075381525634732
2021-03-26 12:00:00,12.321244161727119,28.65994216990392,21.103963177360164
2021-03-26 13:00:00,12.502754610618787,27.773906943686697,20.597974730001834
2021-03-26 14:00:00,11.89398236749706,26.993771877159013,19.841330387822904
2021-03-26 15:00:00,13.035568457547228,29.443139380189223,21.792157029593604
2021-03-26 16:00:00,17.220608528408984,34.9437370991607,26.571104870710354
2021-03-26 17:00:00,22.129051444511486,41.269870422258705,32.22433547725032
2021-03-26 18:00:00,23.854364714396905,43.52540614504529,33.39573793977409
2021-03-26 19:00:00,21.118475022306598,40.65011829152559,31.129205310870212
2021-03-26 20:00:00,18.666821959384617,37.98493422493828,28.688039154764823
2021-03-26 21:00:00,15.920439667192737,33.606793096286495,25.015913415383533
2021-03-26 22:00:00,12.004859430326272,24.98585384661767,18.624859686707968
2021-03-26 23:00:00,8.976074473090852,18.364922427800504,13.637762245946707
2021-03-27 00:00:00,7.861234592457218,15.008221380782258,10.979309309521874
2021-03-27 01:00:00,6.571792876194039,13.737103250936014,9.782870723686612
2021-03-27 02:00:00,6.002046485699663,13.036285109749112,9.15072291904613
2021-03-27 03:00:00,6.393580044958674,14.874792299326323,10.13885538266263
2021-03-27 04:00:00,6.683223566674563,16.86037733418968,11.378478917425026
2021-03-27 05:00:00,7.672225235805847,20.778767319208868,14.003699496369684
2021-03-27 06:00:00,11.279864912806508,30.20624591027825,20.696492603421973
2021-03-27 07:00:00,14.691345300728017,36.2000002334662,25.543210234348784
2021-03-27 08:00:00,15.684676582155461,35.33386225134886,25.42854414778645
2021-03-27 09:00:00,13.927914387121927,30.698101665408764,21.757662155812383
2021-03-27 10:00:00,12.360133318216814,26.68502744512403,19.34276706281093
2021-03-27 11:00:00,11.716023993616423,24.721402421781963,18.430987459543445
2021-03-27 12:00:00,11.621682984291569,23.928203773677872,18.14177723529895
2021-03-27 13:00:00,11.415249535682053,23.79409940188339,17.886509550871605
2021-03-27 14:00:00,11.364837440807301,23.57647568512547,17.76854407154284
2021-03-27 15:00:00,12.514827800731286,25.516091605025593,19.300792484548023
2021-03-27 16:00:00,17.179282599734854,32.974552863078884,25.015414866474842
2021-03-27 17:00:00,21.057541401086052,37.800573624654355,29.583364341188254
2021-03-27 18:00:00,24.058048235806307,41.379415083742586,32.09022030780317
2021-03-27 19:00:00,21.057472449084557,38.261173167819365,29.174347438347084
2021-03-27 20:00:00,17.925874930804408,34.665470462219446,26.17166770975224
2021-03-27 21:00:00,15.87409858173852,30.937122050784968,23.063953961067945
2021-03-27 22:00:00,12.192238060915349,23.379199121988385,17.377612801699474
2021-03-27 23:00:00,9.461094088807018,17.44741225937921,13.107455146048293
2021-03-28 00:00:00,7.360707448930949,14.296069020570057,10.522754273717272
2021-03-28 01:00:00,6.6654121583210015,13.42832265885725,9.673809413873926
2021-03-28 02:00:00,6.325421166155874,13.385797946538696,9.459353275430107
2021-03-28 03:00:00,6.411786699259176,14.793418680848504,10.16711311126991
2021-03-28 04:00:00,7.160832508291118,17.7579038449388,12.05412091408255
2021-03-28 05:00:00,8.053987380549026,22.216445266040637,14.96585893340472
2021-03-28 06:00:00,12.000649176738138,32.19582021732021,22.199723707109136
2021-03-28 07:00:00,14.977315264354964,38.14482685406579,27.22697389756635
2021-03-28 08:00:00,15.323334445378684,35.981012584496995,25.924980304926343
2021-03-28 09:00:00,13.449973877161531,31.026990123927643,22.09841989091553
2021-03-28 10:00:00,12.07038965783543,26.76281451573926,19.55454515002771
2021-03-28 11:00:00,11.805013231402754,25.391209544658622,18.97706156969626
2021-03-28 12:00:00,11.530469025580226,23.995993927142678,18.230204459155235
2021-03-28 13:00:00,11.05109718741395,23.137653074063028,17.631330110896442
2021-03-28 14:00:00,10.96005658124458,22.737998421729852,17.373968455679137
2021-03-28 15:00:00,12.29061035453356,24.984698263463496,19.163770311499782
2021-03-28 16:00:00,16.233135120550642,30.307303143128834,23.720218473814253
2021-03-28 17:00:00,20.82034959516226,36.20787373901675,28.937939654237898
2021-03-28 18:00:00,23.225609924163866,38.99930837859645,30.609192857130417
2021-03-28 19:00:00,20.94990347189609,37.75001505302502,29.178101278110415
2021-03-28 20:00:00,18.236577554497167,35.2462763442746,26.68301454307142
2021-03-28 21:00:00,15.96246925670921,31.315173077058947,23.375985669885537
2021-03-28 22:00:00,12.181637676479339,23.444327253956462,17.52694692625744
2021-03-28 23:00:00,9.114861164128742,17.2534307106999,12.88028437305415
2021-03-29 00:00:00,7.4186776468578115,14.413721607430718,10.47551943405158
2021-03-29 01:00:00,6.203837988412812,12.72713367863141,9.143489939504931
2021-03-29 02:00:00,5.936397864709358,12.52433378192637,8.894118391746064
2021-03-29 03:00:00,5.960552957517396,13.849164747284906,9.597207307677733
2021-03-29 04:00:00,6.245365548612681,16.061075116249622,10.916177564432651
2021-03-29 05:00:00,7.7184633957274364,21.334931153869338,14.375374393650603
2021-03-29 06:00:00,11.490987017196083,31.68350205476493,21.59485710367502
2021-03-29 07:00:00,15.132247102670133,38.20329588101439,26.573548830008388
2021-03-29 08:00:00,16.086568567759763,36.72698650535569,25.964564589770784
2021-03-29 09:00:00,13.539294110486543,30.588289547632645,21.77693192433513
2021-03-29 10:00:00,12.13453228745589,26.17368943815652,19.041967899946897
2021-03-29 11:00:00,11.834355267146934,24.07828412836416,18.05246080533398
2021-03-29 12:00:00,12.02697439913168,23.488990712161502,17.799608464084617
2021-03-29 13:00:00,12.593991487080942,23.788416654873416,18.09852497535787
2021-03-29 14:00:00,10.986797850570325,21.690136452045635,16.574470929377785
2021-03-29 15:00:00,11.804321497162965,23.16920174941307,17.902382236613835
2021-03-29 16:00:00,16.47478418752236,29.95793219329615,23.33147467715293
2021-03-29 17:00:00,21.405025960913107,37.13770321930846,29.33742320131627
2021-03-29 18:00:00,23.421668788942732,40.04507518243806,31.000656366877998
2021-03-29 19:00:00,20.67914146064932,37.59366102231717,29.01115802904419
2021-03-29 20:00:00,18.09527576563333,34.81142809364648,26.36263372081663
2021-03-29 21:00:00,15.032271526566348,29.740836143514365,22.351932311104513
2021-03-29 22:00:00,11.618818339395501,22.43754417489342,16.86510371012904
2021-03-29 23:00:00,8.85260892856359,16.145522572737946,12.147568970840027
2021-03-30 00:00:00,7.0859901920401125,12.980751664469715,9.641084805649683
2021-03-30 01:00:00,6.17544905260792,11.859149738700012,8.655021685118934
2021-03-30 02:00:00,5.914717683474007,11.79619639699599,8.465923581014163
2021-03-30 03:00:00,6.0124882755090905,13.139993823224485,9.137512109395685
2021-03-30 04:00:00,6.53871660263843,15.62734560919457,10.69485606972252
2021-03-30 05:00:00,7.9228953561615905,20.296975608199187,13.888390920954977
2021-03-30 06:00:00,12.006911283500457,30.30005267200639,21.042268823092463
2021-03-30 07:00:00,14.218919430018921,34.421817421782904,24.409983264395674
2021-03-30 08:00:00,14.80613438022685,32.941751814941696,23.619282759488286
2021-03-30 09:00:00,12.474779164636862,26.609598590457683,19.42471830762755
2021-03-30 10:00:00,11.53115637036739,23.61334703750174,17.564236991750388
2021-03-30 11:00:00,11.212194530918675,21.724093503161185,16.694720612678733
2021-03-30 12:00:00,11.425290835343052,21.57334784362351,16.75492884689617
2021-03-30 13:00:00,11.342386414514364,20.89800709067832,16.315060105673457
2021-03-30 14:00:00,11.30005400642161,21.77767091859561,16.56536302730972
2021-03-30 15:00:00,12.399222565906788,23.624646148099863,18.076606650664043
2021-03-30 16:00:00,16.96454637828336,30.083972167025326,23.355143676417413
2021-03-30 17:00:00,21.938947593327185,36.8391446566824,29.136393910344193
2021-03-30 18:00:00,22.989714426381486,38.35606789457828,29.92135429103199
2021-03-30 19:00:00,20.62339716814562,35.87970117291754,28.127933534664027
2021-03-30 20:00:00,17.854591980341624,32.51758383882053,25.045724703234956
2021-03-30 21:00:00,14.826465725252977,27.53062849039509,21.077963162747572
2021-03-30 22:00:00,11.375347510251968,20.43966411369676,15.727820873217597
2021-03-30 23:00:00,8.3499622077863,14.407250409718845,11.115396745336215
2021-03-31 00:00:00,6.699545760810182,11.4061644783283,8.71872370880368
2021-03-31 01:00:00,5.922397124048775,10.375675432626162,7.815669161557621
2021-03-31 02:00:00,5.49903572999783,10.118610185001899,7.534020395998608
2021-03-31 03:00:00,5.536329746883482,11.180775701750669,8.05678324567708
2021-03-31 04:00:00,5.810241936819673,12.827580352407221,9.096328412662277
2021-03-31 05:00:00,7.458323126005477,17.24649872671566,12.137376727130007
2021-03-31 06:00:00,11.199752055377129,26.03163159779492,18.354211458017172
2021-03-31 07:00:00,13.959950959923141,30.964039305252506,22.245681665607176
2021-03-31 08:00:00,14.708570526731092,30.02666900373056,21.89919725899819
2021-03-31 09:00:00,12.31611588485871,25.09581508377335,18.622956451709356
2021-03-31 10:00:00,10.963913809175672,21.30656393621047,16.281860725716854
2021-03-31 11:00:00,10.862209672402178,19.867080383424828,15.646232644098953
2021-03-31 12:00:00,11.164833806378702,19.55206650602446,15.626993485570274
2021-03-31 13:00:00,11.023236111232022,19.06582946801357,15.267808868243314
2021-03-31 14:00:00,10.44428455047104,18.639720671289506,14.84546487958274
2021-03-31 15:00:00,11.644800849526687,20.58921608747956,16.448604088485496
2021-03-31 16:00:00,15.719183815929659,26.118787951518698,21.10878434832295
2021-03-31 17:00:00,20.868077442440303,32.79526538748199,26.718521804890404
2021-03-31 18:00:00,22.32748652247055,36.11522303096638,28.689484428918927
2021-03-31 19:00:00,20.321483946741232,34.51426481798263,27.173029869878164
2021-03-31 20:00:00,17.824422178178445,31.926887431475418,24.66473448935984
2021-03-31 21:00:00,15.006459587860475,27.603162977813273,21.093147606913387
2021-03-31 22:00:00,11.52728601648594,20.62527810312262,15.811964155117796
2021-03-31 23:00:00,8.815223183079594,14.987903383706254,11.469985319855523
2021-04-01 00:00:00,6.870294756882295,11.402678919519394,8.605192173369113
2021-04-01 01:00:00,6.11990334048557,10.486808376834928,7.75984192497637
2021-04-01 02:00:00,6.0997883954332535,10.629395858538498,7.7544076386519665
2021-04-01 03:00:00,5.955734404886207,11.422196967199511,8.027838154598578
2021-04-01 04:00:00,6.360148067942161,13.21852800075724,9.09191472228504
2021-04-01 05:00:00,7.731073249436702,16.95038591011339,11.69522356022254
2021-04-01 06:00:00,10.844139133877361,24.811738430627532,17.325583955058388
2021-04-01 07:00:00,13.015793582395064,29.22931156189715,20.976049847979304
2021-04-01 08:00:00,13.891458316950441,27.422232175597596,20.182674751547655
2021-04-01 09:00:00,12.169956244835202,22.890160543787243,17.092211655257483
2021-04-01 10:00:00,10.74320961628271,19.320143006143056,14.988915598223027
2021-04-01 11:00:00,10.7906140697743,18.175417169490874,14.480181567793947
2021-04-01 12:00:00,10.991038093651776,17.85365090384287,14.512582009735327
2021-04-01 13:00:00,10.593319089934475,17.1736033819539,13.971774948508955
2021-04-01 14:00:00,10.23658412923679,16.940002160333403,13.730516255532816
2021-04-01 15:00:00,11.473143743189981,18.790683280119126,15.250359026133046
2021-04-01 16:00:00,15.438043982509601,23.954507352242523,19.772351303521347
2021-04-01 17:00:00,20.127420871505187,29.704452448623478,24.81542746712099
2021-04-01 18:00:00,21.134961553072962,31.367110714727048,25.772256038369715
2021-04-01 19:00:00,19.44977917684615,30.188144851242257,24.481313524887558
2021-04-01 20:00:00,16.933739194645096,27.84812143837399,22.02105461378306
2021-04-01 21:00:00,14.357902798814848,24.280629794819255,18.892918027312305
2021-04-01 22:00:00,11.112735661627799,18.34778891095964,14.291469776629523
2021-04-01 23:00:00,8.531933646604177,13.670964404316189,10.51168091447414
2021-04-02 00:00:00,6.766571600164313,12.801314200272513,9.288053198063748
2021-04-02 01:00:00,6.273617650855758,12.43225822674659,8.685473894582062
2021-04-02 02:00:00,6.263826250085836,12.809555806063972,8.790547347311755
2021-04-02 03:00:00,5.988152788720185,13.408067234237093,9.051702376264565
2021-04-02 04:00:00,6.267299595609999,15.142564354264982,10.075718236728735
2021-04-02 05:00:00,7.832079137266757,19.297582874719925,12.987004477325605
2021-04-02 06:00:00,10.63294960534127,26.247592938006555,18.001024658065738
2021-04-02 07:00:00,13.146045162007077,30.302377035179987,21.5809481827755
2021-04-02 08:00:00,14.437564184043877,30.312367815649758,21.643524211924365
2021-04-02 09:00:00,12.823895262378839,26.546218733031832,19.020403821017343
2021-04-02 10:00:00,12.01739291103191,24.914997851175958,17.86497417787228
2021-04-02 11:00:00,11.894598477955263,24.083079726372432,17.583809394737752
2021-04-02 12:00:00,11.854051770434202,23.31776040871952,17.35566908991664
2021-04-02 13:00:00,11.51566167939653,22.59642204497851,17.003326562525324
2021-04-02 14:00:00,10.426245904665004,20.833783143393745,15.767797538167448
2021-04-02 15:00:00,11.927923484782099,24.22503815932263,18.113093254264587
2021-04-02 16:00:00,16.472129260536896,29.45851164053487,22.75424513750945
2021-04-02 17:00:00,20.925152356806816,34.78938862439199,27.640637944426278
2021-04-02 18:00:00,22.397670488741795,37.3167441516213,29.108338729319055
2021-04-02 19:00:00,20.71577292583368,36.078587450587854,27.664559244492562
2021-04-02 20:00:00,17.92194529000664,32.909835192650185,24.876456989449967
2021-04-02 21:00:00,15.147370779411547,28.79499696493798,21.31869673663475
2021-04-02 22:00:00,11.938926275627885,22.259411555413426,16.4137385630525
2021-04-02 23:00:00,9.18522099687715,16.618598658559907,12.179739136900853
2021-04-03 00:00:00,7.717749772956178,15.196787467160346,10.900197441431327
2021-04-03 01:00:00,6.934075724749641,14.537585189112518,10.101611958565089
2021-04-03 02:00:00,6.666900580173624,14.478664108384642,9.905553387564915
2021-04-03 03:00:00,7.231241559104593,16.692591714389405,11.052760907580595
2021-04-03 04:00:00,7.3669464467683925,18.526428121355156,12.264229725636383
2021-04-03 05:00:00,8.550133668563255,23.12313872782829,15.208706584318728
2021-04-03 06:00:00,11.343135157270169,31.115383111353808,21.168121895010557
2021-04-03 07:00:00,13.461215157726764,34.984127702040695,24.572365062460772
2021-04-03 08:00:00,14.710074221596376,34.75075063145475,25.017718189009226
2021-04-03 09:00:00,12.781591037986166,29.873401082757805,21.060596362183777
2021-04-03 10:00:00,11.703741593381995,26.503851527343684,19.22156186178929
2021-04-03 11:00:00,11.478820958786102,24.13891077092041,17.96323490081451
2021-04-03 12:00:00,11.365524929291537,23.03646845052191,17.50363188349358
2021-04-03 13:00:00,11.016041636901786,22.47398639028386,17.052103916015906
2021-04-03 14:00:00,10.914453120294056,22.139476541204743,16.844259755509974
2021-04-03 15:00:00,12.086412321256452,24.10058046938034,18.39992830641303
2021-04-03 16:00:00,16.05415124729634,29.952209445339278,23.24176752363939
2021-04-03 17:00:00,20.79401008421822,36.95695045883161,28.90776511672868
2021-04-03 18:00:00,23.37240239862187,40.08386406040888,31.071597555765457
2021-04-03 19:00:00,20.857686893702937,37.800700689454935,28.63188788046868
2021-04-03 20:00:00,17.88276251111572,34.4773628100593,25.793803973329346
2021-04-03 21:00:00,15.764711910485953,30.71829803630647,22.78321922325376
2021-04-03 22:00:00,12.378873853824588,23.79585481677973,17.512311126942627
2021-04-03 23:00:00,9.164035559160695,17.346493552405505,12.73831934480461
2021-04-04 00:00:00,7.497669547998529,14.546566956464103,10.186806653779067
2021-04-04 01:00:00,6.676934211290125,13.509336176213042,9.197947486163503
2021-04-04 02:00:00,6.510474546788791,13.53426907086369,9.048238129743893
2021-04-04 03:00:00,6.609332097184008,14.719274099708297,9.599427939741906
2021-04-04 04:00:00,6.916193100927311,16.67852301044582,10.795381786102528
2021-04-04 05:00:00,7.747404452278684,20.400362282264588,13.118890377621277
2021-04-04 06:00:00,11.032188914637874,28.58605946914421,18.965823503931798
2021-04-04 07:00:00,13.594071369301227,33.00206861444648,22.60430879555876
2021-04-04 08:00:00,14.940931649020964,33.28771481169101,23.153311316999268
2021-04-04 09:00:00,12.883191237651769,27.88332199968083,19.42824987517906
2021-04-04 10:00:00,12.019564766863498,25.523133866784445,18.120645826594746
2021-04-04 11:00:00,11.806611089445957,24.527788836713654,17.65717568222147
2021-04-04 12:00:00,11.741838715007475,23.487269075915222,17.237146255973137
2021-04-04 13:00:00,11.689049005148739,23.18233655152296,16.890876326110938
2021-04-04 14:00:00,11.595313702573616,23.142781664462767,16.87934448678393
2021-04-04 15:00:00,12.723606606242354,25.131429437072196,18.40836524267981
2021-04-04 16:00:00,16.73611697845711,30.963843908168826,23.219893096453355
2021-04-04 17:00:00,20.669800408955265,35.943906517689406,27.80790557008661
2021-04-04 18:00:00,23.41442335264414,39.70366132218832,30.4013762802147
2021-04-04 19:00:00,20.7724125340611,36.36806380797564,27.289543650762
2021-04-04 20:00:00,17.488820386338976,32.20205991684464,24.03401349973611
2021-04-04 21:00:00,15.402374049943667,28.638745649875506,21.098595152692628
2021-04-04 22:00:00,11.658654878433714,21.281554142012375,15.656615970981024
2021-04-04 23:00:00,8.741063278266248,15.549057360936546,11.45511020071532
2021-04-05 00:00:00,7.202940678321389,12.232854082898394,8.891382639273502
2021-04-05 01:00:00,6.158124415300735,10.947057873074046,7.796636612341974
2021-04-05 02:00:00,5.819084984503935,10.742440413498237,7.492991428379145
2021-04-05 03:00:00,6.032110234565985,12.142942470544968,8.156242314008727
2021-04-05 04:00:00,6.124256814311803,13.560715873846029,8.97891090745376
2021-04-05 05:00:00,7.607937395266456,17.760297026221043,11.681921744465521
2021-04-05 06:00:00,10.889652061059452,25.667679880903062,17.193315430641263
2021-04-05 07:00:00,13.301853853961873,30.454715243752428,20.857844386590557
2021-04-05 08:00:00,14.619130529851775,30.11832971066479,20.91413318537062
2021-04-05 09:00:00,12.899513444110104,25.71130769792892,18.056797436688562
2021-04-05 10:00:00,11.618991987522977,21.892552257878258,16.064500889800485
2021-04-05 11:00:00,11.268988015006169,20.34994243769678,15.253327491753518
2021-04-05 12:00:00,11.386714733606624,19.717848626528014,15.1356968438512
2021-04-05 13:00:00,11.134814943502372,19.293371934437047,14.824839901728723
2021-04-05 14:00:00,10.559831997141393,18.823645800453402,14.349885071656146
2021-04-05 15:00:00,12.10412739567526,21.25995431455875,16.167098429065934
2021-04-05 16:00:00,16.632879898864402,27.27719723195716,21.17163946761813
2021-04-05 17:00:00,21.06729826706068,33.202258519487,26.31770985859489
2021-04-05 18:00:00,21.732500360102744,34.435827114416384,27.028522302420864
2021-04-05 19:00:00,20.041140648656818,33.07219906470578,25.524696857657485
2021-04-05 20:00:00,17.337536344446256,29.969112842302962,22.777489497372233
2021-04-05 21:00:00,14.526188088691308,25.70379057689257,19.212176913366164
2021-04-05 22:00:00,11.276713088577681,19.302399843051482,14.456591049468935
2021-04-05 23:00:00,8.530992582457289,13.928828328139128,10.451003986015772
2021-04-06 00:00:00,6.961115086826458,11.722305139054443,8.589925058813062
2021-04-06 01:00:00,6.153383032146223,10.797890407710181,7.75456963858021
2021-04-06 02:00:00,5.873843677722287,10.751793463142972,7.5376374774065305
2021-04-06 03:00:00,5.904372372718615,11.793277003268429,8.048396069909334
2021-04-06 04:00:00,6.463835317367023,14.01518127151289,9.321623312848825
2021-04-06 05:00:00,7.862010105841908,18.108085408271567,12.065698933600753
2021-04-06 06:00:00,10.337045256245569,24.932418551045313,16.93871100772285
2021-04-06 07:00:00,13.431758741397402,30.26851907103464,21.249554450015342
2021-04-06 08:00:00,14.181780288913552,29.256194630243815,20.636317597855975
2021-04-06 09:00:00,12.541778788094817,24.889340973070965,17.850852869287095
2021-04-06 10:00:00,11.082393017290068,21.35415072842558,15.747979905679005
2021-04-06 11:00:00,10.993404858795515,19.82806503924632,15.157773602885392
2021-04-06 12:00:00,11.371517762820876,19.82627999312738,15.33635350422289
2021-04-06 13:00:00,11.149852060429636,19.455321977584433,14.994001269901817
2021-04-06 14:00:00,10.897251142478636,19.542617380042373,14.773736031306917
2021-04-06 15:00:00,12.26417673541364,21.78553692012301,16.517301563298414
2021-04-06 16:00:00,16.516958208669603,27.550960374203854,21.40989131544376
2021-04-06 17:00:00,20.932654882040513,33.24862841596808,26.483279810823717
2021-04-06 18:00:00,21.98856490754769,34.766163824100325,27.37414385647646
2021-04-06 19:00:00,20.019411458062475,32.77608599451207,25.50882384371961
2021-04-06 20:00:00,17.40540563584824,30.07398433460814,22.964446999541565
2021-04-06 21:00:00,14.5977161858494,25.842580093301482,19.43633320549779
2021-04-06 22:00:00,11.201885453499752,19.226916503596698,14.511627369447734
2021-04-06 23:00:00,8.384138929525463,13.797949939613211,10.438363703131948
2021-04-07 00:00:00,7.00630339993522,11.511491310000793,8.509093161272569
2021-04-07 01:00:00,6.174503316231805,10.55507459391835,7.59807943224689
2021-04-07 02:00:00,5.671513355071572,10.07877166463982,7.144095844767335
2021-04-07 03:00:00,5.8404716756206945,11.175076701633438,7.6774198746032685
2021-04-07 04:00:00,6.137497549965088,12.829899363700516,8.637565110011435
2021-04-07 05:00:00,7.689902621301219,16.909438924915037,11.332209007405417
2021-04-07 06:00:00,10.644431659251,24.357935153887578,16.593092704345615
2021-04-07 07:00:00,12.765589842452563,28.58618118368106,19.980345458368934
2021-04-07 08:00:00,13.99042432470381,28.244966469675735,19.90257435639078
2021-04-07 09:00:00,12.344047817867512,24.022083298415488,17.317264998850764
2021-04-07 10:00:00,11.22369873590573,21.02949868183244,15.542878493927928
2021-04-07 11:00:00,11.135991173797517,19.699871927641116,14.976022610034615
2021-04-07 12:00:00,11.41884184925664,19.443540213997164,15.020251961004867
2021-04-07 13:00:00,11.151609583739328,18.640217676470503,14.494661717703814
2021-04-07 14:00:00,10.690202542802396,18.36651799217083,14.100276890104578
2021-04-07 15:00:00,12.06013694169312,20.1905119130574,15.667128610790387
2021-04-07 16:00:00,16.49435714870205,26.008312187530308,20.51191761429602
2021-04-07 17:00:00,20.75245931224965,31.444159488773995,25.40973440227445
2021-04-07 18:00:00,21.58223527686562,32.706783254841966,26.17702052840243
2021-04-07 19:00:00,19.602470764367816,30.836728464058847,24.417863579672407
2021-04-07 20:00:00,17.011899514060307,27.99296048387135,21.75346802007814
2021-04-07 21:00:00,14.240083454635274,23.837423519644823,18.29425200695077
2021-04-07 22:00:00,10.93588630557241,17.766642540327176,13.725241040801443
2021-04-07 23:00:00,8.130732097220816,12.727247756735272,9.836321795979687
2021-04-08 00:00:00,6.545286470112078,10.522027425857194,7.929277798796993
2021-04-08 01:00:00,5.788619278960969,9.677003044089336,7.129930117813744
2021-04-08 02:00:00,5.5260641246519535,9.595017571427416,6.891797382925851
2021-04-08 03:00:00,5.574333408192415,10.527704333510494,7.323517481359973
2021-04-08 04:00:00,5.961533928066064,12.270293807652283,8.326408758326036
2021-04-08 05:00:00,7.3081370314956855,15.971162583076763,10.77527091092206
2021-04-08 06:00:00,10.43808725599046,23.3236108304654,15.842602783732282
2021-04-08 07:00:00,13.55937081762225,28.47175126742787,19.97410273316482
2021-04-08 08:00:00,14.548380183869309,28.11140510238656,19.978813862732306
2021-04-08 09:00:00,12.557500744552526,23.7392479110512,17.05287141239799
2021-04-08 10:00:00,11.234900281910999,20.48349410277966,15.238283226239686
2021-04-08 11:00:00,11.177066242733092,19.429899529168708,14.837598193223354
2021-04-08 12:00:00,11.348913443121736,19.10648924272137,14.845060495346672
2021-04-08 13:00:00,11.159368725243993,18.575282097048014,14.433016848891864
2021-04-08 14:00:00,10.543982981492752,17.810143266278992,13.835236854064112
2021-04-08 15:00:00,11.695968625116706,19.4627387036076,15.293182587971641
2021-04-08 16:00:00,16.12563057627646,25.16208717324256,20.079415409360596
2021-04-08 17:00:00,20.528189634959297,30.656348319811805,24.97903077557872
2021-04-08 18:00:00,21.327759760803115,31.83429975631811,25.694017781515107
2021-04-08 19:00:00,19.77270448825592,30.865424221067435,24.440676262069804
2021-04-08 20:00:00,17.21070338131486,28.21769377286766,21.880508659654947
2021-04-08 21:00:00,14.320002069697116,23.940121672781796,18.322463391162643
2021-04-08 22:00:00,10.93174166411751,17.737529057338378,13.657229385127865
2021-04-08 23:00:00,8.244542418350024,12.907825458487052,9.893398907630091
2021-04-09 00:00:00,6.680585060317256,11.173602307621458,8.312256666911248
2021-04-09 01:00:00,5.695958369805939,9.869762662652166,7.2882159751049995
2021-04-09 02:00:00,5.433804110695651,9.723299248527095,7.01327881452549
2021-04-09 03:00:00,5.512825571402694,10.752015127073776,7.5014512033114835
2021-04-09 04:00:00,5.79729408424663,12.369589905236147,8.477960642709888
2021-04-09 05:00:00,7.4631682874530965,16.351033935979075,11.278956412924934
2021-04-09 06:00:00,10.210961263617403,23.471663846127356,16.164250069476523
2021-04-09 07:00:00,13.161172753437738,28.938470047587725,20.355082212851293
2021-04-09 08:00:00,14.37701318492003,28.90197146163466,20.355798546819955
2021-04-09 09:00:00,12.667319963650236,24.86164023682086,17.88158787695234
2021-04-09 10:00:00,11.47466085504861,21.90211223741467,16.041587073182917
2021-04-09 11:00:00,11.53438656829777,20.806321819378542,15.630534211337727
2021-04-09 12:00:00,11.730778074659504,20.52266791693627,15.657644704586524
2021-04-09 13:00:00,11.562504518152101,20.044003257793182,15.334098761530711
2021-04-09 14:00:00,11.281831655589938,19.87268039099234,15.079588810675386
2021-04-09 15:00:00,12.463596540298951,21.839164174443482,16.561162990829857
2021-04-09 16:00:00,16.82468930451316,27.592368208439574,21.486052380925432
2021-04-09 17:00:00,21.009704319976944,32.81544622681839,26.323289555042923
2021-04-09 18:00:00,21.70219147562942,33.87692562008399,26.96522534003442
2021-04-09 19:00:00,19.97400217291713,32.423248596055025,25.419030351164867
2021-04-09 20:00:00,17.4122342820862,29.736420423576394,22.847293779128243
2021-04-09 21:00:00,14.625685946287799,25.56422724075334,19.335493765997427
2021-04-09 22:00:00,11.378136074838316,19.280463659986683,14.609582277203849
2021-04-09 23:00:00,8.50935405299077,13.856816213809749,10.502227877051743
2021-04-10 00:00:00,7.146963804087015,11.200602836192433,8.55880069950979
2021-04-10 01:00:00,6.164666136092608,10.033542282377494,7.474168119891115
2021-04-10 02:00:00,5.828238971222952,9.815592448285194,7.152277266755268
2021-04-10 03:00:00,5.865711229216793,10.704422569761272,7.550405052775691
2021-04-10 04:00:00,6.356119313074265,12.461719904374245,8.611573078144012
2021-04-10 05:00:00,7.379306506275871,15.814486979085542,10.77936582242816
2021-04-10 06:00:00,10.090567169106972,22.675796104354713,15.774980879324199
2021-04-10 07:00:00,12.85030497874208,27.687031786158503,19.77583617767467
2021-04-10 08:00:00,14.08631400129823,27.172923752738132,19.963642798179833
2021-04-10 09:00:00,12.040742026876234,22.474181790925282,16.69080633861804
2021-04-10 10:00:00,11.188972646934978,19.92650379604422,15.261418263617822
2021-04-10 11:00:00,10.957043855999999,18.36568263149837,14.54412652757833
2021-04-10 12:00:00,11.178133866539332,18.145024108552,14.557375380108981
2021-04-10 13:00:00,10.669500661553595,17.19194303514878,13.89522779265824
2021-04-10 14:00:00,10.382683253731633,16.92880974761426,13.685164394115024
2021-04-10 15:00:00,11.69709654154156,18.84312758160133,15.250499447129863
2021-04-10 16:00:00,15.396837945581726,23.788936883610347,19.598564170816744
2021-04-10 17:00:00,19.726170133199222,29.418136382945484,24.502908051312588
2021-04-10 18:00:00,21.858648910489418,32.339319137051476,26.187984503661458
2021-04-10 19:00:00,19.666105685393052,30.505248641083956,24.415535194001016
2021-04-10 20:00:00,17.10522054424882,27.990885256124276,21.90290641926569
2021-04-10 21:00:00,15.124558005983051,25.356690205662638,19.322529376711085
2021-04-10 22:00:00,11.562419855296982,18.865982910255703,14.410754848983213
2021-04-10 23:00:00,8.886989860031349,13.981031457521008,10.52313312159883
2021-04-11 00:00:00,7.134804496380875,12.464046833339857,9.129579585782013
2021-04-11 01:00:00,6.405647715840867,11.646328375595376,8.353351531795028
2021-04-11 02:00:00,6.312667226567086,11.796319895156987,8.226216157805714
2021-04-11 03:00:00,6.474056525238165,12.976136376225615,8.803978860593926
2021-04-11 04:00:00,6.947452276803215,14.938365831623615,9.990508189186338
2021-04-11 05:00:00,7.930429420825839,18.50831947345328,12.309217335118484
2021-04-11 06:00:00,10.651994077798214,25.5998928570685,17.64252872702812
2021-04-11 07:00:00,12.799842717876816,29.043384294734114,20.68357772583379
2021-04-11 08:00:00,14.457273323967287,28.59939489097449,21.02246882114282
2021-04-11 09:00:00,12.17584220038188,24.070551070997208,17.709428795181573
2021-04-11 10:00:00,11.089458003942326,21.226527056420633,16.068499095045542
2021-04-11 11:00:00,11.00053337553635,20.100957021135727,15.534304459779042
2021-04-11 12:00:00,11.086456722451116,19.626657533646558,15.421632149560958
2021-04-11 13:00:00,10.708230837193868,18.863222591323506,14.866407045716617
2021-04-11 14:00:00,10.497683790282897,18.689892420124597,14.71129704544454
2021-04-11 15:00:00,11.691241771199365,20.497679627909097,16.201928144997314
2021-04-11 16:00:00,15.563695683866928,25.46451754091056,20.633793682695046
2021-04-11 17:00:00,19.909379816013548,30.658559653436413,25.265207972803854
2021-04-11 18:00:00,21.474617586433887,32.59241790334985,26.4423712407143
2021-04-11 19:00:00,19.632302990365,30.861008332424195,24.75187255223733
2021-04-11 20:00:00,17.1350913965697,28.86378222010619,22.433403784411848
2021-04-11 21:00:00,14.936649525884588,26.00796769099407,19.729664464981887
2021-04-11 22:00:00,11.775851060659718,20.149809245335465,15.07526942248313
2021-04-11 23:00:00,8.74732030399035,14.708224679846275,10.997866271523323
2021-04-12 00:00:00,7.164274844129207,13.103004627800683,9.411090488630784
2021-04-12 01:00:00,6.300669982339756,12.160345303688649,8.537237864681966
2021-04-12 02:00:00,6.077569110347681,12.19193620847102,8.410444769220357
2021-04-12 03:00:00,6.2919956549071205,13.544498348988611,9.070679842455842
2021-04-12 04:00:00,6.653562190034828,15.461956562717678,10.198596250183796
2021-04-12 05:00:00,8.367918491484431,20.206938996303133,13.353194727753563
2021-04-12 06:00:00,10.809753894749619,27.388285377726636,18.510245916164532
2021-04-12 07:00:00,13.084855350545903,31.260814800621517,22.16030895491908
2021-04-12 08:00:00,14.022775508610964,29.793347141250525,21.474405359857794
2021-04-12 09:00:00,12.15485617608294,25.21318556068597,18.26056024748646
2021-04-12 10:00:00,11.024381161401616,22.15050097212965,16.412833259508936
2021-04-12 11:00:00,11.081344270957572,21.189197571001067,16.034353274428067
2021-04-12 12:00:00,11.339744094005512,20.96768562232217,16.08455224453993
2021-04-12 13:00:00,11.213265142072466,20.748389961185406,15.812711532548681
2021-04-12 14:00:00,10.699479910084305,20.134106596339198,15.295958919443654
2021-04-12 15:00:00,12.057880518727798,22.290686968716802,16.98772354803239
2021-04-12 16:00:00,16.39127038420596,27.886654154942885,21.85208201618459
2021-04-12 17:00:00,20.78895327042755,33.561189621911325,26.848585825042548
2021-04-12 18:00:00,21.883875802471646,35.01672416271481,27.733223656507317
2021-04-12 19:00:00,20.019190577572843,33.17273720673645,26.054705345478112
2021-04-12 20:00:00,17.401704733416018,30.38357747777148,23.39500840258903
2021-04-12 21:00:00,14.550026705056034,26.048985084300828,19.762537768438722
2021-04-12 22:00:00,11.421482748782454,20.22706898374528,15.142807582211187
2021-04-12 23:00:00,8.6118759228761,14.918403437021158,11.072757322232162
2021-04-13 00:00:00,7.103653184177301,12.847471575408633,9.292956711786786
2021-04-13 01:00:00,6.485519407217375,12.275002539241173,8.629531532959591
2021-04-13 02:00:00,6.497999011312023,12.557794883904238,8.731019424390329
2021-04-13 03:00:00,6.399295021029328,13.544289562436083,9.120239531141609
2021-04-13 04:00:00,6.901958128910744,15.819585056439088,10.448594104660643
2021-04-13 05:00:00,8.39820793655952,20.276171127565153,13.46396828425075
2021-04-13 06:00:00,11.151752793572316,27.784604207205195,18.95062007399445
2021-04-13 07:00:00,13.311587484434193,31.545496151997863,22.42642240545419
2021-04-13 08:00:00,13.77428589334964,29.938430485135797,21.51555646533878
2021-04-13 09:00:00,12.318333858152926,25.743181037056463,18.570788744274942
2021-04-13 10:00:00,11.033074628292892,22.43553034636411,16.611611848034855
2021-04-13 11:00:00,11.248354700010111,22.059391967662084,16.527153390962248
2021-04-13 12:00:00,11.204959769882084,21.070457766188174,16.18405352858074
2021-04-13 13:00:00,11.000106228303226,20.890949746709307,15.939851355916488
2021-04-13 14:00:00,10.523268435140407,20.429647807642187,15.535954400085258
2021-04-13 15:00:00,11.70006554380672,22.185422110257154,17.008335760916225
2021-04-13 16:00:00,16.34494688077094,28.89865509267488,22.422102825640838
2021-04-13 17:00:00,20.60556076016784,33.72981029813061,27.032462292022238
2021-04-13 18:00:00,22.090058164748946,35.4229481542674,27.991831517865762
2021-04-13 19:00:00,20.15133936632173,34.04300787394476,26.545166951355068
2021-04-13 20:00:00,17.66453739649101,31.673599876666035,24.14656011358246
2021-04-13 21:00:00,15.165800716954086,28.155052606221606,20.985803760750702
2021-04-13 22:00:00,11.639367526938399,21.285258632986523,15.831175325777256
2021-04-13 23:00:00,9.144808968488617,16.155767966995427,11.899430179483689
2021-04-14 00:00:00,7.4615022124467165,14.838880387038877,10.461522230128823
2021-04-14 01:00:00,6.827359087370428,14.372302686445883,9.831206503176416
2021-04-14 02:00:00,7.177387794051689,15.644799172485406,10.332457880054859
2021-04-14 03:00:00,7.070678452604362,16.647851623338376,10.893905283681997
2021-04-14 04:00:00,7.485104645439599,18.980594701105066,12.327314142180024
2021-04-14 05:00:00,9.184954022512919,24.19487146505131,15.852280941549816
2021-04-14 06:00:00,11.735514754797432,32.343073686971096,21.725988065319694
2021-04-14 07:00:00,13.30826304741714,33.90242736451382,23.826204234323253
2021-04-14 08:00:00,14.431483408602062,33.42803184091096,23.944787671167486
2021-04-14 09:00:00,12.521393804574657,27.94140864766911,19.99574241349214
2021-04-14 10:00:00,11.166515998780099,24.47907868286223,17.79928158884044
2021-04-14 11:00:00,11.120808817770358,22.83046714639143,17.070882965244685
2021-04-14 12:00:00,11.463717183726695,22.630342403492975,17.122286029894717
2021-04-14 13:00:00,11.236686166324189,21.86864507122799,16.591273994129843
2021-04-14 14:00:00,10.658461141222018,21.1707916256331,16.004453736023905
2021-04-14 15:00:00,12.045437991440942,23.682226491279607,17.912865639191164
2021-04-14 16:00:00,16.146881187472992,29.047569079456636,22.63650563549132
2021-04-14 17:00:00,21.034851438237965,35.37377945561693,28.005647825055103
2021-04-14 18:00:00,21.988433217516352,36.76920491163989,28.906247266624465
2021-04-14 19:00:00,20.57767984930454,35.83630598478527,27.696531145239256
2021-04-14 20:00:00,17.931287532208533,33.38208727108065,25.24930882249397
2021-04-14 21:00:00,14.95550584272309,28.709775105093843,21.37672513905391
2021-04-14 22:00:00,11.531660960726729,21.690561443806622,16.121561790403
2021-04-14 23:00:00,8.774291673293341,16.144969017144433,11.891381793919303
2021-04-15 00:00:00,7.332178991125965,11.676166616358708,8.489709965210091
2021-04-15 01:00:00,6.384145908913552,10.531229290653185,7.5197080119133455
2021-04-15 02:00:00,6.063141201692544,10.312279042693968,7.2518162022338055
2021-04-15 03:00:00,6.038489903855221,11.041482654854981,7.58847166889771
2021-04-15 04:00:00,6.563917886885643,12.877424098525626,8.628608511480424
2021-04-15 05:00:00,7.85636473226774,16.393792750929652,10.995667962348607
2021-04-15 06:00:00,10.708493037631278,23.06055336262585,15.918832186358285
2021-04-15 07:00:00,12.801534157171888,26.452964447768966,18.88770791952287
2021-04-15 08:00:00,13.82979666368456,25.691453350856698,18.742027844106484
2021-04-15 09:00:00,11.97292518647835,21.46388943765521,15.925414015875637
2021-04-15 10:00:00,10.776505172340954,18.609092540836993,14.283584141678404
2021-04-15 11:00:00,10.673764467311463,17.42234220308194,13.866099569723437
2021-04-15 12:00:00,11.020292672346827,17.42599094246889,14.048510514585665
2021-04-15 13:00:00,10.625187516829405,16.803788980487536,13.591408505702804
2021-04-15 14:00:00,10.243779631062598,16.53735403834007,13.251812944707972
2021-04-15 15:00:00,11.453204426376484,18.323856196056653,14.746186465373192
2021-04-15 16:00:00,15.34844610098671,23.34762805103933,19.14181927947518
2021-04-15 17:00:00,20.052308668134483,29.051292955798463,24.141586590721936
2021-04-15 18:00:00,20.911606523584567,30.4965812746901,24.9940089336033
2021-04-15 19:00:00,19.360461721976264,29.295944256234723,23.61967612448109
2021-04-15 20:00:00,16.81170692516101,26.634156903222205,21.029651849586212
2021-04-15 21:00:00,14.123503201401514,22.836898265075085,17.71071214781783
2021-04-15 22:00:00,10.912956620512483,17.28663759515407,13.392198157796347
2021-04-15 23:00:00,8.20228713875381,12.441215471885565,9.684021978940182
2021-04-16 00:00:00,6.477974707345542,10.047354599643594,7.56982603446819
2021-04-16 01:00:00,5.7523579164545975,9.219926747807946,6.759713728942301
2021-04-16 02:00:00,5.535229315901169,9.151376971983636,6.543108049777221
2021-04-16 03:00:00,5.551020916877214,9.963735480009575,6.8760670052446144
2021-04-16 04:00:00,6.10736450868884,11.882024590746523,7.873611629810184
2021-04-16 05:00:00,7.397846538169386,15.180742840358228,10.141202964981014
2021-04-16 06:00:00,10.213603481609134,21.648079733324966,14.705187112464753
2021-04-16 07:00:00,13.008050830448175,25.764101399088236,18.237894630271004
2021-04-16 08:00:00,13.712245353785864,24.935755575240353,17.820201096028015
2021-04-16 09:00:00,12.008501440827162,21.156468588541717,15.520309669754123
2021-04-16 10:00:00,10.76688763756983,18.317520781257464,13.946492357079661
2021-04-16 11:00:00,10.80293285967737,17.348678362160186,13.617956283173866
2021-04-16 12:00:00,11.112484021446944,17.253027947142645,13.750560274812226
2021-04-16 13:00:00,10.865466746055361,16.788169553201552,13.37022228169752
2021-04-16 14:00:00,10.476194518604856,16.49080382904537,13.015003301555202
2021-04-16 15:00:00,11.605852068949115,18.172324190537765,14.476990050922506
2021-04-16 16:00:00,15.712050121239267,23.35913811899763,18.988501992229647
2021-04-16 17:00:00,20.08190119369146,28.687430493386348,23.67876658377564
2021-04-16 18:00:00,20.86982155883397,29.769961572587434,24.380100370138933
2021-04-16 19:00:00,19.067998734995122,27.888870148440137,22.662808144308517
2021-04-16 20:00:00,16.562539958145358,25.19713228451273,20.03736124143832
2021-04-16 21:00:00,14.252150057038737,22.552998987137148,17.38216329284966
2021-04-16 22:00:00,10.562285121361324,16.179269402885133,12.769398416550686
2021-04-16 23:00:00,8.046648511127518,11.943690317661188,9.314632273504392
2021-04-17 00:00:00,6.591665808484442,8.9972851606312,7.164788386526846
2021-04-17 01:00:00,5.817235405451149,8.240007095808668,6.313810323046632
2021-04-17 02:00:00,5.798739377001095,8.542428869357984,6.198237225923741
2021-04-17 03:00:00,5.625447229678316,9.258904655045164,6.535540339725855
2021-04-17 04:00:00,6.255178480006417,11.265187963107865,7.624985311337325
2021-04-17 05:00:00,7.095738949275604,14.208688616425349,9.513058175565606
2021-04-17 06:00:00,9.676878119020678,20.503804977110345,14.121998789639912
2021-04-17 07:00:00,12.673706781476561,24.48634878597511,17.479805510675252
2021-04-17 08:00:00,13.614053833300419,23.525435623604547,17.25491886604887
2021-04-17 09:00:00,11.644020827000968,19.008053808900637,14.598435831638188
2021-04-17 10:00:00,10.64815171100023,16.07227704532208,12.989923760577325
2021-04-17 11:00:00,10.65687298136121,15.401656732717298,12.797916616016822
2021-04-17 12:00:00,10.912254423987516,15.431616258683624,12.97755857753567
2021-04-17 13:00:00,10.49041297127832,14.684657762775917,12.414884011959284
2021-04-17 14:00:00,10.274268063696413,14.347830429144484,12.162268448091044
2021-04-17 15:00:00,11.49313632166843,15.919553509669573,13.533658071932292
2021-04-17 16:00:00,15.13508069252334,20.66414720275417,17.701196659761372
2021-04-17 17:00:00,19.363024700981427,25.952311177859773,22.393133557083313
2021-04-17 18:00:00,20.49863205531231,27.574112635730003,23.272393605149148
2021-04-17 19:00:00,18.742233169431934,25.845520052258372,21.67484514694945
2021-04-17 20:00:00,16.25556390467658,23.448968793293478,19.167231218192747
2021-04-17 21:00:00,13.79890260820734,20.331201852036514,16.379087434660203
2021-04-17 22:00:00,10.595270421860354,15.236797200876593,12.29511342444878
2021-04-17 23:00:00,7.754587891189553,10.464867116840924,8.712302484673948
2021-04-18 00:00:00,6.159369583800197,7.171922483719782,6.30345271528393
2021-04-18 01:00:00,5.47225024397999,6.3941608527984375,5.542462594629974
2021-04-18 02:00:00,5.212737105364733,6.34245473305234,5.312956533117341
2021-04-18 03:00:00,5.169053047758841,7.464304740193855,5.73777673144115
2021-04-18 04:00:00,5.567814249745688,9.273042307824786,6.683688581736647
2021-04-18 05:00:00,6.557392695475775,11.874543574677622,8.35151550532199
2021-04-18 06:00:00,9.434877058814862,17.31087447918477,12.480612108045571
2021-04-18 07:00:00,12.166198045121774,20.42595987382063,15.248368808822839
2021-04-18 08:00:00,12.955578262624089,19.618694167355574,15.137020393450719
2021-04-18 09:00:00,11.338620755769206,16.302489467186117,13.313217890779637
2021-04-18 10:00:00,10.525953837098115,14.5398823369713,12.193355930546158
2021-04-18 11:00:00,10.602398241874361,13.953264780934367,12.073588984194155
2021-04-18 12:00:00,10.798998359484637,14.087180453167468,12.279617435685417
2021-04-18 13:00:00,10.382114144599129,13.316172608452211,11.756200190758385
2021-04-18 14:00:00,10.134814555230333,12.826256605792587,11.380061518182917
2021-04-18 15:00:00,11.332185855846845,14.278823133249313,12.712511709428169
2021-04-18 16:00:00,14.996603215075883,19.381686644177638,16.991576305754066
2021-04-18 17:00:00,19.244033179044273,24.56660976411022,21.63579629411979
2021-04-18 18:00:00,20.05556256060516,25.290278888427608,22.12551874720843
2021-04-18 19:00:00,18.470487721630334,23.544456636021007,20.52257237566666
2021-04-18 20:00:00,15.893803001247166,20.739789042070978,17.832289953487326
2021-04-18 21:00:00,13.36972800974907,17.551998591087866,14.982691558912112
2021-04-18 22:00:00,10.231059734776354,13.063371053629492,11.248900874233094
2021-04-18 23:00:00,7.508078817506209,8.739023814216724,7.901915618677719
2021-04-19 00:00:00,6.231731462155527,7.137676703226303,6.357831437621552
2021-04-19 01:00:00,5.267457466647757,6.0722069804036165,5.455244793379235
2021-04-19 02:00:00,4.8799306693815705,5.836746983615597,5.15126147711947
2021-04-19 03:00:00,4.928300877949813,6.908991719152845,5.622815717995586
2021-04-19 04:00:00,5.276961056845637,8.494019921361883,6.517071107041807
2021-04-19 05:00:00,6.545089861940101,11.228300303804287,8.375490301406941
2021-04-19 06:00:00,9.283015533884063,16.156799276614088,12.276163284369387
2021-04-19 07:00:00,11.830841245550618,18.60420778085406,14.692495839548892
2021-04-19 08:00:00,12.165408031755728,17.594682658626294,14.265975677766418
2021-04-19 09:00:00,11.09135726389106,15.377839647388328,12.953039763500762
2021-04-19 10:00:00,10.321479748263915,13.793362502796434,11.958324192906398
2021-04-19 11:00:00,10.458604639526916,13.363970009331233,11.88541579920555
2021-04-19 12:00:00,10.77468631687348,13.627557447473155,12.179443777531434
2021-04-19 13:00:00,10.320973942501944,12.868988344252152,11.557247858332344
2021-04-19 14:00:00,10.051894503885228,12.391585281979134,11.216638520352882
2021-04-19 15:00:00,11.252629535812703,13.815187569308437,12.545498301095412
2021-04-19 16:00:00,14.883308872065069,18.689747240483108,16.864100066632275
2021-04-19 17:00:00,19.13626574027267,23.75989181262031,21.388274956071626
2021-04-19 18:00:00,19.787061826086045,24.337411229664667,21.940167850908292
2021-04-19 19:00:00,18.319285022435736,22.726436134110855,20.36842589848406
2021-04-19 20:00:00,15.794427290923677,19.997075716667823,17.675044171716973
2021-04-19 21:00:00,13.356053139971202,17.14953983185271,14.969283943616187
2021-04-19 22:00:00,10.097371433915969,12.570216685631703,11.159357645562023
2021-04-19 23:00:00,7.5263651790606385,8.620017444636241,7.906295213405426
2021-04-20 00:00:00,5.944094509903659,6.659315574613492,6.14927362504846
2021-04-20 01:00:00,5.134627250343498,5.785585808351059,5.335062619544786
2021-04-20 02:00:00,4.795748848785578,5.583212662047663,5.04509788438249
2021-04-20 03:00:00,4.83971769945141,6.43974656431059,5.420188822501914
2021-04-20 04:00:00,5.255366903573984,8.000066630909727,6.27948771752933
2021-04-20 05:00:00,6.363771210340158,10.132381265611277,7.845880447263296
2021-04-20 06:00:00,9.002374359767405,14.500466287200636,11.422797007551754
2021-04-20 07:00:00,11.701295293435356,17.46284204975075,14.101480068202491
2021-04-20 08:00:00,12.011796407242116,16.36491852132544,13.66007215556594
2021-04-20 09:00:00,10.981666040410742,14.428459916172672,12.501236644160203
2021-04-20 10:00:00,10.289560883126232,13.08952339913368,11.63076373048678
2021-04-20 11:00:00,10.4500023888955,12.803124235929692,11.622753582106524
2021-04-20 12:00:00,10.76068811964892,13.073947513302688,11.918620196750952
2021-04-20 13:00:00,10.269583863862332,12.339057809352106,11.303452370472428
2021-04-20 14:00:00,10.03839861895036,11.942058303856944,11.007202477348766
2021-04-20 15:00:00,11.243659648142645,13.330112815219499,12.31790266221448
2021-04-20 16:00:00,14.867168258052047,17.956317854188345,16.49456198502239
2021-04-20 17:00:00,19.06073993228738,22.81794652019143,20.93414999348346
2021-04-20 18:00:00,19.67059743340943,23.37260517776595,21.487927201699748
2021-04-20 19:00:00,18.190596268855103,21.771159623122763,19.919816541706137
2021-04-20 20:00:00,15.648738775714001,19.053905499051634,17.242343529055216
2021-04-20 21:00:00,13.118759170435553,16.053773724492995,14.467359916697797
2021-04-20 22:00:00,10.064945169966496,12.185373471452827,10.98211825596473
2021-04-20 23:00:00,7.493879199254569,8.472768658804881,7.8438459336691055
2021-04-21 00:00:00,5.928178195216443,6.61866343192269,6.1344263518854545
2021-04-21 01:00:00,5.119803699118969,5.730996956110105,5.3230432491227235
2021-04-21 02:00:00,4.81035395586819,5.556932419529494,5.042069245529574
2021-04-21 03:00:00,4.890898316169713,6.404832918900392,5.427966400398753
2021-04-21 04:00:00,5.190461332311888,7.647541035845719,6.162333475302329
2021-04-21 05:00:00,6.294421000088543,9.852949627488398,7.752215867714542
2021-04-21 06:00:00,8.90884105782867,13.962092137089478,11.246923598252673
2021-04-21 07:00:00,11.63381206640763,16.869929170957857,13.851073987726444
2021-04-21 08:00:00,11.924893630150113,15.831309592887683,13.412998459330474
2021-04-21 09:00:00,10.986638053096966,14.067436472337599,12.362509610091518
2021-04-21 10:00:00,10.259379757289553,12.766472057521227,11.513709632258172
2021-04-21 11:00:00,10.441026024504174,12.553441206667717,11.529137798348842
2021-04-21 12:00:00,10.757150355979702,12.835208907668369,11.835329043784679
2021-04-21 13:00:00,10.274629236119841,12.135521509787857,11.23621195756346
2021-04-21 14:00:00,10.027615221733212,11.741221812500182,10.935037210477887
2021-04-21 15:00:00,11.23559763544559,13.114530732482477,12.241273977631966
2021-04-21 16:00:00,14.848760073955587,17.62526464845535,16.367377255333604
2021-04-21 17:00:00,19.014521892850023,22.394081779832653,20.7794864076124
2021-04-21 18:00:00,19.545665480317776,22.8779061146177,21.303943279587187
2021-04-21 19:00:00,18.195247832058506,21.4155259605069,19.789734231186596
2021-04-21 20:00:00,15.595533442444623,18.653101410945357,17.09775118073441
2021-04-21 21:00:00,13.070182467825516,15.704295557844958,14.332408971648396
2021-04-21 22:00:00,9.944738381518505,11.715702542452638,10.78980479320296
2021-04-21 23:00:00,7.377127442194413,8.17958162117111,7.734593006037868
2021-04-22 00:00:00,5.8018991139863445,6.3531227206432614,6.027524568162869
2021-04-22 01:00:00,5.099534620922199,5.632660338391337,5.27909251288583
2021-04-22 02:00:00,4.7857721037741126,5.442971848593194,4.996051566228127
2021-04-22 03:00:00,4.8042553821912355,6.123485747013823,5.307414941613595
2021-04-22 04:00:00,5.100955718967257,7.116779947239925,5.942163323253248
2021-04-22 05:00:00,6.219820697978727,9.13358957673382,7.435227472660317
2021-04-22 06:00:00,8.856208702530443,13.069613771052241,10.843438956576666
2021-04-22 07:00:00,11.40243071497899,15.62512919603127,13.265056639013123
2021-04-22 08:00:00,11.80873046507535,15.190619269981585,13.16887926313835
2021-04-22 09:00:00,10.938446813243978,13.582909496335557,12.168412160569343
2021-04-22 10:00:00,10.27175500481045,12.42969067230339,11.369642001010881
2021-04-22 11:00:00,10.440113097799005,12.265560455797214,11.407013172030991
2021-04-22 12:00:00,10.736597845831236,12.534252554540108,11.696756427493845
2021-04-22 13:00:00,10.257388020499619,11.869611531482468,11.116106302257498
2021-04-22 14:00:00,10.034765466323522,11.521792859832104,10.839903965247524
2021-04-22 15:00:00,11.24107190093211,12.872601865189067,12.13088039649757
2021-04-22 16:00:00,14.847098972815191,17.250871609695462,16.191483116995375
2021-04-22 17:00:00,19.039191075749095,21.968524741846338,20.594638205173574
2021-04-22 18:00:00,19.548922039506152,22.440330414018543,21.1055113884955
2021-04-22 19:00:00,18.1601683032061,20.95091836940566,19.581969688735537
2021-04-22 20:00:00,15.568205997919401,18.211370574591623,16.89508012663252
2021-04-22 21:00:00,13.019036899030711,15.294418590941376,14.144893430886277
2021-04-22 22:00:00,9.90133787803104,11.435582080354273,10.664766159788789
2021-04-22 23:00:00,7.323791863077343,8.020316591507902,7.667290483944508
2021-04-23 00:00:00,5.832003214807763,6.359970564602686,6.0260173149534255
2021-04-23 01:00:00,5.066622956753825,5.545378452884765,5.243795344289439
2021-04-23 02:00:00,4.723611662807431,5.2986495551439905,4.9410111821815255
2021-04-23 03:00:00,4.6878130595626795,5.732770603934822,5.155296479598218
2021-04-23 04:00:00,5.024302778436041,6.702959618510874,5.769599703899334
2021-04-23 05:00:00,6.120000384634019,8.680115608810468,7.237759914516502
2021-04-23 06:00:00,8.821564583313458,12.634887425643724,10.641056596383411
2021-04-23 07:00:00,11.224213340486488,14.847597373977257,12.902065133034933
2021-04-23 08:00:00,11.715432091646207,14.770336362199984,12.98333586748009
2021-04-23 09:00:00,10.87988235174686,13.313717013274978,12.069924080395662
2021-04-23 10:00:00,10.258142923505835,12.247533673228396,11.2869823223934
2021-04-23 11:00:00,10.42681605678449,12.113738283676623,11.340831572638146
2021-04-23 12:00:00,10.738013424471363,12.400311567598697,11.643689955749863
2021-04-23 13:00:00,10.258502540770657,11.750688646678073,11.065609152012271
2021-04-23 14:00:00,10.03667088544179,11.41432395067012,10.793502178726158
2021-04-23 15:00:00,11.243661497784927,12.755765001935853,12.084813120851223
2021-04-23 16:00:00,14.8455324271911,17.069379873237384,16.122362355541384
2021-04-23 17:00:00,19.051278150664753,21.763278579292095,20.51166374105497
2021-04-23 18:00:00,19.613302609814866,22.291912400512256,21.04061287731974
2021-04-23 19:00:00,18.17376292423636,20.757171169763787,19.506411199892675
2021-04-23 20:00:00,15.623042764698955,18.066166502817882,16.83332266462525
2021-04-23 21:00:00,13.048657028434134,15.150871871066757,14.086005336667196
2021-04-23 22:00:00,9.950914511895022,11.396601139092116,10.640614492038068
2021-04-23 23:00:00,7.400968957801211,8.06811604293429,7.671525621487698
2021-04-24 00:00:00,5.758648578452249,6.609608362211711,6.105773250122828
2021-04-24 01:00:00,5.014151950216721,5.822788698947347,5.3535685529985475
2021-04-24 02:00:00,4.692514444776129,5.536677848636332,5.037580843184568
2021-04-24 03:00:00,4.701500499295216,5.816357357269418,5.150531458963336
2021-04-24 04:00:00,5.026224295980179,6.524092500232731,5.627877658437871
2021-04-24 05:00:00,6.126689183053309,8.228187484730496,6.926749602938447
2021-04-24 06:00:00,8.742051530201856,11.906950777448523,10.167039392525028
2021-04-24 07:00:00,11.166193132258845,14.64328851019437,12.625279721784201
2021-04-24 08:00:00,11.812918796445985,14.82307365500559,12.867327923356733
2021-04-24 09:00:00,10.811320501666357,13.23475180440069,11.943596712521105
2021-04-24 10:00:00,10.281720993607328,12.27754467316203,11.231567560497666
2021-04-24 11:00:00,10.495321144769353,12.2664310121474,11.36166414423658
2021-04-24 12:00:00,10.789598253801666,12.490204613013484,11.632520894710405
2021-04-24 13:00:00,10.36247562188254,11.945182155385698,11.150534606008774
2021-04-24 14:00:00,10.100943143656416,11.639635247959093,10.883273021009902
2021-04-24 15:00:00,11.292005840810209,12.970085011733309,12.165866593467118
2021-04-24 16:00:00,14.955973662176936,17.081442492261584,16.043687856638424
2021-04-24 17:00:00,19.12624211942728,21.66758692930565,20.420606023467464
2021-04-24 18:00:00,19.796031818981724,22.50301899379917,20.975536911412807
2021-04-24 19:00:00,18.30765286326173,21.08264268673658,19.497799289566302
2021-04-24 20:00:00,15.676531469696867,18.38945538408499,16.844393230841106
2021-04-24 21:00:00,13.24273918279765,15.747565340124957,14.222700770234932
2021-04-24 22:00:00,10.06012710532582,11.836137959204773,10.707878527658286
2021-04-24 23:00:00,7.358045741559173,8.445053522612854,7.768164480697574
2021-04-25 00:00:00,5.790512531827081,6.77255757481341,6.152607040635644
2021-04-25 01:00:00,5.080501044851582,6.023356596903254,5.402016059109681
2021-04-25 02:00:00,4.734131973072324,5.686385463496401,5.077095028597528
2021-04-25 03:00:00,4.759563151068634,5.994571816927179,5.2046752806646195
2021-04-25 04:00:00,5.057698536775287,6.678300103523789,5.672776007123364
2021-04-25 05:00:00,6.093111226833106,8.409154079381096,7.0026684388096445
2021-04-25 06:00:00,8.896310934624404,12.374795456291158,10.296897757384597
2021-04-25 07:00:00,11.367710876211586,15.252718230217317,12.807933749393564
2021-04-25 08:00:00,12.016565488944702,15.34484522558318,13.025119531020568
2021-04-25 09:00:00,10.879532464795833,13.569006706922197,12.065467822341889
2021-04-25 10:00:00,10.316577755598107,12.479340946068318,11.298399810559731
2021-04-25 11:00:00,10.480359952755768,12.396271448987923,11.393104143280196
2021-04-25 12:00:00,10.75558818765258,12.593452497842375,11.651103683420255
2021-04-25 13:00:00,10.33483996117114,12.0447141022623,11.162092540866983
2021-04-25 14:00:00,10.100085101054797,11.762211501473587,10.919141957643976
2021-04-25 15:00:00,11.276716291706228,13.088624469118162,12.191431193555344
2021-04-25 16:00:00,14.930157986087817,17.20599129572885,16.059769969766243
2021-04-25 17:00:00,19.115608613383028,21.848012584486035,20.462032176286232
2021-04-25 18:00:00,19.78051732907703,22.73045159997084,21.04656876680577
2021-04-25 19:00:00,18.344742353670714,21.366619558858226,19.601469765186952
2021-04-25 20:00:00,15.768377207305068,18.77717760398622,16.96653867987498
2021-04-25 21:00:00,13.304017374402932,16.063804243483915,14.328515836046863
2021-04-25 22:00:00,10.0633958950283,11.996981909651593,10.746661909850916
2021-04-25 23:00:00,7.37549985976324,8.546409726558108,7.805743289410558
2021-04-26 00:00:00,6.055341060704715,7.5615145657682215,6.511996144584428
2021-04-26 01:00:00,5.152720483350595,6.611550261144876,5.663027734524903
2021-04-26 02:00:00,4.810822705395342,6.311124238463541,5.326284343887484
2021-04-26 03:00:00,4.8681748820406066,6.683259493247575,5.466242709250463
2021-04-26 04:00:00,5.165297117668014,7.387589786975787,5.949945397415361
2021-04-26 05:00:00,6.375153630774429,9.477143546162354,7.387761408329702
2021-04-26 06:00:00,9.132694489830175,13.569020605079379,10.887525253900062
2021-04-26 07:00:00,11.592998696401157,16.48576980834255,13.480302674877704
2021-04-26 08:00:00,12.10383882702605,16.438206489140313,13.551935294196392
2021-04-26 09:00:00,11.030080224635155,14.429260376570777,12.413646950545134
2021-04-26 10:00:00,10.306734885750798,13.216464064556561,11.630610411350256
2021-04-26 11:00:00,10.463034384707823,13.105261915344956,11.712403046481912
2021-04-26 12:00:00,10.759774872443119,13.295295884371187,11.97469725231419
2021-04-26 13:00:00,10.338533197662258,12.782052881018036,11.467648228565848
2021-04-26 14:00:00,10.106320842405944,12.602769053692288,11.266272466210529
2021-04-26 15:00:00,11.28811405612559,14.003342094845816,12.570151490205076
2021-04-26 16:00:00,15.049605811912272,18.238802695341512,16.537726417392847
2021-04-26 17:00:00,19.285334504779232,22.909297142147416,20.911166200135657
2021-04-26 18:00:00,19.890562819181444,23.738862850012218,21.53907194996823
2021-04-26 19:00:00,18.560960171074413,22.45957331451798,20.089194315828113
2021-04-26 20:00:00,15.87028273155053,19.70754629080919,17.430546013109126
2021-04-26 21:00:00,13.315939153585981,16.658917570595122,14.61439604235163
2021-04-26 22:00:00,10.135937392249227,12.559714472358289,11.065849520992206
2021-04-26 23:00:00,7.491188237491223,9.096764976560769,8.079004000345282
2021-04-27 00:00:00,5.9223917384131335,7.479803799707861,6.45990808087625
2021-04-27 01:00:00,5.132499958095019,6.650147385426987,5.6787264468224885
2021-04-27 02:00:00,4.803139305787494,6.387253599206218,5.357537508757562
2021-04-27 03:00:00,4.929717880028045,6.842063498825125,5.525377121723827
2021-04-27 04:00:00,5.199764954340046,7.570199420725406,6.014064480802497
2021-04-27 05:00:00,6.2804735811593915,9.5029650015773,7.436203627529864
2021-04-27 06:00:00,9.182388491639836,14.00221489144371,11.071053947944945
2021-04-27 07:00:00,11.836114004144282,17.475412073228078,13.875748985214939
2021-04-27 08:00:00,12.292857757051046,17.310466448283215,13.89493230575649
2021-04-27 09:00:00,11.11464828774791,15.191203298150128,12.715822185538787
2021-04-27 10:00:00,10.37035134841438,13.81411127809064,11.866431023243601
2021-04-27 11:00:00,10.48961094431556,13.53176323887824,11.884547149944305
2021-04-27 12:00:00,10.803169033095717,13.662356749495247,12.122384687612378
2021-04-27 13:00:00,10.351680388821071,13.084411122186479,11.598749325780103
2021-04-27 14:00:00,10.101515309539904,12.910769809207002,11.383567095171962
2021-04-27 15:00:00,11.300034394442285,14.354166789738947,12.71149108349418
2021-04-27 16:00:00,15.0839447882419,18.665430160087144,16.72060790546572
2021-04-27 17:00:00,19.43303330797628,23.5289248858696,21.16365853294837
2021-04-27 18:00:00,20.031632465147034,24.372155820239655,21.763604930652566
2021-04-27 19:00:00,18.669528341498054,23.0863349261034,20.37499899976033
2021-04-27 20:00:00,15.99584826062355,20.3522740638247,17.7106719136083
2021-04-27 21:00:00,13.346132840307366,17.143664349992147,14.817390690765311
2021-04-27 22:00:00,10.321166187713555,13.065031936282725,11.233498694376845
2021-04-27 23:00:00,7.615781416932959,9.493221632685174,8.198618261418158
2021-04-28 00:00:00,5.992900488720894,7.713043434036896,6.490947757544999
2021-04-28 01:00:00,5.210463331782879,6.859458568241871,5.689715485179854
2021-04-28 02:00:00,4.845672250716721,6.5185793565561765,5.352936245762963
2021-04-28 03:00:00,4.851611856830234,6.8371254930420164,5.466833243150284
2021-04-28 04:00:00,5.207924295057728,7.699396495346641,5.981059160618417
2021-04-28 05:00:00,6.378140014368886,9.77637248646576,7.46555813489745
2021-04-28 06:00:00,9.29874213246871,14.276082387042685,11.09424659662016
2021-04-28 07:00:00,11.982574779654028,17.702227217479024,13.874185362181626
2021-04-28 08:00:00,12.583240976205657,17.73246786358785,13.928592345250516
2021-04-28 09:00:00,11.234457307735227,15.429306736389282,12.72867731238963
2021-04-28 10:00:00,10.45176849391407,14.056674864211573,11.87299119838509
2021-04-28 11:00:00,10.598528512439046,13.781271158934507,11.892129789940283
2021-04-28 12:00:00,10.821602713503584,13.778224062212255,12.097425609138963
2021-04-28 13:00:00,10.388130995300058,13.20614195764591,11.578506128467135
2021-04-28 14:00:00,10.105169512478422,12.986099757336532,11.346350736027933
2021-04-28 15:00:00,11.310665718192482,14.433732460188097,12.654926711042142
2021-04-28 16:00:00,15.153080854845703,18.814359094919766,16.66084205527975
2021-04-28 17:00:00,19.415484024950597,23.56698416555852,21.05239128237725
2021-04-28 18:00:00,20.04606622221195,24.337778547517498,21.61137611522716
2021-04-28 19:00:00,18.49218685501221,22.738285724576226,20.081876298962406
2021-04-28 20:00:00,15.926520353478002,20.194521411352955,17.491698471738715
2021-04-28 21:00:00,13.596963824433706,17.710059361745838,14.909458390895923
2021-04-28 22:00:00,10.157394015214571,12.978689463528507,11.14841067011656
2021-04-28 23:00:00,7.606881067340998,9.542363465549794,8.175086987732277
2021-04-29 00:00:00,6.2492365571955935,8.190892104695093,6.660523194340291
2021-04-29 01:00:00,5.276071606879751,7.139149663130271,5.804171402431889
2021-04-29 02:00:00,5.014900478483537,6.962844060025696,5.50047435550255
2021-04-29 03:00:00,5.137145065174163,7.508734632023108,5.699455257117839
2021-04-29 04:00:00,5.477755765632477,8.335796906073252,6.332095327757755
2021-04-29 05:00:00,6.35682996433859,10.234634418906797,7.7761278209373526
2021-04-29 06:00:00,9.306200796910689,14.951829599366238,11.422653544361793
2021-04-29 07:00:00,11.900628896043727,18.099932319777523,14.115570733826585
2021-04-29 08:00:00,12.418626692982468,18.012646447276797,14.131540282635946
2021-04-29 09:00:00,11.21600740762839,15.729462305595248,12.881207970990129
2021-04-29 10:00:00,10.410288328234373,14.005885673120497,11.880642827894706
2021-04-29 11:00:00,10.523109662656333,13.83673002616265,11.955854816865038
2021-04-29 12:00:00,10.832975786056418,13.954046960636278,12.191298317436303
2021-04-29 13:00:00,10.396995160789057,13.405625328255935,11.677218452370335
2021-04-29 14:00:00,10.147180341445193,13.206380681168238,11.458736992072714
2021-04-29 15:00:00,11.340343264642144,14.684278693030135,12.789520329075792
2021-04-29 16:00:00,15.182409831490425,19.099347939730723,16.820228771219355
2021-04-29 17:00:00,19.586505905663262,24.02369868511964,21.248761369583043
2021-04-29 18:00:00,20.068569753284667,24.65587822765648,21.798818709624964
2021-04-29 19:00:00,18.474186412749955,23.002756490183977,20.258195825974383
2021-04-29 20:00:00,16.055212697136962,20.784689323428175,17.79406755135396
2021-04-29 21:00:00,13.561856470819206,17.881222101192765,15.008545139258082
2021-04-29 22:00:00,10.23779411322072,13.165588476436994,11.244441151810602
2021-04-29 23:00:00,7.529722823815275,9.486980645549185,8.185719169514488
2021-04-30 00:00:00,6.1127658646816085,7.8650967565123455,6.553981045025055
2021-04-30 01:00:00,5.277857289709799,6.982546772281487,5.749004705523003
2021-04-30 02:00:00,4.975186653326591,6.777356015585465,5.428180219484953
2021-04-30 03:00:00,5.051287646764414,7.243457643156871,5.592427256498187
2021-04-30 04:00:00,5.42232628968981,8.16732884949404,6.163450812145625
2021-04-30 05:00:00,6.4359217423671655,10.159583036088135,7.758557441069464
2021-04-30 06:00:00,9.38313327002427,14.93650890085777,11.399311065300415
2021-04-30 07:00:00,12.24335467822348,18.54650319712193,14.442055540140649
2021-04-30 08:00:00,12.593782329675484,18.16337802894734,14.176467746731173
2021-04-30 09:00:00,11.228715836048696,15.682823212276187,12.872779138845557
2021-04-30 10:00:00,10.355823441327697,13.853379549360607,11.836467002804511
2021-04-30 11:00:00,10.497143974000718,13.63088142272275,11.876497725166876
2021-04-30 12:00:00,10.798679595046993,13.802004023283189,12.127087357097086
2021-04-30 13:00:00,10.340369567626972,13.235363150095841,11.609892502525673
2021-04-30 14:00:00,10.083053507310828,13.026308562581425,11.386851717836246
2021-04-30 15:00:00,11.298806160413156,14.516316468875734,12.728988988478077
2021-04-30 16:00:00,15.042804844054244,18.813403378220144,16.71340118275589
2021-04-30 17:00:00,19.315754516823354,23.58941698006253,21.08517059009725
2021-04-30 18:00:00,20.057944929829475,24.476054323944144,21.74112592079627
2021-04-30 19:00:00,18.51049594915399,23.069584080932064,20.300293536350512
2021-04-30 20:00:00,15.948431788048849,20.48550948695469,17.68838193517879
2021-04-30 21:00:00,13.344969169482555,17.369440727909563,14.85382863082203
2021-04-30 22:00:00,10.220892295374599,13.10300574384383,11.220296154561142
2021-04-30 23:00:00,7.591309860598659,9.518301281816484,8.206048420033383
2021-05-01 00:00:00,5.793153782268436,6.4852452251503685,5.975694076699286
2021-05-01 01:00:00,5.083983211190491,5.750840909880899,5.244320994619862
2021-05-01 02:00:00,4.801046296261168,5.50536130054636,4.941966439919256
2021-05-01 03:00:00,4.790300276789641,5.698288574991677,4.988863218061561
2021-05-01 04:00:00,5.098802981008404,6.2686149054964435,5.390037024629984
2021-05-01 05:00:00,5.966545250102272,7.569764432195479,6.572966870622721
2021-05-01 06:00:00,8.725407520550709,11.279668873786658,9.705454156875328
2021-05-01 07:00:00,11.17925730760088,13.79392054315571,11.958839414854735
2021-05-01 08:00:00,11.537973754278248,13.839809713620207,12.303811831295084
2021-05-01 09:00:00,10.789939093046552,12.654312663558994,11.567643012091615
2021-05-01 10:00:00,10.251253502578649,11.7958781891149,10.93113096682103
2021-05-01 11:00:00,10.459502024454203,11.839246487871822,11.085546870178417
2021-05-01 12:00:00,10.73575166291403,12.06538143949775,11.358709408065451
2021-05-01 13:00:00,10.234029323931537,11.473031145628557,10.809284378899768
2021-05-01 14:00:00,10.019935098511365,11.225012770819463,10.58639686067971
2021-05-01 15:00:00,11.251254698954586,12.567624933309746,11.879105805710953
2021-05-01 16:00:00,14.857193629874477,16.516429145445965,15.652241183309357
2021-05-01 17:00:00,19.00065196637531,21.00204617014428,19.964626773673825
2021-05-01 18:00:00,19.51727724471873,21.649326731986488,20.529020001315445
2021-05-01 19:00:00,18.044545139631488,20.153993385696108,18.973247305610347
2021-05-01 20:00:00,15.50346714772342,17.524288339163398,16.360672980289326
2021-05-01 21:00:00,12.951483368623869,14.732128218606286,13.689169531305206
2021-05-01 22:00:00,9.818231730650718,11.076624653285783,10.317826906994373
2021-05-01 23:00:00,7.214348122546051,7.9931002208095245,7.5298764998875685
2021-05-02 00:00:00,5.711762638525889,6.407279279984274,5.953464783348983
2021-05-02 01:00:00,4.999251162579611,5.66272472805187,5.21239213216825
2021-05-02 02:00:00,4.7115025063679665,5.412069801388441,4.912621457174288
2021-05-02 03:00:00,4.793666701030353,5.752517395074559,5.007057975767011
2021-05-02 04:00:00,5.131789258538606,6.418678026332895,5.425815938438475
2021-05-02 05:00:00,6.018100820619765,7.856267706856141,6.653065583778371
2021-05-02 06:00:00,8.765442795710326,11.597518988781921,9.792123492955733
2021-05-02 07:00:00,11.146027553636294,14.198475608457352,12.10712392232676
2021-05-02 08:00:00,11.575186327536871,14.144267532588403,12.402710669212482
2021-05-02 09:00:00,10.86269134572405,12.861262295496456,11.62190316465508
2021-05-02 10:00:00,10.259257379105795,11.895044162322657,10.959622613959661
2021-05-02 11:00:00,10.464202447496124,11.923019983649585,11.105959927757937
2021-05-02 12:00:00,10.741115832346628,12.145699240509936,11.3797736358109
2021-05-02 13:00:00,10.239044748083469,11.547490080630636,10.831839326264737
2021-05-02 14:00:00,10.026117038363802,11.298599539969231,10.606380600871246
2021-05-02 15:00:00,11.276077506746732,12.665528899428638,11.908488205980635
2021-05-02 16:00:00,14.870652148185028,16.620822538963747,15.683680532512446
2021-05-02 17:00:00,19.001214724486765,21.110417101763876,19.990474499550334
2021-05-02 18:00:00,19.48795638799413,21.736168645721776,20.53604371133893
2021-05-02 19:00:00,18.022254881695446,20.249050395345062,18.988018189146466
2021-05-02 20:00:00,15.503992029188428,17.67880996179147,16.39121268951083
2021-05-02 21:00:00,12.984650176914517,14.948023635222482,13.735341854194324
2021-05-02 22:00:00,9.833162699549634,11.20448778228889,10.34026766455732
2021-05-02 23:00:00,7.246788877569307,8.08806891529186,7.552530159099197
2021-05-03 00:00:00,5.792741515385633,6.6124832814725565,6.042100649363664
2021-05-03 01:00:00,5.072732266250945,5.861463870025439,5.2913067013255315
2021-05-03 02:00:00,4.767018860319209,5.592231958598505,4.956443538205198
2021-05-03 03:00:00,4.777542992748099,5.857397555931935,5.04865249886515
2021-05-03 04:00:00,5.123464870015737,6.5649627608374885,5.490032864143746
2021-05-03 05:00:00,6.05475578339822,8.129465455957307,6.779543741307423
2021-05-03 06:00:00,8.830762396073478,11.964247491051527,9.974374509704255
2021-05-03 07:00:00,11.091164137910377,14.513663473909723,12.259911992358239
2021-05-03 08:00:00,11.550494087091511,14.489044714255076,12.561412470519997
2021-05-03 09:00:00,10.937125507568954,13.27172171476228,11.791237346491206
2021-05-03 10:00:00,10.251160234250161,12.119477337852759,11.047049379311895
2021-05-03 11:00:00,10.451075117845749,12.111587081910066,11.181618688578428
2021-05-03 12:00:00,10.756591786394107,12.352362021099351,11.473222835963117
2021-05-03 13:00:00,10.237819859358526,11.723397162479705,10.910137455912176
2021-05-03 14:00:00,10.035757318218621,11.480171654684849,10.685217064184155
2021-05-03 15:00:00,11.247771332125458,12.823633368908887,11.968921345373806
2021-05-03 16:00:00,14.851104600547785,16.833225730022846,15.75390100072897
2021-05-03 17:00:00,19.02679283291328,21.41098525582173,20.091074397900552
2021-05-03 18:00:00,19.52886810657607,22.07338077001471,20.663862027399464
2021-05-03 19:00:00,18.066816235813963,20.678135684635933,19.191564475204252
2021-05-03 20:00:00,15.544327051998991,18.147911467654367,16.594934368322107
2021-05-03 21:00:00,13.069326233862178,15.511202154427744,13.959163995323774
2021-05-03 22:00:00,10.0104170002735,11.737674355135127,10.571498432741492
2021-05-03 23:00:00,7.476168156181134,8.534331840222938,7.6974487226818615
2021-05-04 00:00:00,6.060356281853163,7.565512881944171,6.28739387308277
2021-05-04 01:00:00,5.3377653790918895,6.799732094703873,5.5438543439556085
2021-05-04 02:00:00,5.00769039326646,6.537467582904353,5.205862189477723
2021-05-04 03:00:00,5.128553145118586,7.0178440293866275,5.338273280367009
2021-05-04 04:00:00,5.415205151547611,7.722702824522087,5.800780222555779
2021-05-04 05:00:00,6.315486817865234,9.414924371360062,7.208401860064134
2021-05-04 06:00:00,8.874058064105796,13.280908218539492,10.363668700388903
2021-05-04 07:00:00,11.27181218022559,16.35326270309979,12.878034472924911
2021-05-04 08:00:00,11.910535962632078,16.15370578449749,13.187623283622592
2021-05-04 09:00:00,11.068424364521753,14.368016012893861,12.121537236156692
2021-05-04 10:00:00,10.334679865655408,13.152052066693708,11.357300325734991
2021-05-04 11:00:00,10.48046106611301,13.054136550553826,11.461857418132706
2021-05-04 12:00:00,10.790172972671915,13.260448340055317,11.74760194416016
2021-05-04 13:00:00,10.269892806595873,12.617795783693749,11.188000027530869
2021-05-04 14:00:00,10.07400158644833,12.43281910758535,10.985230419164047
2021-05-04 15:00:00,11.320609588966095,13.936674116961234,12.315427772847407
2021-05-04 16:00:00,15.076234354515721,18.18434178002475,16.12981754081795
2021-05-04 17:00:00,19.188413512599855,22.684108600958414,20.463410825151772
2021-05-04 18:00:00,19.638773199692967,23.281114146763066,21.03017848390523
2021-05-04 19:00:00,18.171895991659,21.809057206101443,19.51582955492821
2021-05-04 20:00:00,15.646294367951917,19.152836085703836,16.869017063069872
2021-05-04 21:00:00,13.134147248510233,16.1875443040574,14.122267873057824
2021-05-04 22:00:00,9.98692356842935,12.171269949734755,10.684271231774417
2021-05-04 23:00:00,7.403107878961779,8.880152966566909,7.8112038783531
2021-05-05 00:00:00,5.861680116331923,6.5509466835507295,5.9995326270194225
2021-05-05 01:00:00,5.1320344256232815,5.791069896120342,5.254644454362311
2021-05-05 02:00:00,4.780550813554305,5.460333876775609,4.91520514643876
2021-05-05 03:00:00,4.786479512137485,5.6566990717580214,4.984197138210365
2021-05-05 04:00:00,5.107577601863442,6.252705611112874,5.39772717497925
2021-05-05 05:00:00,6.0519672768703145,7.670542030842881,6.6760818906898
2021-05-05 06:00:00,8.781821637232188,11.183828455756649,9.724243261512436
2021-05-05 07:00:00,11.17660423312041,13.875748989146988,12.114219295901645
2021-05-05 08:00:00,11.570151692847256,13.951176125900957,12.400035511297455
2021-05-05 09:00:00,10.99654183028187,12.923416808818724,11.678368955438666
2021-05-05 10:00:00,10.283601611710907,11.878669339703302,10.977932229815435
2021-05-05 11:00:00,10.432217143436636,11.855715386454715,11.105153471212942
2021-05-05 12:00:00,10.740702635896929,12.111806767313714,11.400219157115293
2021-05-05 13:00:00,10.223750031935964,11.501177274111704,10.844050424571009
2021-05-05 14:00:00,10.006787623915363,11.249162645915872,10.615702828368015
2021-05-05 15:00:00,11.24880971526191,12.605618202283145,11.911401917759092
2021-05-05 16:00:00,14.820750764494372,16.530303592270283,15.659878267781489
2021-05-05 17:00:00,19.004963364359682,21.066011441433425,19.994697529461757
2021-05-05 18:00:00,19.525408123611527,21.721734362504453,20.55512027425846
2021-05-05 19:00:00,18.033641301133926,20.208021720756317,19.044690670810596
2021-05-05 20:00:00,15.51327249971843,17.619237919693376,16.433107850298146
2021-05-05 21:00:00,12.965400478752896,14.841205220737248,13.759504170589585
2021-05-05 22:00:00,9.878816360454792,11.183457039789197,10.414515089369964
2021-05-05 23:00:00,7.295272687797867,8.087885850825412,7.603592355877432
2021-05-06 00:00:00,5.726474923079785,6.120278765810063,5.880968756753736
2021-05-06 01:00:00,5.007725020131479,5.357441123083611,5.138978610152694
2021-05-06 02:00:00,4.677696359680518,5.0766931423661275,4.813924165864599
2021-05-06 03:00:00,4.69439644772419,5.426794367684023,4.946615522941381
2021-05-06 04:00:00,5.018716977083359,6.1642113448231335,5.421366811112557
2021-05-06 05:00:00,6.032377691541351,7.679005542804361,6.670263182979328
2021-05-06 06:00:00,8.791670506992988,11.24290423911179,9.793346595716843
2021-05-06 07:00:00,11.033535971608051,13.634028367047623,12.03886361406798
2021-05-06 08:00:00,11.481603330764893,13.66758916709548,12.362933031636883
2021-05-06 09:00:00,10.974795688294362,12.730640181415144,11.64337444469696
2021-05-06 10:00:00,10.268245113703124,11.715106923851943,10.94618130954197
2021-05-06 11:00:00,10.422329593677867,11.663353519526693,11.05483300690224
2021-05-06 12:00:00,10.736298978706898,11.96289811078877,11.368892410638571
2021-05-06 13:00:00,10.220307647132397,11.326105560822226,10.798698637073608
2021-05-06 14:00:00,9.997292801523043,11.022881033688199,10.548309912042184
2021-05-06 15:00:00,11.22669575663743,12.354377638258976,11.834549221588862
2021-05-06 16:00:00,14.842072245692789,16.486758811203032,15.682415565417081
2021-05-06 17:00:00,19.020311695483525,21.032738548007504,20.017388340868784
2021-05-06 18:00:00,19.500338804386693,21.49397160766026,20.51940103422894
2021-05-06 19:00:00,18.020989607788614,19.936985631181916,18.978967647172052
2021-05-06 20:00:00,15.467102714586725,17.26631534908152,16.340012143753317
2021-05-06 21:00:00,12.916528984197134,14.461337360049587,13.651814732952026
2021-05-06 22:00:00,9.857295990278947,10.914443954061484,10.34134086221269
2021-05-06 23:00:00,7.278239607835321,7.800744456563416,7.501562441606948
2021-05-07 00:00:00,5.761605064054563,6.552709770051873,6.025662401777497
2021-05-07 01:00:00,5.06828338611255,5.832886189248811,5.290288241837476
2021-05-07 02:00:00,4.767288962692133,5.59061310738745,4.965376800879315
2021-05-07 03:00:00,4.7636696406505585,5.829019076802495,5.052683495731178
2021-05-07 04:00:00,5.102128760813938,6.507651424690077,5.485581506539139
2021-05-07 05:00:00,6.074906116118086,8.108796175468306,6.79656426859568
2021-05-07 06:00:00,8.782699825099073,11.706899639276676,9.877474892881281
2021-05-07 07:00:00,11.089549679142596,14.332136871269208,12.19884457539079
2021-05-07 08:00:00,11.584387234683838,14.410816951564088,12.526692600195197
2021-05-07 09:00:00,11.031908276677141,13.285598080491294,11.777330948451384
2021-05-07 10:00:00,10.291288970299465,12.130437108043386,11.042693616231766
2021-05-07 11:00:00,10.428681423700379,12.063892524325226,11.159896511815314
2021-05-07 12:00:00,10.751860372954816,12.323647834115608,11.458448250483888
2021-05-07 13:00:00,10.258230805162002,11.721588397780126,10.911335938386125
2021-05-07 14:00:00,10.039832055480998,11.462678994574034,10.681108956474812
2021-05-07 15:00:00,11.260418554261182,12.812896949270613,11.966893595188495
2021-05-07 16:00:00,14.890361272672173,16.843386139919126,15.752927343541705
2021-05-07 17:00:00,19.081179613035978,21.43087685596449,20.093003378897816
2021-05-07 18:00:00,19.58094088993958,22.10706197989765,20.667470527325737
2021-05-07 19:00:00,18.0907713523033,20.62391352752426,19.16509394407424
2021-05-07 20:00:00,15.543690276431105,17.995036852013087,16.53106754068408
2021-05-07 21:00:00,12.997731209154653,15.157028869086556,13.842563163454168
2021-05-07 22:00:00,9.938839858814122,11.460344531958834,10.481501007602596
2021-05-07 23:00:00,7.334884201418582,8.264180666763005,7.636896982628512
2021-05-08 00:00:00,5.891353817333263,6.776493161249051,6.03928646330591
2021-05-08 01:00:00,5.1177158028658045,5.963823893897974,5.260033617767378
2021-05-08 02:00:00,4.853624098234438,5.740053475054144,4.990044079510694
2021-05-08 03:00:00,4.767082663138586,5.885409718964163,5.042433533321052
2021-05-08 04:00:00,5.181227422292966,6.709986462904249,5.4817969700771
2021-05-08 05:00:00,5.989317136835752,8.178738721272834,6.732516592984679
2021-05-08 06:00:00,8.755376746317307,11.976930275334684,9.86815568859869
2021-05-08 07:00:00,11.34677949971042,15.052333651273518,12.323392650339931
2021-05-08 08:00:00,12.039061113264355,15.373635574472793,12.817136042159339
2021-05-08 09:00:00,11.010548381021339,13.743388709139465,11.908265475722922
2021-05-08 10:00:00,10.327738811531407,12.542419619419398,11.161582310239899
2021-05-08 11:00:00,10.471810319588778,12.266934961851556,11.197211089911407
2021-05-08 12:00:00,10.74070845263394,12.468584300233859,11.464766289118874
2021-05-08 13:00:00,10.241122133022165,11.820176768876385,10.902134349257297
2021-05-08 14:00:00,10.019929765653453,11.555077182560224,10.671460240529187
2021-05-08 15:00:00,11.261431927877165,12.935667904425332,11.977166065690477
2021-05-08 16:00:00,14.888020419776423,16.99254822890693,15.784911344534875
2021-05-08 17:00:00,19.00648205292732,21.53579416208131,20.099866330639966
2021-05-08 18:00:00,19.544352403448546,22.245230806645104,20.657812620347897
2021-05-08 19:00:00,18.09103610838771,20.831056647856006,19.14728929830209
2021-05-08 20:00:00,15.559353165592617,18.28034374651579,16.553469314038036
2021-05-08 21:00:00,13.074779341794695,15.58039948957951,13.904355759881293
2021-05-08 22:00:00,10.014917082197679,11.825420886564329,10.508377064337207
2021-05-08 23:00:00,7.388283691962818,8.484178985316342,7.671897044392155
2021-05-09 00:00:00,5.874224124740587,6.978793851339992,6.085863582058318
2021-05-09 01:00:00,5.225047197984602,6.279099143781382,5.345676922444927
2021-05-09 02:00:00,4.929569887494508,6.004092880148251,5.038455124132401
2021-05-09 03:00:00,4.935568328449983,6.220583797259448,5.078987361973637
2021-05-09 04:00:00,5.35261558171136,6.9991199528553025,5.52237194805246
2021-05-09 05:00:00,6.214153814973286,8.44637678211638,6.735004452319251
2021-05-09 06:00:00,8.805315867138145,12.008658153119695,9.83055277947521
2021-05-09 07:00:00,11.476656800854212,15.04907023755519,12.349212312265
2021-05-09 08:00:00,11.736194695164292,14.94078070039412,12.575046209742881
2021-05-09 09:00:00,10.888710286982672,13.500894062135487,11.784508199822461
2021-05-09 10:00:00,10.283829462158689,12.453940153750615,11.093552889767668
2021-05-09 11:00:00,10.478167673474495,12.425398289205548,11.226998378983264
2021-05-09 12:00:00,10.751501260193086,12.62554644192131,11.492077986330914
2021-05-09 13:00:00,10.237425678484074,12.042559531769946,10.948359937259887
2021-05-09 14:00:00,10.026237479766557,11.857490653639452,10.744216275090997
2021-05-09 15:00:00,11.275696171876017,13.280695149007583,12.06234711761681
2021-05-09 16:00:00,14.890883231976355,17.25797594473556,15.842202402521485
2021-05-09 17:00:00,19.0248594080466,21.73014399237627,20.133111161581493
2021-05-09 18:00:00,19.567576366547453,22.36294020041586,20.662180485788006
2021-05-09 19:00:00,18.031606417650988,20.776761978599332,19.092541906521642
2021-05-09 20:00:00,15.551174959161008,18.335251461142523,16.533842580471358
2021-05-09 21:00:00,13.024606182840635,15.49184997907706,13.844700887590419
2021-05-09 22:00:00,9.907919097682377,11.680865509649136,10.442753171645323
2021-05-09 23:00:00,7.433206885127521,8.691073609027656,7.70614970562401
2021-05-10 00:00:00,6.055667132147684,6.988689028107326,6.098657541674235
2021-05-10 01:00:00,5.3574625826692985,6.259787740118902,5.348300974324575
2021-05-10 02:00:00,5.073363019974958,6.040804862268011,5.023909212708648
2021-05-10 03:00:00,5.213136297669628,6.468476607258959,5.250928108202946
2021-05-10 04:00:00,5.446537519721989,7.123175697068866,5.5705696377545335
2021-05-10 05:00:00,6.283101233884117,8.694336874603668,6.992074171101875
2021-05-10 06:00:00,8.768671549304281,12.094744794614146,9.979850789134929
2021-05-10 07:00:00,11.160275932807302,14.769753278437287,12.329921785547167
2021-05-10 08:00:00,11.492317174069951,14.377788582946259,12.476834373573018
2021-05-10 09:00:00,10.922993769884117,13.235348635728618,11.73274005955242
2021-05-10 10:00:00,10.254619281170253,12.160796447343257,11.031361465680579
2021-05-10 11:00:00,10.423839405092362,12.117190801227904,11.154067028919531
2021-05-10 12:00:00,10.74609328606711,12.372992128876055,11.45194020286582
2021-05-10 13:00:00,10.214465683424818,11.728883214684961,10.882706368366
2021-05-10 14:00:00,10.0078173201683,11.48022521039937,10.662286148222051
2021-05-10 15:00:00,11.229438438221017,12.835651435850176,11.949928560216188
2021-05-10 16:00:00,14.82195767801534,16.841844503876693,15.726694991002777
2021-05-10 17:00:00,18.97467413848141,21.403639820707482,20.06502726282226
2021-05-10 18:00:00,19.501035261138707,22.093790888683042,20.63510113710225
2021-05-10 19:00:00,18.016034526426303,20.590886675196213,19.119199143857323
2021-05-10 20:00:00,15.48161447095845,17.954851061413965,16.491149717903028
2021-05-10 21:00:00,12.941234906260071,15.114262683581963,13.806805959479837
2021-05-10 22:00:00,9.87036326244743,11.417355477628377,10.461695988377164
2021-05-10 23:00:00,7.294834987815266,8.248590548761221,7.639286411103932
2021-05-11 00:00:00,5.739745380833407,6.42593801765889,5.979915525714802
2021-05-11 01:00:00,5.041818592453241,5.704516582042785,5.246997407106118
2021-05-11 02:00:00,4.731175100033403,5.430961446973854,4.915049510449632
2021-05-11 03:00:00,4.793202123589857,5.712474419566774,4.996812890381392
2021-05-11 04:00:00,5.137279970273831,6.362603624339562,5.420370740374185
2021-05-11 05:00:00,6.076819161406762,7.835633327083318,6.720782163738592
2021-05-11 06:00:00,8.763946932657502,11.373852531183102,9.779577080812047
2021-05-11 07:00:00,10.9980280831491,13.854314451478883,12.039014002040464
2021-05-11 08:00:00,11.45519631429559,13.896657947461962,12.38510792054906
2021-05-11 09:00:00,10.935211275645138,12.827346197517054,11.62282699334473
2021-05-11 10:00:00,10.255100082928841,11.822130136668305,10.941837155024958
2021-05-11 11:00:00,10.43062558780677,11.829804238184126,11.08043773434896
2021-05-11 12:00:00,10.724654937770513,12.072706445533132,11.367474193394937
2021-05-11 13:00:00,10.211093136777526,11.46716243955639,10.814784343467139
2021-05-11 14:00:00,9.996885368517862,11.2185294648845,10.590151501238052
2021-05-11 15:00:00,11.236503854998816,12.570835613359764,11.88168231785221
2021-05-11 16:00:00,14.81681891518865,16.498403952598522,15.633983006355422
2021-05-11 17:00:00,18.95557043719025,20.983461198222706,19.94901374846545
2021-05-11 18:00:00,19.485374114040976,21.645973509903037,20.51846729074738
2021-05-11 19:00:00,18.043037451423928,20.186540290345754,19.022238970553623
2021-05-11 20:00:00,15.493216679493345,17.632389783929664,16.426655034986265
2021-05-11 21:00:00,12.964131249566103,14.925354593974566,13.775374215347426
2021-05-11 22:00:00,9.916252051502347,11.32182330847682,10.44978498817638
2021-05-11 23:00:00,7.345669108829285,8.209195754201096,7.629199402112475
2021-05-12 00:00:00,5.8281989879128115,6.603981219129463,6.024157276374419
2021-05-12 01:00:00,5.123712351261341,5.865437791054265,5.286375515280394
2021-05-12 02:00:00,4.8131341224937865,5.588213041266353,4.941031941077503
2021-05-12 03:00:00,4.817223457340503,5.812253084841982,5.017892092383018
2021-05-12 04:00:00,5.142395963379279,6.452936425437826,5.439498389392769
2021-05-12 05:00:00,6.084900449931727,7.957411649782589,6.72462835706534
2021-05-12 06:00:00,8.762981288689536,11.582189204189989,9.820295182819144
2021-05-12 07:00:00,11.121196128391917,14.265891068594991,12.14140404619418
2021-05-12 08:00:00,11.490420810023583,14.157175867762481,12.442075906076507
2021-05-12 09:00:00,10.962315907875025,13.04555864099189,11.6763484951729
2021-05-12 10:00:00,10.26009592378417,11.927790950242683,10.960916836163621
2021-05-12 11:00:00,10.418645086593488,11.867869414758351,11.077774742576036
2021-05-12 12:00:00,10.724936286068093,12.120426260115769,11.371630546922113
2021-05-12 13:00:00,10.209045248276924,11.509065638931807,10.816844862581661
2021-05-12 14:00:00,10.000810457159435,11.265115351337805,10.595399725886821
2021-05-12 15:00:00,11.241300578652385,12.621885707160917,11.888605263026854
2021-05-12 16:00:00,14.831757081905765,16.570895181398747,15.644877493641676
2021-05-12 17:00:00,19.022442515185976,21.118565519225754,19.966275767896864
2021-05-12 18:00:00,19.52010990285514,21.754229201007576,20.533010158484778
2021-05-12 19:00:00,18.00888838694316,20.221447236885563,19.003109410125163
2021-05-12 20:00:00,15.469637125704503,17.586770633801653,16.37334977328406
2021-05-12 21:00:00,12.91255285151444,14.769658741733041,13.695415176535942
2021-05-12 22:00:00,9.839946462966727,11.148144109079325,10.384345173436442
2021-05-12 23:00:00,7.260864836755123,8.068973303308816,7.588095988294649
2021-05-13 00:00:00,5.72192948418457,6.470459178604587,5.990920569971311
2021-05-13 01:00:00,5.0095454521061304,5.724712889299123,5.2528957977674295
2021-05-13 02:00:00,4.673042285426654,5.417798784025746,4.919701799908979
2021-05-13 03:00:00,4.686337168076958,5.643550474153453,4.996613874432554
2021-05-13 04:00:00,5.035710469466818,6.323785490017802,5.423591778212588
2021-05-13 05:00:00,6.075827226329112,7.947660939622292,6.6694299042260035
2021-05-13 06:00:00,8.847133877418939,11.681664784581898,9.81553389293072
2021-05-13 07:00:00,11.136696319548161,14.307634522259077,12.110584396137464
2021-05-13 08:00:00,11.636467176624098,14.386159863504083,12.48259835655124
2021-05-13 09:00:00,11.0356052719729,13.205716312875065,11.730162714387475
2021-05-13 10:00:00,10.319883728539002,12.083059602663319,11.008857080120398
2021-05-13 11:00:00,10.447320649296907,12.01663418343481,11.129897121507943
2021-05-13 12:00:00,10.75540945411446,12.264732390379981,11.424294868424184
2021-05-13 13:00:00,10.24542836865482,11.650913436341208,10.868063581986
2021-05-13 14:00:00,10.031633198144263,11.398306599691837,10.643294661949955
2021-05-13 15:00:00,11.26085493514806,12.752429278712988,11.931162685509472
2021-05-13 16:00:00,14.962900751248178,16.840142715698768,15.706489191194784
2021-05-13 17:00:00,19.078039406396506,21.337891952062254,20.031695769337155
2021-05-13 18:00:00,19.55749645874998,21.968033523222907,20.596133181407346
2021-05-13 19:00:00,18.09675283742871,20.487528363412842,19.075164083157844
2021-05-13 20:00:00,15.527885010419588,17.84389348185654,16.450140003836253
2021-05-13 21:00:00,12.99174003600847,15.057382060829115,13.775190344596895
2021-05-13 22:00:00,9.935667441856863,11.388343077138698,10.434563334278856
2021-05-13 23:00:00,7.334861870285967,8.217240793531554,7.61176077712119
2021-05-14 00:00:00,5.794918713364277,6.194596716724728,5.879419551802558
2021-05-14 01:00:00,5.088758344121412,5.44517401755921,5.143564263781633
2021-05-14 02:00:00,4.740341789236437,5.14684497266927,4.816233787284896
2021-05-14 03:00:00,4.757505656182759,5.5063285965072035,4.944056611231578
2021-05-14 04:00:00,5.080521249914893,6.243544803460248,5.424727226720166
2021-05-14 05:00:00,6.04443986595219,7.7073359786439655,6.6808954604611595
2021-05-14 06:00:00,8.755564217610297,11.196231580529616,9.755298812624382
2021-05-14 07:00:00,11.11905567662172,13.701287946607456,12.045616039130818
2021-05-14 08:00:00,11.528242323049932,13.687671214624219,12.314485741492454
2021-05-14 09:00:00,10.941937172442069,12.677060103286632,11.59989387802122
2021-05-14 10:00:00,10.256827658643214,11.687108037774477,10.915506513505262
2021-05-14 11:00:00,10.41959163329505,11.646987471533647,11.034727774883788
2021-05-14 12:00:00,10.732987168084211,11.946269935693905,11.3437995150919
2021-05-14 13:00:00,10.215144458792894,11.30913310538577,10.776728818979736
2021-05-14 14:00:00,10.002540976227662,11.017368973652655,10.535643389989868
2021-05-14 15:00:00,11.224471706537416,12.340404425762875,11.815503975942661
2021-05-14 16:00:00,14.83281552376847,16.459801068212027,15.649619083960113
2021-05-14 17:00:00,19.008783332375444,20.99982896419813,19.98914350950235
2021-05-14 18:00:00,19.548698134985415,21.521395836300176,20.50208263539369
2021-05-14 19:00:00,18.017532736975763,19.913130494185715,18.94466852214556
2021-05-14 20:00:00,15.459175188159945,17.238707826312844,16.30453984101827
2021-05-14 21:00:00,12.91196379468398,14.43973603439056,13.62088101983712
2021-05-14 22:00:00,9.827269733339781,10.868180819253721,10.307500533439782
2021-05-14 23:00:00,7.243569717437737,7.743124895886929,7.4832356828174
2021-05-15 00:00:00,5.703249564456163,6.355377213961856,5.94541279946124
2021-05-15 01:00:00,4.998113946341774,5.620821373228922,5.2054968825216
2021-05-15 02:00:00,4.687860448334759,5.332641906958452,4.89875359155163
2021-05-15 03:00:00,4.686543157565058,5.516501435752521,4.949772635915404
2021-05-15 04:00:00,5.005526935415957,6.10209635394433,5.353262758622097
2021-05-15 05:00:00,6.0079566497400885,7.582984892702915,6.561412413346107
2021-05-15 06:00:00,8.707834815079815,11.111880396626105,9.640538543324924
2021-05-15 07:00:00,11.058323559612916,13.76721150898919,11.946728279749783
2021-05-15 08:00:00,11.539534664051708,13.928971143636941,12.32128887227903
2021-05-15 09:00:00,10.801015661411746,12.69890165010122,11.574012371788006
2021-05-15 10:00:00,10.25666495842245,11.844681145958518,10.9436937500538
2021-05-15 11:00:00,10.457084694969963,11.860289349207978,11.084265036288755
2021-05-15 12:00:00,10.744710897532025,12.123645821278515,11.376215936732182
2021-05-15 13:00:00,10.235269175112425,11.51361609273114,10.822412063631054
2021-05-15 14:00:00,10.026537755056147,11.251613766910427,10.59524330431727
2021-05-15 15:00:00,11.262906613390546,12.610769131817525,11.889326363381814
2021-05-15 16:00:00,14.902740436385544,16.63856056738702,15.703377478763501
2021-05-15 17:00:00,19.031139163988232,21.1233285383616,20.00284740189929
2021-05-15 18:00:00,19.650415862611688,21.89655685582277,20.564208280700438
2021-05-15 19:00:00,18.21218921771451,20.49288598370198,19.049284960495868
2021-05-15 20:00:00,15.617467229066758,17.818454527608992,16.418049548074816
2021-05-15 21:00:00,13.130268873841802,15.102447454134126,13.764111998509449
2021-05-15 22:00:00,10.06165059788174,11.482315484072455,10.40706207341919
2021-05-15 23:00:00,7.473924316739676,8.348494896703869,7.610099592073544
2021-05-16 00:00:00,5.9070211005226545,6.749633246975685,6.008849965719948
2021-05-16 01:00:00,5.167848288311989,5.966241415328502,5.258946986735843
2021-05-16 02:00:00,4.832123290301674,5.64549317633501,4.946856214899437
2021-05-16 03:00:00,4.78218541346861,5.808193020807755,4.9900488045216855
2021-05-16 04:00:00,5.151255474774309,6.5191013298636715,5.409557402421962
2021-05-16 05:00:00,6.0414320837902835,7.958080666799206,6.61898154958197
2021-05-16 06:00:00,8.764421369594329,11.609027601353912,9.726705639188683
2021-05-16 07:00:00,11.300167160097594,14.419654706453107,12.136965334665563
2021-05-16 08:00:00,11.686539588116508,14.362832092880014,12.374117207187973
2021-05-16 09:00:00,10.820971695910735,12.980894103719821,11.608571830684012
2021-05-16 10:00:00,10.26675646230742,12.049909891208136,10.968475487548625
2021-05-16 11:00:00,10.4649334849677,12.051575346331916,11.11211648823614
2021-05-16 12:00:00,10.75123589129528,12.2769844072161,11.39222920259109
2021-05-16 13:00:00,10.235387589890415,11.656090731671071,10.83335941939243
2021-05-16 14:00:00,10.03130176672752,11.412746479143463,10.614187938216388
2021-05-16 15:00:00,11.276624052120843,12.784213635536059,11.915013074868902
2021-05-16 16:00:00,14.886633781292703,16.783803506475937,15.702646954149385
2021-05-16 17:00:00,19.029914727428096,21.313392702631177,20.01574436488425
2021-05-16 18:00:00,19.59699186072624,22.032985207956365,20.560278067418512
2021-05-16 19:00:00,18.068674508472068,20.534383908621006,19.028467586155386
2021-05-16 20:00:00,15.548509103893268,18.015352341175735,16.44721629086539
2021-05-16 21:00:00,13.063398934917739,15.331329668440734,13.812698615253257
2021-05-16 22:00:00,9.951945360809928,11.5364434766079,10.410154743871066
2021-05-16 23:00:00,7.354953463839614,8.32123021211934,7.579972475178669
2021-05-17 00:00:00,5.918355876920627,6.921024813441179,6.101629561021239
2021-05-17 01:00:00,5.197328804031192,6.16337521729975,5.33670328472531
2021-05-17 02:00:00,4.859664484371784,5.846219474370433,4.994842708477166
2021-05-17 03:00:00,4.8803524688660564,6.048112076905674,5.0552237922677445
2021-05-17 04:00:00,5.155972256001247,6.578633235672763,5.448921896596899
2021-05-17 05:00:00,6.182354420382687,8.119543661788105,6.7488040017654605
2021-05-17 06:00:00,8.909192580446945,11.650181700932995,9.80333867978833
2021-05-17 07:00:00,11.075312384535552,14.145672192136052,12.062583809020063
2021-05-17 08:00:00,11.576391587530672,14.41560227517951,12.466890990976106
2021-05-17 09:00:00,11.045558312046296,13.530932224379242,11.83277312513472
2021-05-17 10:00:00,10.319385767962926,12.39141272078863,11.084558138245105
2021-05-17 11:00:00,10.443096736553626,12.308828555391234,11.203077266959689
2021-05-17 12:00:00,10.743315415165673,12.493288672922146,11.477065461382937
2021-05-17 13:00:00,10.258358623527883,12.030382601213876,10.97632901514004
2021-05-17 14:00:00,10.069249294302493,11.866719915270613,10.766924195112562
2021-05-17 15:00:00,11.276560740459027,13.234276660928764,12.07428837956215
2021-05-17 16:00:00,14.876864129232167,17.089756126706877,15.785504062235166
2021-05-17 17:00:00,19.040235094722327,21.57320476088383,20.094431197604322
2021-05-17 18:00:00,19.5634676987412,22.21366306581163,20.65069958046461
2021-05-17 19:00:00,18.075113410339476,20.695848128220337,19.12880016742588
2021-05-17 20:00:00,15.535225150558393,18.052743559028354,16.495355927086884
2021-05-17 21:00:00,13.00327319624884,15.219989467937882,13.803547194590085
2021-05-17 22:00:00,9.925286863237694,11.503078092789643,10.45839891975869
2021-05-17 23:00:00,7.3251080765265915,8.385725897382768,7.6588489714219765
2021-05-18 00:00:00,5.809409689465099,6.504498149862709,5.972149062105252
2021-05-18 01:00:00,5.11163072949562,5.786542659549751,5.239372431991024
2021-05-18 02:00:00,4.828509712099781,5.545251084602217,4.912649421845735
2021-05-18 03:00:00,4.833780520014375,5.763572960864655,4.987853009396933
2021-05-18 04:00:00,5.133495912514897,6.352491183021283,5.399552777674596
2021-05-18 05:00:00,6.059757728425525,7.8243955763398,6.67636390992863
2021-05-18 06:00:00,8.855930868472123,11.422732098190693,9.810165627071914
2021-05-18 07:00:00,11.065497734505044,13.915430959550994,12.025135330738586
2021-05-18 08:00:00,11.490170230187362,13.90676871355107,12.337376162170246
2021-05-18 09:00:00,10.92702762648082,12.881980280079325,11.628980088455517
2021-05-18 10:00:00,10.271580351978136,11.89773862685825,10.95472014904282
2021-05-18 11:00:00,10.434166715344075,11.87732058605395,11.088723301788152
2021-05-18 12:00:00,10.749641627545289,12.139377394555625,11.385481659882087
2021-05-18 13:00:00,10.229710656732209,11.524399853548838,10.827667556132381
2021-05-18 14:00:00,10.018280990477823,11.277411200856093,10.605912339105231
2021-05-18 15:00:00,11.237680775353958,12.612655447014987,11.885953773883235
2021-05-18 16:00:00,14.840517109001711,16.57267411781463,15.649719646816052
2021-05-18 17:00:00,19.012416705701565,21.10026325218205,19.961920001959047
2021-05-18 18:00:00,19.52360322476517,21.748804681084316,20.525273495280356
2021-05-18 19:00:00,18.04935353814911,20.263754874993047,19.026442584971246
2021-05-18 20:00:00,15.519243737422135,17.72060575698112,16.43270513592258
2021-05-18 21:00:00,12.996028791029245,14.973582124751493,13.76002098226424
2021-05-18 22:00:00,9.923205985587332,11.307813923441664,10.422787129970779
2021-05-18 23:00:00,7.337742653327576,8.1952185407188,7.608108575688351
2021-05-19 00:00:00,5.79000694863335,6.468748945106418,5.97756718535954
2021-05-19 01:00:00,5.096027523806275,5.746407621149712,5.241544781217275
2021-05-19 02:00:00,4.778043503001349,5.441822405337292,4.9123610119596455
2021-05-19 03:00:00,4.772566722646461,5.630548746443282,4.9687831248264605
2021-05-19 04:00:00,5.072892559855684,6.192088136498931,5.370375877274938
2021-05-19 05:00:00,6.064057048178905,7.667766530820695,6.584396065634688
2021-05-19 06:00:00,8.758985251998054,11.131932120484192,9.660323326560688
2021-05-19 07:00:00,11.014631998227589,13.65168551048756,11.911945460442704
2021-05-19 08:00:00,11.423722704282389,13.682667708361008,12.273328520601433
2021-05-19 09:00:00,10.91087050418846,12.741391356371862,11.567975702796874
2021-05-19 10:00:00,10.262846615944365,11.780149772805503,10.906953748303435
2021-05-19 11:00:00,10.414593455341258,11.770639502619725,11.04559604547181
2021-05-19 12:00:00,10.7391096938855,12.046275662109988,11.34830842474441
2021-05-19 13:00:00,10.215654629541898,11.433844041130758,10.792871111246695
2021-05-19 14:00:00,10.000488953413258,11.185365214049742,10.565156372015664
2021-05-19 15:00:00,11.221899700814683,12.516367312165123,11.845008842492751
2021-05-19 16:00:00,14.834130952915158,16.466113037708485,15.609195410923919
2021-05-19 17:00:00,18.974011634779963,20.94309543412677,19.913522697070185
2021-05-19 18:00:00,19.51120407800203,21.60843926529398,20.471851433633187
2021-05-19 19:00:00,18.02376879891721,20.098047747978395,18.951439870793426
2021-05-19 20:00:00,15.492665324651105,17.554858785613053,16.362110517924066
2021-05-19 21:00:00,12.979270954706257,14.868429659895128,13.725240006049145
2021-05-19 22:00:00,9.906578021616962,11.230354890896805,10.396796189592719
2021-05-19 23:00:00,7.369700203055886,8.199147862136124,7.599558127697165
2021-05-20 00:00:00,5.799801692932596,6.4691561230225165,5.964349064113748
2021-05-20 01:00:00,5.112551626591375,5.755343904209417,5.2303268903711935
2021-05-20 02:00:00,4.738987077808734,5.384821892426682,4.883695007185382
2021-05-20 03:00:00,4.79867628249415,5.6368458327463,4.95025064396872
2021-05-20 04:00:00,5.1261226905227435,6.240164050647109,5.356365839121161
2021-05-20 05:00:00,6.0314638318077085,7.600736106236616,6.587743428090338
2021-05-20 06:00:00,8.754063397395452,11.056243677293113,9.622175240925497
2021-05-20 07:00:00,11.026603786057159,13.522595012535456,11.861929176302406
2021-05-20 08:00:00,11.478258855261162,13.619502883916933,12.229710354354761
2021-05-20 09:00:00,10.916817949510527,12.654440475145142,11.541708197982542
2021-05-20 10:00:00,10.26273134618591,11.705059005927414,10.880132481863791
2021-05-20 11:00:00,10.427511719341782,11.718524785227578,11.021387634991884
2021-05-20 12:00:00,10.730603746071127,11.97612473251892,11.315364795128254
2021-05-20 13:00:00,10.212723392767492,11.37379957487498,10.76438561252565
2021-05-20 14:00:00,10.006960930875346,11.136400658469613,10.54653492439048
2021-05-20 15:00:00,11.23437652155029,12.468739150949478,11.826242208722844
2021-05-20 16:00:00,14.82336688513347,16.38056034919047,15.569697554199115
2021-05-20 17:00:00,18.944356102738414,20.824773979551086,19.8610357654501
2021-05-20 18:00:00,19.450666162640943,21.452364259638262,20.41357903034633
2021-05-20 19:00:00,18.001327323786878,19.97909500288857,18.89721864542927
2021-05-20 20:00:00,15.45823491847297,17.34458894509063,16.278465457677804
2021-05-20 21:00:00,12.93440474126006,14.663031999292027,13.646590739931039
2021-05-20 22:00:00,9.863544078927974,11.085879651058926,10.345279511988837
2021-05-20 23:00:00,7.276961097160016,8.029135579332737,7.5535771604046476
2021-05-21 00:00:00,5.758961758645809,6.407472915714929,5.957599384812636
2021-05-21 01:00:00,5.083798054934763,5.715502671317421,5.2297540502510165
2021-05-21 02:00:00,4.772554478082092,5.437071075949641,4.897224592938318
2021-05-21 03:00:00,4.799199696663589,5.6489623951193995,4.966086221410767
2021-05-21 04:00:00,5.098286375184754,6.206426838767248,5.361879929849515
2021-05-21 05:00:00,6.077435523860091,7.656024983149644,6.620851519536394
2021-05-21 06:00:00,8.748896984748809,10.96871655670469,9.601834784604764
2021-05-21 07:00:00,11.023184108344768,13.4919960000609,11.863582611547686
2021-05-21 08:00:00,11.478049571024583,13.585256191453585,12.220818549911348
2021-05-21 09:00:00,10.89955726345076,12.610314945757061,11.534013083271537
2021-05-21 10:00:00,10.234619658681314,11.655265496387798,10.868326835734845
2021-05-21 11:00:00,10.42822000416892,11.700426478793144,11.021228559952199
2021-05-21 12:00:00,10.735482857739077,11.963177013080957,11.317514367330045
2021-05-21 13:00:00,10.21433021674922,11.358890084526921,10.764132427301368
2021-05-21 14:00:00,10.005905352886984,11.119313642346988,10.544551235838435
2021-05-21 15:00:00,11.232604441275237,12.449585585093804,11.823934345215767
2021-05-21 16:00:00,14.807586544827911,16.343152228778813,15.560528907825976
2021-05-21 17:00:00,18.942405357571765,20.79718234066834,19.85775025407082
2021-05-21 18:00:00,19.447496708160344,21.42156686977757,20.411765024446154
2021-05-21 19:00:00,17.986813439775748,19.936671464923478,18.88833338350045
2021-05-21 20:00:00,15.447301769845552,17.30622301249309,16.273335811540004
2021-05-21 21:00:00,12.915134396983063,14.592547566893828,13.630511454334622
2021-05-21 22:00:00,9.849439408447079,11.050913170369613,10.344141732587445
2021-05-21 23:00:00,7.265708465349259,8.01623656602208,7.564750310662234
2021-05-22 00:00:00,5.703918365892197,6.29715081094457,5.893972155640935
2021-05-22 01:00:00,5.061108281666672,5.6502773127121335,5.165985326759686
2021-05-22 02:00:00,4.729979474289944,5.328525060912143,4.854968524849186
2021-05-22 03:00:00,4.79757234431936,5.577449560501819,4.913585477012319
2021-05-22 04:00:00,5.146306650417085,6.186101698292679,5.309230370532034
2021-05-22 05:00:00,5.963208433115117,7.417780854751081,6.472711159651972
2021-05-22 06:00:00,8.70093135723175,10.793185642775137,9.475843587505674
2021-05-22 07:00:00,11.037687156574922,13.309187174311877,11.722216036803637
2021-05-22 08:00:00,11.484234596600736,13.392057649825423,12.075330010471989
2021-05-22 09:00:00,10.774877465355166,12.324311892335414,11.402548290359842
2021-05-22 10:00:00,10.242466452124377,11.532913052510093,10.799297446781901
2021-05-22 11:00:00,10.44769442670006,11.606967411006629,10.967098303551014
2021-05-22 12:00:00,10.732695393862583,11.85333951392198,11.252535533886721
2021-05-22 13:00:00,10.219801314466576,11.265180793916404,10.707262147710521
2021-05-22 14:00:00,10.010313884931273,11.027453465291744,10.4888059224073
2021-05-22 15:00:00,11.252376217297693,12.364981623577041,11.774043662079766
2021-05-22 16:00:00,14.854060908704094,16.259751876858125,15.527514066283842
2021-05-22 17:00:00,18.97357062813199,20.6743741674531,19.79428494844896
2021-05-22 18:00:00,19.459620711273182,21.26778525345372,20.330292926385425
2021-05-22 19:00:00,17.960706734430556,19.742967421456818,18.770635055626947
2021-05-22 20:00:00,15.439457895870754,17.13364540236235,16.16780297826003
2021-05-22 21:00:00,12.91266389136086,14.401725684037082,13.517932935473366
2021-05-22 22:00:00,9.804953883487688,10.883699803796535,10.217952911314185
2021-05-22 23:00:00,7.200856974509002,7.867608404930443,7.474335963009093
2021-05-23 00:00:00,5.722036589693418,6.074566623826882,5.813052286265171
2021-05-23 01:00:00,5.017717989953829,5.3309979532512735,5.072734451736185
2021-05-23 02:00:00,4.82578348633492,5.192735269471383,4.796654697560571
2021-05-23 03:00:00,4.805704389628394,5.4663930937469045,4.8620668049941465
2021-05-23 04:00:00,5.1000329703268195,6.104253456170739,5.271056704912843
2021-05-23 05:00:00,5.959512018742766,7.419518460601005,6.438444029044157
2021-05-23 06:00:00,8.695349543852725,10.62784102621304,9.378779849727312
2021-05-23 07:00:00,10.999926411050872,12.983056995576439,11.567226517187745
2021-05-23 08:00:00,11.420437513940927,13.119968744977028,11.96556515323224
2021-05-23 09:00:00,10.750306030805575,12.126585047149495,11.306252925263369
2021-05-23 10:00:00,10.219424137627573,11.362556977637647,10.713539541248526
2021-05-23 11:00:00,10.423990161423264,11.41538273697231,10.879559383287914
2021-05-23 12:00:00,10.71641691451023,11.699094658694742,11.181220317646998
2021-05-23 13:00:00,10.2073641956301,11.096846851025651,10.634700468116959
2021-05-23 14:00:00,10.006189488527939,10.834678024495576,10.412188390158303
2021-05-23 15:00:00,11.237368096126469,12.149835682264257,11.684902737105917
2021-05-23 16:00:00,14.830299862442367,16.150749461113435,15.456771957184058
2021-05-23 17:00:00,18.942793988268726,20.56357212621336,19.71511105901754
2021-05-23 18:00:00,19.436665169711393,21.046821001005483,20.223151573131442
2021-05-23 19:00:00,17.92456949868459,19.466921994331557,18.65832645950385
2021-05-23 20:00:00,15.383777183648604,16.822503137896778,16.03652516787622
2021-05-23 21:00:00,12.856370044615261,14.089120427327593,13.393580291425913
2021-05-23 22:00:00,9.764242114332177,10.616056036030528,10.121501099991688
2021-05-23 23:00:00,7.185283528876274,7.623212844046754,7.398533547098247
2021-05-24 00:00:00,5.736249430231585,6.046650973185029,5.85642955506469
2021-05-24 01:00:00,5.011509917815231,5.290211631618422,5.10620912401164
2021-05-24 02:00:00,4.65566249678011,4.95728942715379,4.7696196149101455
2021-05-24 03:00:00,4.743982311872944,5.2949985589613515,4.86251828642449
2021-05-24 04:00:00,5.014462702839653,5.815293838489096,5.264969301516259
2021-05-24 05:00:00,5.955463055922185,7.128509415474735,6.439082562756012
2021-05-24 06:00:00,8.72582933483212,10.343081113386564,9.41750589468552
2021-05-24 07:00:00,10.858394905925156,12.505010390303958,11.554184179217998
2021-05-24 08:00:00,11.350413355579212,12.771875673291422,11.978039630581701
2021-05-24 09:00:00,10.804558489694202,11.963868936897509,11.33717289769587
2021-05-24 10:00:00,10.210233904814862,11.17974810959722,10.714529311027144
2021-05-24 11:00:00,10.406600534826222,11.25529794919489,10.875400483344771
2021-05-24 12:00:00,10.713220764931622,11.556467296972478,11.184598172095953
2021-05-24 13:00:00,10.201053243373549,10.966885000710779,10.637720293250604
2021-05-24 14:00:00,9.995860604107422,10.711682310032542,10.411461945694708
2021-05-24 15:00:00,11.218725015364829,12.008171039725632,11.680792483632377
2021-05-24 16:00:00,14.79417614657225,15.929284255930405,15.431939797015199
2021-05-24 17:00:00,18.905720772013755,20.30262327740712,19.697145226306844
2021-05-24 18:00:00,19.4096248596754,20.800576219015696,20.20893197652672
2021-05-24 19:00:00,17.921381340216424,19.250150392310566,18.65612734502998
2021-05-24 20:00:00,15.373472117051818,16.606135391755135,16.03334585556686
2021-05-24 21:00:00,12.827803149884895,13.882173831588998,13.383788627544403
2021-05-24 22:00:00,9.773476796102827,10.50199928763257,10.16025936911935
2021-05-24 23:00:00,7.183173509188349,7.558003549980013,7.417226402762169
2021-05-25 00:00:00,5.639974963927523,5.874804104249062,5.820741581635147
2021-05-25 01:00:00,4.933485140013313,5.140873877225921,5.087046093575654
2021-05-25 02:00:00,4.595176278488266,4.815551702362359,4.757969990355356
2021-05-25 03:00:00,4.602399721882416,4.943000118605979,4.823560373423891
2021-05-25 04:00:00,4.9166510065993245,5.418951939513515,5.2209610626592555
2021-05-25 05:00:00,5.919220843783237,6.617984927552713,6.358753375048129
2021-05-25 06:00:00,8.689744625116981,9.70773087507857,9.32168444572561
2021-05-25 07:00:00,10.823470383903487,11.946651398929511,11.507812868108115
2021-05-25 08:00:00,11.348873888918803,12.337812215803512,11.950750302640015
2021-05-25 09:00:00,10.802842658489665,11.624668018679584,11.32527299811314
2021-05-25 10:00:00,10.217840520901884,10.91729855833681,10.699249079570551
2021-05-25 11:00:00,10.410846101752208,11.037587455489168,10.860947161108102
2021-05-25 12:00:00,10.715969882255521,11.342337283143577,11.17014632059051
2021-05-25 13:00:00,10.201074172205907,10.774572384385957,10.622761483183844
2021-05-25 14:00:00,9.99516736264432,10.53574075914367,10.398382888286303
2021-05-25 15:00:00,11.217238234795165,11.815329618964181,11.665761504117244
2021-05-25 16:00:00,14.791336538371775,15.63815409534389,15.409191699829016
2021-05-25 17:00:00,18.908295907820097,19.956969692201007,19.672538456869454
2021-05-25 18:00:00,19.409178963351522,20.459167386981502,20.182197756671503
2021-05-25 19:00:00,17.921903729636853,18.91845310900352,18.638917004701188
2021-05-25 20:00:00,15.364191772219536,16.276333592539583,16.005573124033997
2021-05-25 21:00:00,12.812781446155412,13.589690331643451,13.35519449287575
2021-05-25 22:00:00,9.756017095393197,10.301447877463888,10.139806890335764
2021-05-25 23:00:00,7.174071931200654,7.4758002676511275,7.406419059614517
2021-05-26 00:00:00,5.641027869612282,6.018131825001355,5.892843434871638
2021-05-26 01:00:00,4.920844967054022,5.274533441078688,5.154275217958355
2021-05-26 02:00:00,4.593139947205649,4.952704377104199,4.8275711704073165
2021-05-26 03:00:00,4.598258379787728,5.040756597328956,4.8706435314305025
2021-05-26 04:00:00,4.9170655171920865,5.489529670005538,5.249764302275564
2021-05-26 05:00:00,5.933940390715907,6.740720208287779,6.400519995346766
2021-05-26 06:00:00,8.704030399217732,9.936745127403954,9.413093559087704
2021-05-26 07:00:00,10.85285706207073,12.247849588631285,11.64274948818915
2021-05-26 08:00:00,11.395561372709684,12.678086708179071,12.107568618569958
2021-05-26 09:00:00,10.83969902937331,11.882632067112846,11.437960251226533
2021-05-26 10:00:00,10.232307422433044,11.095026843821717,10.779292440105703
2021-05-26 11:00:00,10.41338171275288,11.201648505150276,10.936204121486014
2021-05-26 12:00:00,10.720471703770535,11.489437806775959,11.235435637675733
2021-05-26 13:00:00,10.207735833029336,10.927290456786679,10.692595222764792
2021-05-26 14:00:00,10.00021528061638,10.701095378846523,10.475646315594787
2021-05-26 15:00:00,11.22329538158289,11.993008304833365,11.749252611291428
2021-05-26 16:00:00,14.78995272249051,15.76898262139437,15.46351758119281
2021-05-26 17:00:00,18.926970122769045,20.12194407274868,19.746274163362457
2021-05-26 18:00:00,19.427340521605267,20.69047619847393,20.289809988112495
2021-05-26 19:00:00,17.95259897359405,19.184273204683578,18.75575124793004
2021-05-26 20:00:00,15.408907766335307,16.57860680837122,16.1481766950039
2021-05-26 21:00:00,12.871000714011247,13.909367424252764,13.510006371658694
2021-05-26 22:00:00,9.802704498459383,10.55324902015363,10.258335868743373
2021-05-26 23:00:00,7.221283237407273,7.697780620670714,7.512787466434293
2021-05-27 00:00:00,5.695863503243306,6.282938922357618,5.954179073112928
2021-05-27 01:00:00,4.9989022819996025,5.563448317895686,5.223657460999014
2021-05-27 02:00:00,4.678110132037796,5.261228206173214,4.889232443755054
2021-05-27 03:00:00,4.684548107656144,5.419499886309591,4.947154823731669
2021-05-27 04:00:00,4.998182118763506,5.952221644434583,5.341621465597395
2021-05-27 05:00:00,5.972506003347187,7.31606417574478,6.518047555087607
2021-05-27 06:00:00,8.753858112289224,10.735897279191581,9.576716085585744
2021-05-27 07:00:00,10.997607353958935,13.223338936525812,11.831750633682237
2021-05-27 08:00:00,11.475204490149732,13.458042964069088,12.237962358463278
2021-05-27 09:00:00,10.982542612614125,12.586814508665455,11.544318981555458
2021-05-27 10:00:00,10.287421031942213,11.612132691337656,10.878400151433954
2021-05-27 11:00:00,10.483168061624127,11.677930631649343,11.028060400774304
2021-05-27 12:00:00,10.77359025497987,11.908901208464545,11.319948916989274
2021-05-27 13:00:00,10.251427289391984,11.293238135556738,10.767763057807285
2021-05-27 14:00:00,10.077786312038523,11.091462024940958,10.54602119717717
2021-05-27 15:00:00,11.285661804517142,12.38188281092612,11.829121948963033
2021-05-27 16:00:00,14.950629577513544,16.33593343917296,15.56030525682888
2021-05-27 17:00:00,18.99870443927281,20.67533797001039,19.85167061628162
2021-05-27 18:00:00,19.51192676191577,21.294048240126855,20.40357487628806
2021-05-27 19:00:00,17.980706093834698,19.736658159051608,18.872574382519073
2021-05-27 20:00:00,15.447911746082694,17.11624014519021,16.240812404699682
2021-05-27 21:00:00,12.880952616489356,14.339894705275555,13.574152041586544
2021-05-27 22:00:00,9.7975081872176,10.820302006813472,10.285679274493347
2021-05-27 23:00:00,7.211445914268071,7.842802797073254,7.523451383794558
2021-05-28 00:00:00,5.673447754502732,5.927900393849753,5.833185997027293
2021-05-28 01:00:00,4.956636616176301,5.181679903873489,5.095738475938381
2021-05-28 02:00:00,4.644726918685379,4.887258867275411,4.769766604411596
2021-05-28 03:00:00,4.6505956346090995,5.039323519451344,4.8326783327429625
2021-05-28 04:00:00,4.941920789166484,5.514354666473062,5.228208055235986
2021-05-28 05:00:00,5.929083196893976,6.731707183429005,6.372449017967826
2021-05-28 06:00:00,8.6960316075613,9.885852786021648,9.349953880477793
2021-05-28 07:00:00,10.879180920034914,12.185610379317872,11.53606432105197
2021-05-28 08:00:00,11.369447178948716,12.509807227297324,11.966927230569391
2021-05-28 09:00:00,10.82620809350044,11.766183137702555,11.342213240786043
2021-05-28 10:00:00,10.225507851801666,11.019509476688135,10.716095104242994
2021-05-28 11:00:00,10.412140942484536,11.116586584314042,10.873316548642832
2021-05-28 12:00:00,10.71682733828017,11.41912165209142,11.180577408238722
2021-05-28 13:00:00,10.202051145713508,10.84288314080635,10.63360365031852
2021-05-28 14:00:00,9.99738156149034,10.599307394524178,10.409038737765842
2021-05-28 15:00:00,11.220508519087002,11.885590982693046,11.677946184092661
2021-05-28 16:00:00,14.79766442683595,15.745409221718164,15.426481781276415
2021-05-28 17:00:00,18.919612356320265,20.09019704857474,19.696991267068583
2021-05-28 18:00:00,19.418949980047007,20.588305642895012,20.198136742499358
2021-05-28 19:00:00,17.9197378010548,19.032593502880772,18.648984383954424
2021-05-28 20:00:00,15.364748531074456,16.389101260888737,16.019692772033157
2021-05-28 21:00:00,12.824127960937162,13.698173060171687,13.375312013987815
2021-05-28 22:00:00,9.7697723690557,10.379301472653058,10.152941037907867
2021-05-28 23:00:00,7.194029640566385,7.521350050862544,7.417605257873306
2021-05-29 00:00:00,5.624067690407244,5.847198004756075,5.784404435882978
2021-05-29 01:00:00,4.913151608371761,5.110905597550745,5.048475532612994
2021-05-29 02:00:00,4.617607885746706,4.831115252043907,4.744834739094415
2021-05-29 03:00:00,4.6015312827097405,4.910453640475761,4.787529278740777
2021-05-29 04:00:00,4.952154254560571,5.426023866057943,5.171290058845478
2021-05-29 05:00:00,5.917737256893398,6.528658554947054,6.2657928413069826
2021-05-29 06:00:00,8.676280756054041,9.59398010599098,9.194708709678673
2021-05-29 07:00:00,10.809333676842314,11.811898562022446,11.375081766933976
2021-05-29 08:00:00,11.292549395878153,12.181820289887032,11.79876818965723
2021-05-29 09:00:00,10.726900064303182,11.4709580105003,11.189528677838116
2021-05-29 10:00:00,10.207237987127183,10.844466401460025,10.62296690612154
2021-05-29 11:00:00,10.413230815316377,10.98882635692839,10.80417178128161
2021-05-29 12:00:00,10.708234129458834,11.284625605994153,11.109585207310122
2021-05-29 13:00:00,10.197099834807553,10.726278214774247,10.571393136767302
2021-05-29 14:00:00,9.993577752457902,10.493768304336589,10.352217103396994
2021-05-29 15:00:00,11.21584365394708,11.769840777077988,11.616137160900882
2021-05-29 16:00:00,14.798743441321808,15.579129586654306,15.345091674367355
2021-05-29 17:00:00,18.90623070562204,19.874661397335313,19.585456333098183
2021-05-29 18:00:00,19.40184886897653,20.373268470463174,20.09311838432161
2021-05-29 19:00:00,17.89472002041156,18.814715306516838,18.534184777714046
2021-05-29 20:00:00,15.358728560656713,16.197011933312645,15.921891855535497
2021-05-29 21:00:00,12.827055240486416,13.540028007894477,13.296166565006967
2021-05-29 22:00:00,9.714273399268292,10.217513965190005,10.05309214981292
2021-05-29 23:00:00,7.161152604096658,7.447944805189739,7.370855051066485
2021-05-30 00:00:00,5.6320474112873224,5.847861309373762,5.790744150389132
2021-05-30 01:00:00,4.912887369171723,5.104799017972556,5.048455451918843
2021-05-30 02:00:00,4.60890183283502,4.811956417159925,4.743466704655247
2021-05-30 03:00:00,4.614158653586124,4.919466365272883,4.793190419947324
2021-05-30 04:00:00,4.922756235810111,5.3566566193107485,5.165370891752875
2021-05-30 05:00:00,5.9155300147895415,6.5011964932779325,6.271332958242908
2021-05-30 06:00:00,8.667745123525366,9.500000248348766,9.17807935673364
2021-05-30 07:00:00,10.793502032320962,11.718615401676743,11.350717793963712
2021-05-30 08:00:00,11.278341055017329,12.103612268681488,11.794012792076616
2021-05-30 09:00:00,10.724652970653471,11.418773946536772,11.182784752507821
2021-05-30 10:00:00,10.20519160864689,10.80246037044742,10.618636688190104
2021-05-30 11:00:00,10.410366903257577,10.953120065643814,10.800145609688371
2021-05-30 12:00:00,10.707337126174242,11.251637446238295,11.105653140814011
2021-05-30 13:00:00,10.196985748486716,10.697704931574933,10.568014275512057
2021-05-30 14:00:00,9.992227211603197,10.466486633597635,10.348057383767035
2021-05-30 15:00:00,11.215592030136568,11.741274802932077,11.612759673558333
2021-05-30 16:00:00,14.79471386303216,15.532442251591878,15.336160015564253
2021-05-30 17:00:00,18.902816670169013,19.819720678266407,19.578170090416712
2021-05-30 18:00:00,19.40679082736098,20.327758848455264,20.09189351845725
2021-05-30 19:00:00,17.89607380500996,18.76691123326298,18.533087307945518
2021-05-30 20:00:00,15.360097975612923,16.15095445158988,15.920294507525186
2021-05-30 21:00:00,12.823701362948617,13.495618682237538,13.291153685291572
2021-05-30 22:00:00,9.702603034091869,10.17875189844871,10.044577289258372
2021-05-30 23:00:00,7.147524562374122,7.422724326181289,7.3614729340635305
2021-05-31 00:00:00,5.668016974203373,5.879696244936001,5.830354809824681
2021-05-31 01:00:00,4.940625976791236,5.127758575301708,5.084228647139339
2021-05-31 02:00:00,4.60582721283125,4.80102162545427,4.754009648529844
2021-05-31 03:00:00,4.610808711970289,4.898819876512227,4.808789205119729
2021-05-31 04:00:00,4.928456217484438,5.349188476095532,5.196207883439108
2021-05-31 05:00:00,5.925496102410628,6.486186143215878,6.306922030545756
2021-05-31 06:00:00,8.68827005060339,9.487216030232664,9.23068515477849
2021-05-31 07:00:00,10.775182282826659,11.664774067079348,11.37255788422489
2021-05-31 08:00:00,11.291237001089076,12.087156044331017,11.843356713498164
2021-05-31 09:00:00,10.737105319827778,11.408323705336795,11.229250970818104
2021-05-31 10:00:00,10.193713311502478,10.772655379719172,10.635723915032802
2021-05-31 11:00:00,10.395684757723743,10.92337542125196,10.811490391813168
2021-05-31 12:00:00,10.710225245247573,11.239807599710595,11.125808353962283
2021-05-31 13:00:00,10.196372540553325,10.684039483499758,10.583763423057855
2021-05-31 14:00:00,9.992353395235948,10.454720024336677,10.363106998672743
2021-05-31 15:00:00,11.215314671737735,11.728011635354783,11.628317426653503
2021-05-31 16:00:00,14.777340325328227,15.495504588881698,15.350085998727028
2021-05-31 17:00:00,18.88894580672233,19.78221813430758,19.59664620630603
2021-05-31 18:00:00,19.393260724617672,20.29109013974126,20.11019603244034
2021-05-31 19:00:00,17.888164473961535,18.73645663615231,18.551447930963175
2021-05-31 20:00:00,15.343233919988238,16.1123390005454,15.932208231047174
2021-05-31 21:00:00,12.801814014193988,13.454902075220016,13.295731053035617
2021-05-31 22:00:00,9.745850146447763,10.209573944974943,10.099125649807503
2021-05-31 23:00:00,7.1712102437902026,7.440316023101114,7.3915359777510465
2021-06-01 00:00:00,5.604359600417074,5.756159105727105,5.748861121446822
2021-06-01 01:00:00,4.892290970759245,5.024980956178226,5.017240582249571
2021-06-01 02:00:00,4.588117058514554,4.714745278696838,4.704221841609402
2021-06-01 03:00:00,4.589018806000205,4.726044846859939,4.706825751779707
2021-06-01 04:00:00,4.893871393650461,5.051127403975454,5.023392613918614
2021-06-01 05:00:00,5.909212215931618,6.107074621403949,6.071897284514975
2021-06-01 06:00:00,8.661910936645397,8.952840743871976,8.898710329393419
2021-06-01 07:00:00,10.712530250012488,11.060362718720503,10.997037324616796
2021-06-01 08:00:00,11.214425468461318,11.562678347269912,11.510017890273147
2021-06-01 09:00:00,10.69901371189281,11.020932040848454,10.983142084592796
2021-06-01 10:00:00,10.187679172053416,10.48711071326628,10.458342916181648
2021-06-01 11:00:00,10.391322328773326,10.689286502111639,10.665642580268731
2021-06-01 12:00:00,10.696925503229693,11.002036034515786,10.97903051851009
2021-06-01 13:00:00,10.187518752296372,10.476118771145357,10.45563039476797
2021-06-01 14:00:00,9.983741052807527,10.2647241282377,10.246055760636601
2021-06-01 15:00:00,11.206228909353566,11.520872124189442,11.500488025894963
2021-06-01 16:00:00,14.771921606727973,15.19170259313162,15.160992373869016
2021-06-01 17:00:00,18.850508742265635,19.383361256876054,19.34365305812545
2021-06-01 18:00:00,19.357455182401054,19.90238493674203,19.864843718538086
2021-06-01 19:00:00,17.830386006931146,18.33482786302752,18.29720088604502
2021-06-01 20:00:00,15.285201137865167,15.72256367200811,15.685030167484944
2021-06-01 21:00:00,12.738444694617003,13.104357337116085,13.072011105619149
2021-06-01 22:00:00,9.679788110252016,9.95401036654968,9.933277296884974
2021-06-01 23:00:00,7.132583452099354,7.326028319437846,7.3173501690974625
2021-06-02 00:00:00,5.603469584682475,5.757434046333347,5.748971226454534
2021-06-02 01:00:00,4.893961206131277,5.029056465956542,5.017434406134211
2021-06-02 02:00:00,4.592446933506869,4.722469136446819,4.704542835047257
2021-06-02 03:00:00,4.592741436112148,4.736914998269938,4.707473875905342
2021-06-02 04:00:00,4.906829359509637,5.079217876408682,5.025158615415577
2021-06-02 05:00:00,5.909576926584189,6.128212933294664,6.074206884157483
2021-06-02 06:00:00,8.66171922926059,8.971606670777982,8.899674473764563
2021-06-02 07:00:00,10.710094908466408,11.078144203991487,10.996187582172846
2021-06-02 08:00:00,11.213556188994145,11.578514621465647,11.512472089561056
2021-06-02 09:00:00,10.701660214062413,11.036613369642929,10.9860193575048
2021-06-02 10:00:00,10.187868179620756,10.497730212300674,10.458946264049596
2021-06-02 11:00:00,10.39147767192097,10.698014546335576,10.666138521570542
2021-06-02 12:00:00,10.697077293123584,11.010564437130988,10.97935895023314
2021-06-02 13:00:00,10.187653363165827,10.483681960377954,10.456008196233308
2021-06-02 14:00:00,9.983863706020637,10.271615469661251,10.246400001512761
2021-06-02 15:00:00,11.206362835104633,11.528396819650776,11.500863904493807
2021-06-02 16:00:00,14.772123376221074,15.203039128315242,15.161558664024204
2021-06-02 17:00:00,18.847425001137168,19.39372729820869,19.343335424068112
2021-06-02 18:00:00,19.35647375551721,19.914572662877124,19.865513473242768
2021-06-02 19:00:00,17.828381323855886,18.345654638295187,18.297853466327197
2021-06-02 20:00:00,15.28225661871326,15.731998786055438,15.685192732033789
2021-06-02 21:00:00,12.739180499044812,13.115809663689234,13.072390860333218
2021-06-02 22:00:00,9.680617324898723,9.96191120830255,9.933989106997226
2021-06-02 23:00:00,7.13264395074408,7.328912255557993,7.317574377674434
2021-06-03 00:00:00,5.604480148079617,5.756959307949471,5.749542209347634
2021-06-03 01:00:00,4.891413711051035,5.024597629610356,5.017816829003167
2021-06-03 02:00:00,4.5852666120877,4.712514720147706,4.704945033369493
2021-06-03 03:00:00,4.587693735582742,4.726653262029568,4.708582531761515
2021-06-03 04:00:00,4.895557322392587,5.057316135488758,5.0266920249441585
2021-06-03 05:00:00,5.909493731680168,6.1131014308099205,6.076450603518567
2021-06-03 06:00:00,8.661206398782586,8.956943746474606,8.90431904312354
2021-06-03 07:00:00,10.705378665955447,11.058337998675862,10.99773688357909
2021-06-03 08:00:00,11.210719457299477,11.563208762657931,11.51422761532263
2021-06-03 09:00:00,10.701400301265057,11.026624182775297,10.989058253956069
2021-06-03 10:00:00,10.187871191248226,10.489947841499122,10.461534119497502
2021-06-03 11:00:00,10.391480147142978,10.69161830520376,10.668254642290409
2021-06-03 12:00:00,10.697079711728408,11.004314500925759,10.981411197796342
2021-06-03 13:00:00,10.187655508041813,10.478139369069291,10.457828177931285
2021-06-03 14:00:00,9.983865660364533,10.266565233854037,10.248058311900039
2021-06-03 15:00:00,11.20636496906401,11.522882438034541,11.502674623173625
2021-06-03 16:00:00,14.772126591195775,15.194731286286341,15.164286651638704
2021-06-03 17:00:00,18.849234491115183,19.38549778855015,19.34663058455837
2021-06-03 18:00:00,19.359981583346475,19.908250954596546,19.869286189274952
2021-06-03 19:00:00,17.832440927736748,18.340136763431413,18.302068971296
2021-06-03 20:00:00,15.28745732143747,15.727959255077193,15.69069368993578
2021-06-03 21:00:00,12.741726357451073,13.11035664462418,13.077501362526547
2021-06-03 22:00:00,9.680498565650149,9.956514143463979,9.935438537606366
2021-06-03 23:00:00,7.134060892946513,7.328495799408013,7.318610048581652
2021-06-04 00:00:00,5.607186442468805,5.7877631409299415,5.7564302583976685
2021-06-04 01:00:00,4.897587966215725,5.0602921921750825,5.025124001803961
2021-06-04 02:00:00,4.595951997188914,4.754029373342121,4.712496577144699
2021-06-04 03:00:00,4.600661565720286,4.7742765003692655,4.716541564554535
2021-06-04 04:00:00,4.913320101191991,5.117500510010697,5.035921749565926
2021-06-04 05:00:00,5.910469241130497,6.174207362007634,6.089503067544469
2021-06-04 06:00:00,8.663235911467781,9.043864713440543,8.922739929349545
2021-06-04 07:00:00,10.714851696696877,11.159636478520348,11.023807343824402
2021-06-04 08:00:00,11.217409263036721,11.648017931911337,11.534773757507278
2021-06-04 09:00:00,10.704846734926063,11.089208384840065,11.004489369822656
2021-06-04 10:00:00,10.18893734596376,10.539088099413835,10.472382338526787
2021-06-04 11:00:00,10.392633165597271,10.736303124027332,10.678303467629807
2021-06-04 12:00:00,10.697642744632072,11.045174013481471,10.990381508177359
2021-06-04 13:00:00,10.188197796619635,10.517298831116667,10.466439834318164
2021-06-04 14:00:00,9.984423771914724,10.30631298661343,10.25694707818702
2021-06-04 15:00:00,11.206966339184637,11.565772610011498,11.512249475137294
2021-06-04 16:00:00,14.772735602361779,15.240474410436136,15.17387558110827
2021-06-04 17:00:00,18.85035267629916,19.439163605680815,19.357705084664193
2021-06-04 18:00:00,19.360984004721352,19.970982043397214,19.88277385175289
2021-06-04 19:00:00,17.83580286586237,18.40767949660702,18.319009179232964
2021-06-04 20:00:00,15.289746889933964,15.794231206567437,15.706259128505721
2021-06-04 21:00:00,12.746422874954236,13.176289591536518,13.094382315318631
2021-06-04 22:00:00,9.683805462523821,10.004029567013253,9.945729848158663
2021-06-04 23:00:00,7.140718124272393,7.366688264298577,7.32641568595239
2021-06-05 00:00:00,5.609955485905823,5.804524193516418,5.7659094884072895
2021-06-05 01:00:00,4.900589800922576,5.076508965546116,5.034363567240486
2021-06-05 02:00:00,4.592829859103731,4.762118780293842,4.721355784976862
2021-06-05 03:00:00,4.594096992871466,4.780615661508274,4.727829479778557
2021-06-05 04:00:00,4.900824754604685,5.119295250313603,5.050351284512884
2021-06-05 05:00:00,5.911060010491906,6.199373824628516,6.111648745006069
2021-06-05 06:00:00,8.66315889152874,9.091000925845137,8.958722914181289
2021-06-05 07:00:00,10.707622591408953,11.210153448678259,11.05977366954747
2021-06-05 08:00:00,11.21504997009794,11.695331302861215,11.56678737318489
2021-06-05 09:00:00,10.717626069651327,11.139654962680241,11.036552753907632
2021-06-05 10:00:00,10.20079215354122,10.581343027021267,10.501640865210687
2021-06-05 11:00:00,10.403065713278748,10.77310442571773,10.70395683326766
2021-06-05 12:00:00,10.697953177500192,11.070479476956283,11.008050026454898
2021-06-05 13:00:00,10.188488632945042,10.540747220219117,10.482907191231883
2021-06-05 14:00:00,9.985245789731225,10.329612711457864,10.27293099616811
2021-06-05 15:00:00,11.208259166363773,11.591436048069031,11.529579438773947
2021-06-05 16:00:00,14.785480185302179,15.283543341124874,15.204953295199772
2021-06-05 17:00:00,18.866218256833378,19.490980327469966,19.3927281824844
2021-06-05 18:00:00,19.367101921174026,20.015837135645295,19.915756209457935
2021-06-05 19:00:00,17.844065695164623,18.455074499802464,18.351036529930983
2021-06-05 20:00:00,15.298912511542923,15.843735245499568,15.739691042887971
2021-06-05 21:00:00,12.75100385795338,13.214898831745218,13.121756647893118
2021-06-05 22:00:00,9.688642089940465,10.031400684724305,9.961810087451559
2021-06-05 23:00:00,7.151568919848044,7.391345321529059,7.335478353057402
2021-06-06 00:00:00,5.637172694983476,5.853901324642453,5.763325583509039
2021-06-06 01:00:00,4.926002005559789,5.12259451278396,5.031492644132924
2021-06-06 02:00:00,4.624774028732522,4.817783483976758,4.718989216354781
2021-06-06 03:00:00,4.622671696047973,4.840849109990433,4.724670706814352
2021-06-06 04:00:00,4.935990482558984,5.198073413500777,5.046276648747935
2021-06-06 05:00:00,5.912046028824477,6.262619602815918,6.105234721441133
2021-06-06 06:00:00,8.665308256825396,9.187750603122518,8.949284103356504
2021-06-06 07:00:00,10.717958732708032,11.325372317873152,11.055155509130476
2021-06-06 08:00:00,11.214774908857834,11.786287092519773,11.55873375948146
2021-06-06 09:00:00,10.719597310351926,11.216188956648008,11.03094340033244
2021-06-06 10:00:00,10.200399025013041,10.637818185592709,10.49543965493574
2021-06-06 11:00:00,10.401391900285853,10.819814076916181,10.696492920598631
2021-06-06 12:00:00,10.698178926850815,11.11479805784554,11.003359112641911
2021-06-06 13:00:00,10.192196095925887,10.58449474734808,10.479576386228908
2021-06-06 14:00:00,9.986845038493614,10.371259916702359,10.268991365570637
2021-06-06 15:00:00,11.209456452683348,11.634770810325502,11.52507542732429
2021-06-06 16:00:00,14.784846924632605,15.335341735940801,15.196877464075913
2021-06-06 17:00:00,18.866229622250422,19.553152233592858,19.38424787798312
2021-06-06 18:00:00,19.364935253620743,20.08064814136768,19.905037623479362
2021-06-06 19:00:00,17.843133323952838,18.523173784457153,18.339859962213705
2021-06-06 20:00:00,15.302610706825412,15.91613453118539,15.730983644206935
2021-06-06 21:00:00,12.757602555582604,13.284448486091705,13.11394826248614
2021-06-06 22:00:00,9.703490635372438,10.089150738906064,9.959191046030202
2021-06-06 23:00:00,7.149141935020932,7.411678296486486,7.33213925264018
2021-06-07 00:00:00,5.6329948846148525,5.876150918499175,5.768133449372574
2021-06-07 01:00:00,4.932864265490695,5.156136670350077,5.036375699380064
2021-06-07 02:00:00,4.636899332632469,4.858843403885435,4.7243050629608545
2021-06-07 03:00:00,4.641021621429985,4.899565810144,4.732139922373689
2021-06-07 04:00:00,4.984650694266607,5.30461518599878,5.057074236967768
2021-06-07 05:00:00,5.989501103771526,6.43801966727345,6.1238809740657
2021-06-07 06:00:00,8.677748402942802,9.34519494181565,8.97682268382777
2021-06-07 07:00:00,10.754954022537175,11.518496480427887,11.109629955098026
2021-06-07 08:00:00,11.233749285518176,11.921785026438407,11.590378880847513
2021-06-07 09:00:00,10.714404595067226,11.298237036907544,11.045522215314708
2021-06-07 10:00:00,10.193123005671893,10.695889461256748,10.501476727473072
2021-06-07 11:00:00,10.395226797511452,10.884686305717626,10.70638251093311
2021-06-07 12:00:00,10.699133819511358,11.172145979296692,11.014260925429545
2021-06-07 13:00:00,10.189143737421984,10.634501095029165,10.488212251270577
2021-06-07 14:00:00,9.985341942346015,10.420074495724489,10.278080313389296
2021-06-07 15:00:00,11.207961831041226,11.689114259942258,11.535162392859565
2021-06-07 16:00:00,14.779282215581443,15.399256331241068,15.202386121463865
2021-06-07 17:00:00,18.861886449649546,19.63118050408984,19.397319999685283
2021-06-07 18:00:00,19.374940326119113,20.18227654618636,19.92612915710568
2021-06-07 19:00:00,17.84254974984897,18.619664666587322,18.358570708435497
2021-06-07 20:00:00,15.296681134269651,16.00485318793517,15.746131624921361
2021-06-07 21:00:00,12.771525176219495,13.396678551384852,13.134919696297505
2021-06-07 22:00:00,9.718580022659348,10.184242327663865,9.978116142127716
2021-06-07 23:00:00,7.176954340744427,7.483073673903409,7.345385271103191
2021-06-08 00:00:00,5.659546849005643,5.95838795081193,5.773052243942201
2021-06-08 01:00:00,4.966063703108532,5.245110429847832,5.041380003269233
2021-06-08 02:00:00,4.72212061735503,5.009853432560826,4.730705282921737
2021-06-08 03:00:00,4.780869676176368,5.12977755618921,4.741132860135267
2021-06-08 04:00:00,5.110131078800888,5.5499085306394305,5.068686037751111
2021-06-08 05:00:00,5.951322484658342,6.565080128377035,6.138368120970905
2021-06-08 06:00:00,8.67493898769956,9.552142503079084,8.992124153877244
2021-06-08 07:00:00,10.75823593417954,11.754402216202047,11.128266636554859
2021-06-08 08:00:00,11.242117236278983,12.135518832868124,11.611133938061794
2021-06-08 09:00:00,10.754763082349827,11.488475909578433,11.06532446386464
2021-06-08 10:00:00,10.210586047383934,10.838100156057777,10.518666483326909
2021-06-08 11:00:00,10.39477335959646,10.96552568010242,10.709812512247492
2021-06-08 12:00:00,10.702557652500019,11.265341056069408,11.02073472330517
2021-06-08 13:00:00,10.191512201448154,10.720041384227414,10.493956520567972
2021-06-08 14:00:00,9.986026107573919,10.501488776832748,10.283655945823323
2021-06-08 15:00:00,11.208854273996844,11.777535303472822,11.541207563226893
2021-06-08 16:00:00,14.782371530499995,15.511257471759869,15.21137386210482
2021-06-08 17:00:00,18.86496082537593,19.763375692536787,19.407432433987882
2021-06-08 18:00:00,19.379853171902337,20.323447912826403,19.937018838863356
2021-06-08 19:00:00,17.85303420808993,18.76190918459728,18.371724717581845
2021-06-08 20:00:00,15.306191965122924,16.146055402312317,15.755154905969471
2021-06-08 21:00:00,12.766962862120186,13.495876850503866,13.138593203935281
2021-06-08 22:00:00,9.705511220986494,10.235009283766793,9.974838046199617
2021-06-08 23:00:00,7.157876818906156,7.503677320661852,7.343533666364409
2021-06-09 00:00:00,5.644563492960153,5.904723233309568,5.771326612694446
2021-06-09 01:00:00,4.9423318967067775,5.181984672901555,5.0394438158657895
2021-06-09 02:00:00,4.654689818497389,4.8937301607976185,4.727498581230078
2021-06-09 03:00:00,4.654912390320533,4.934023688859021,4.735922330553223
2021-06-09 04:00:00,4.9870686746511135,5.3326552047996305,5.061713296605411
2021-06-09 05:00:00,5.995993322365226,6.467212645697924,6.127512219812248
2021-06-09 06:00:00,8.70083276877562,9.40685942176445,8.983222003971365
2021-06-09 07:00:00,10.774464847457223,11.592167323878646,11.12092184017376
2021-06-09 08:00:00,11.244210679910866,11.997927613154662,11.6060661487687
2021-06-09 09:00:00,10.773951187444439,11.415290521554953,11.064308766533005
2021-06-09 10:00:00,10.21132211361884,10.759812483045119,10.520134719211423
2021-06-09 11:00:00,10.405009925467827,10.916132871372097,10.716954216476822
2021-06-09 12:00:00,10.703745515371667,11.210006034214585,11.021489884865181
2021-06-09 13:00:00,10.18975085805861,10.665912363967974,10.493982005404934
2021-06-09 14:00:00,9.985381302375798,10.450013674074786,10.283680682491504
2021-06-09 15:00:00,11.209015259491583,11.722585445093452,11.541234383031684
2021-06-09 16:00:00,14.786217537019802,15.446529062862632,15.21381332569588
2021-06-09 17:00:00,18.86719334400752,19.684309562452434,19.409064829374834
2021-06-09 18:00:00,19.376618856856748,20.23261470836289,19.935002069156848
2021-06-09 19:00:00,17.842830568193804,18.663213420451907,18.366128053462788
2021-06-09 20:00:00,15.300891358778381,16.049635869438525,15.753184600486245
2021-06-09 21:00:00,12.76012359421393,13.40324382753043,13.138110742821281
2021-06-09 22:00:00,9.70133810504635,10.17222452140287,9.975288513749861
2021-06-09 23:00:00,7.1803961020541855,7.495101021899649,7.343703118307213
2021-06-10 00:00:00,5.683386241918923,5.948267550113006,5.7703632152684925
2021-06-10 01:00:00,4.9683523064592965,5.212268351119929,5.038426780104995
2021-06-10 02:00:00,4.72706796867733,4.97504472840471,4.727271168935696
2021-06-10 03:00:00,4.7231898541009985,5.016368939478977,4.736042297520722
2021-06-10 04:00:00,5.053908081446318,5.417189854159547,5.061588689018431
2021-06-10 05:00:00,5.915980281628164,6.408598631617952,6.126497218631079
2021-06-10 06:00:00,8.670103146948497,9.383383183783701,8.976806777651612
2021-06-10 07:00:00,10.748754556513068,11.554443790460155,11.10407899886721
2021-06-10 08:00:00,11.239570641438053,11.985829614601787,11.597246731410808
2021-06-10 09:00:00,10.755333977206012,11.390812054081877,11.054441358289589
2021-06-10 10:00:00,10.198785251195297,10.751604660215657,10.508948099002723
2021-06-10 11:00:00,10.394298804646636,10.913761487539054,10.70755695400267
2021-06-10 12:00:00,10.703698139099737,11.21786392268136,11.01962080505397
2021-06-10 13:00:00,10.190657598527773,10.674143223710434,10.491934910373796
2021-06-10 14:00:00,9.985304587492024,10.45704606129899,10.281693684866527
2021-06-10 15:00:00,11.209988525727846,11.731266488682317,11.539080055373867
2021-06-10 16:00:00,14.78714783379948,15.457050145937048,15.212268258939622
2021-06-10 17:00:00,18.86792305573976,19.69640966591378,19.40766752042108
2021-06-10 18:00:00,19.382310417916646,20.250557809927425,19.9361051229273
2021-06-10 19:00:00,17.851371669424445,18.684130989601094,18.36805663727716
2021-06-10 20:00:00,15.309130354937812,16.07232907544662,15.756057794899498
2021-06-10 21:00:00,12.771858992369317,13.43817342449448,13.14251181156709
2021-06-10 22:00:00,9.695905547120008,10.170842467246565,9.973124773970376
2021-06-10 23:00:00,7.150128511020714,7.465160482718954,7.342018923152276
2021-06-11 00:00:00,5.626696394297226,5.810567358074942,5.754710128830897
2021-06-11 01:00:00,4.9204576103421305,5.082112826491466,5.022524582672846
2021-06-11 02:00:00,4.6173773983962825,4.780216900842381,4.710825846150117
2021-06-11 03:00:00,4.643306224121789,4.861083428927781,4.721577347739985
2021-06-11 04:00:00,4.964306505590891,5.25794052459584,5.048353298614321
2021-06-11 05:00:00,5.912206765621965,6.311024802156603,6.1087065325415155
2021-06-11 06:00:00,8.669284696743672,9.255483170673756,8.952752092881871
2021-06-11 07:00:00,10.744127525692393,11.391450154724136,11.071616279180603
2021-06-11 08:00:00,11.22774688986742,11.815929342170168,11.559270443781598
2021-06-11 09:00:00,10.709018884683436,11.218146836006714,11.02083917373523
2021-06-11 10:00:00,10.19196046674904,10.64119748101132,10.48637159001576
2021-06-11 11:00:00,10.393090837419482,10.814178407589317,10.688504721040655
2021-06-11 12:00:00,10.698720195250882,11.124137850629028,11.001309047003382
2021-06-11 13:00:00,10.188445421218072,10.583736644339666,10.475043399984008
2021-06-11 14:00:00,9.984585404539267,10.362782167597848,10.263744283677159
2021-06-11 15:00:00,11.207150861881106,11.627942263132041,11.519802226260385
2021-06-11 16:00:00,14.779987639991546,15.359689071834632,15.191212279192913
2021-06-11 17:00:00,18.856515292430363,19.582537134714574,19.37981471125834
2021-06-11 18:00:00,19.366976418630077,20.10104502648477,19.900859874155056
2021-06-11 19:00:00,17.835599689599004,18.5243303390901,18.331513836133613
2021-06-11 20:00:00,15.295884676173333,15.91104677167419,15.721298012114815
2021-06-11 21:00:00,12.768521050514389,13.298164302547592,13.12042645736687
2021-06-11 22:00:00,9.697274593194145,10.081638751958671,9.9552985939169
2021-06-11 23:00:00,7.149616512412355,7.3868681616961585,7.327562842736154
2021-06-12 00:00:00,5.621630693876809,5.821538740324397,5.755139054667969
2021-06-12 01:00:00,4.951069395619518,5.131829753359044,5.023593765993568
2021-06-12 02:00:00,4.651151445937835,4.836605469202248,4.711973840975161
2021-06-12 03:00:00,4.674313853489555,4.93905942575497,4.723649436975989
2021-06-12 04:00:00,4.989714867082418,5.358452024999565,5.051273149282883
2021-06-12 05:00:00,5.918769415441755,6.428031832232157,6.113002217936121
2021-06-12 06:00:00,8.665533334310828,9.385453322719975,8.954820880960895
2021-06-12 07:00:00,10.736526616564602,11.517545499799086,11.072262337354571
2021-06-12 08:00:00,11.24333859429472,11.925551008372095,11.55357342293542
2021-06-12 09:00:00,10.723850851046006,11.306347472094778,11.02839820609168
2021-06-12 10:00:00,10.203513316389937,10.711460070761895,10.49215979881526
2021-06-12 11:00:00,10.405490553237494,10.874830984149037,10.694662006562975
2021-06-12 12:00:00,10.698629684179252,11.171196484678797,11.000472136319553
2021-06-12 13:00:00,10.188644763622516,10.625748964249727,10.474731869221012
2021-06-12 14:00:00,9.984956375552308,10.401251815645766,10.263460426591779
2021-06-12 15:00:00,11.207447054198989,11.669838620722166,11.519492281071084
2021-06-12 16:00:00,14.781448678072152,15.423823973552222,15.194237693747668
2021-06-12 17:00:00,18.86281571146688,19.664541870783278,19.381629225100866
2021-06-12 18:00:00,19.364395281556078,20.172588637381548,19.900675800262967
2021-06-12 19:00:00,17.841562108819204,18.60251673614695,18.333573212872775
2021-06-12 20:00:00,15.294805437024063,15.979648338081962,15.720606780811643
2021-06-12 21:00:00,12.747138656692265,13.32728453129919,13.102575917122504
2021-06-12 22:00:00,9.686779381018559,10.102370031900596,9.951412741778682
2021-06-12 23:00:00,7.135387133025718,7.385275138148153,7.324053861561697
2021-06-13 00:00:00,5.607992462753754,5.766175824996382,5.750552513718896
2021-06-13 01:00:00,4.896744240036489,5.035177550045876,5.0187622665433755
2021-06-13 02:00:00,4.590399334731939,4.724235448049202,4.706131560902169
2021-06-13 03:00:00,4.59233088031393,4.744954159957094,4.710959077436134
2021-06-13 04:00:00,4.902780545967056,5.085855895655192,5.030233404921599
2021-06-13 05:00:00,5.911268748359975,6.146740443096129,6.081861803126629
2021-06-13 06:00:00,8.660760585350062,9.00759120813123,8.913521157460199
2021-06-13 07:00:00,10.721308507895953,11.128754802341067,11.020018931675697
2021-06-13 08:00:00,11.213656260994803,11.611169193021118,11.522538057842839
2021-06-13 09:00:00,10.71476837477967,11.075122799071112,10.998986679776097
2021-06-13 10:00:00,10.197242251834053,10.527430424950406,10.470646993772966
2021-06-13 11:00:00,10.398828223476164,10.722070919140592,10.67528648262292
2021-06-13 12:00:00,10.697185870879672,11.026996714215416,10.985477240364368
2021-06-13 13:00:00,10.18771526534086,10.498220105357959,10.461434040688621
2021-06-13 14:00:00,9.983920109345991,10.284862172558814,10.251343861239484
2021-06-13 15:00:00,11.206424422221017,11.542860970974097,11.506262133453996
2021-06-13 16:00:00,14.776029351361046,15.22864367939167,15.170905421709167
2021-06-13 17:00:00,18.855123790643606,19.42763599048025,19.35510097926041
2021-06-13 18:00:00,19.358371607190453,19.942133548218287,19.875132241787174
2021-06-13 19:00:00,17.835160015385203,18.377438290051597,18.307266609496228
2021-06-13 20:00:00,15.289628670118253,15.76349531555947,15.69550926144601
2021-06-13 21:00:00,12.740969138677936,13.138481838370003,13.081712620610148
2021-06-13 22:00:00,9.680731081696573,9.975805608718963,9.938386731441202
2021-06-13 23:00:00,7.132458332396548,7.334228735248719,7.318999652588633
2021-06-14 00:00:00,5.607554393905846,5.762954293172746,5.749475141761721
2021-06-14 01:00:00,4.894796881705156,5.030726011009404,5.017792994061238
2021-06-14 02:00:00,4.5901136448800886,4.720807002354602,4.70491512043116
2021-06-14 03:00:00,4.590535819325814,4.736332534495476,4.708316775673282
2021-06-14 04:00:00,4.896929628752534,5.068747336558366,5.025876002730991
2021-06-14 05:00:00,5.90961365731871,6.128687104833076,6.075514669409515
2021-06-14 06:00:00,8.662758816644965,8.985215796336696,8.904087053328857
2021-06-14 07:00:00,10.713057370380618,11.094511090347218,11.000044347279696
2021-06-14 08:00:00,11.218624655425144,11.594659422172763,11.516033654718015
2021-06-14 09:00:00,10.702527863858815,11.046123540354325,10.988287954553485
2021-06-14 10:00:00,10.19008756554757,10.506865358847254,10.461649354879423
2021-06-14 11:00:00,10.392027241001548,10.704248099598082,10.668363267195197
2021-06-14 12:00:00,10.697655622091558,11.016696737219885,10.98166262495654
2021-06-14 13:00:00,10.187752564260542,10.488706554477103,10.457737272370874
2021-06-14 14:00:00,9.983954094954754,10.276193722616066,10.247975481597262
2021-06-14 15:00:00,11.206461531303312,11.533395840467277,11.502584180288117
2021-06-14 16:00:00,14.775032072016797,15.213330541820492,15.16415039244271
2021-06-14 17:00:00,18.851158256556385,19.406378203978587,19.347119486946724
2021-06-14 18:00:00,19.360533974932835,19.927364466047138,19.86872664778431
2021-06-14 19:00:00,17.831532956304205,18.357313951765295,18.300966433273363
2021-06-14 20:00:00,15.285847037180151,15.743797310538882,15.688571137025118
2021-06-14 21:00:00,12.7418062387048,13.12554081176336,13.07680430851582
2021-06-14 22:00:00,9.681964954312994,9.967947560238946,9.935710202992265
2021-06-14 23:00:00,7.136954742234258,7.335095079422347,7.318435085901142
2021-06-15 00:00:00,5.605969693165933,5.762581955615044,5.750377143437269
2021-06-15 01:00:00,4.891651256930612,5.028671105427097,5.018604492260284
2021-06-15 02:00:00,4.5887780557019076,4.720928886988946,4.7059579273628955
2021-06-15 03:00:00,4.591762944409504,4.741311178288726,4.710742999221508
2021-06-15 04:00:00,4.898434799204058,5.076439111459451,5.0298770717809305
2021-06-15 05:00:00,5.9133948223342205,6.141717232620278,6.081408039643241
2021-06-15 06:00:00,8.663565277957822,8.996638424545123,8.911985511866867
2021-06-15 07:00:00,10.720951421763685,11.113726449246641,11.012341506326713
2021-06-15 08:00:00,11.222524558052859,11.607914339410833,11.526133461722658
2021-06-15 09:00:00,10.7052976753459,11.056192780281776,10.996093769121968
2021-06-15 10:00:00,10.189552179146439,10.512170988076994,10.46589462866581
2021-06-15 11:00:00,10.392051713327726,10.709073235550095,10.671900749740894
2021-06-15 12:00:00,10.697304140216325,11.02103611061197,10.984798700615405
2021-06-15 13:00:00,10.187854536535175,10.492968488194718,10.460832295584085
2021-06-15 14:00:00,9.984047008901321,10.280077063290134,10.250795569925096
2021-06-15 15:00:00,11.206562984577653,11.537636082554993,11.50566345100434
2021-06-15 16:00:00,14.772424916868736,15.216958791844839,15.16878955172746
2021-06-15 17:00:00,18.848280992779546,19.41103274153971,19.352069677604515
2021-06-15 18:00:00,19.36052254249948,19.934727684067415,19.874253548115593
2021-06-15 19:00:00,17.83199193408253,18.364958472907972,18.306374460062262
2021-06-15 20:00:00,15.28704353169263,15.751926328916575,15.694268298334086
2021-06-15 21:00:00,12.74130100665738,13.131036770892527,13.080870618252487
2021-06-15 22:00:00,9.681656118656985,9.97159879536132,9.938446940258052
2021-06-15 23:00:00,7.134662838610604,7.334384284654285,7.319504711669789
2021-06-16 00:00:00,5.605253307018529,5.762138877211947,5.750035779381506
2021-06-16 01:00:00,4.898030461559244,5.036195971284138,5.01851579983636
2021-06-16 02:00:00,4.591534405826915,4.7246475518212785,4.705728329998935
2021-06-16 03:00:00,4.594586478363743,4.746267466531718,4.710235669048878
2021-06-16 04:00:00,4.90479229748282,5.08754925218514,5.029340361966995
2021-06-16 05:00:00,5.909856367517675,6.143574412741974,6.080247853308523
2021-06-16 06:00:00,8.662912444884332,9.000500186924626,8.909511284500939
2021-06-16 07:00:00,10.711614871730967,11.106942105570333,11.006218767463725
2021-06-16 08:00:00,11.218256023610552,11.605754742272664,11.520857596737935
2021-06-16 09:00:00,10.70220273270619,11.054743376166371,10.991569951606628
2021-06-16 10:00:00,10.1894228814716,10.513358453258345,10.464180119378595
2021-06-16 11:00:00,10.392279507423817,10.710383261906294,10.670623049317049
2021-06-16 12:00:00,10.697664427508075,11.022453875638776,10.983707355486764
2021-06-16 13:00:00,10.187838360065141,10.493890108001473,10.459660978827825
2021-06-16 14:00:00,9.984032269407887,10.28091681442629,10.249728302740014
2021-06-16 15:00:00,11.206546890439732,11.538553011665675,11.504498095807138
2021-06-16 16:00:00,14.773291535366177,15.21923108196571,15.16703385407001
2021-06-16 17:00:00,18.847472693944738,19.411922365954688,19.34994895479665
2021-06-16 18:00:00,19.358482824910734,19.934350462593795,19.872319419155872
2021-06-16 19:00:00,17.83108321882147,18.36566962261589,18.304208062877212
2021-06-16 20:00:00,15.28769935396538,15.754144976989188,15.693384904678474
2021-06-16 21:00:00,12.747437995615906,13.138526631703071,13.084510649627049
2021-06-16 22:00:00,9.681473381339469,9.972308792191146,9.937236732344958
2021-06-16 23:00:00,7.135368401797692,7.335709104600763,7.319184950698158
2021-06-17 00:00:00,5.607189599006491,5.765825934944981,5.750737435698674
2021-06-17 01:00:00,4.895654533271027,5.034702159053806,5.018982738373433
2021-06-17 02:00:00,4.590339435040594,4.724842167929538,4.706380952375113
2021-06-17 03:00:00,4.593814818901694,4.748570799860096,4.711679937091062
2021-06-17 04:00:00,4.901848775532093,5.088822722102272,5.031522003210023
2021-06-17 05:00:00,5.91015891327051,6.149108890471545,6.083163076032625
2021-06-17 06:00:00,8.662988868636,9.009479501965522,8.914013708175121
2021-06-17 07:00:00,10.713431691665583,11.120515414085192,11.012419284790658
2021-06-17 08:00:00,11.214727348720084,11.611940680493424,11.523215612954978
2021-06-17 09:00:00,10.700319089912854,11.060439745397044,10.993881458456304
2021-06-17 10:00:00,10.189108865351091,10.519109976251773,10.46691310015462
2021-06-17 11:00:00,10.392010876714671,10.715099828093638,10.672685964599552
2021-06-17 12:00:00,10.697417323245517,11.02707793897785,10.985694878626672
2021-06-17 13:00:00,10.187954909923524,10.498326524547338,10.461627047449248
2021-06-17 14:00:00,9.984138465992727,10.28495913839498,10.251519722961785
2021-06-17 15:00:00,11.20666284710344,11.542966848530071,11.506454157883242
2021-06-17 16:00:00,14.776037257167445,15.228451892408176,15.169980812742432
2021-06-17 17:00:00,18.85440642863226,19.426677417772805,19.356008283564396
2021-06-17 18:00:00,19.37062197862659,19.954147741814676,19.880905812950918
2021-06-17 19:00:00,17.837463326010052,18.379511479110707,18.31121204957149
2021-06-17 20:00:00,15.287622604001282,15.761267230986062,15.696680734626158
2021-06-17 21:00:00,12.741583604968893,13.138904112722246,13.082070396637212
2021-06-17 22:00:00,9.681782653709822,9.976730356963746,9.93915613155229
2021-06-17 23:00:00,7.134830346676875,7.336550113519073,7.319755483308505
2021-06-18 00:00:00,5.605678477376271,5.765198206078621,5.750429988116646
2021-06-18 01:00:00,4.896895357386271,5.037152525481171,5.01879310841081
2021-06-18 02:00:00,4.593478057266315,4.729717684478517,4.706196269403123
2021-06-18 03:00:00,4.595657360549722,4.753877954577598,4.711185085450296
2021-06-18 04:00:00,4.914603270594871,5.109673935813071,5.031233619164661
2021-06-18 05:00:00,5.9100886536598285,6.159005785762748,6.08240470216534
2021-06-18 06:00:00,8.662787706298316,9.02387704909134,8.913028523168132
2021-06-18 07:00:00,10.709967513308506,11.128996939001993,11.008477007645775
2021-06-18 08:00:00,11.218261659016706,11.625345955649603,11.523694955055486
2021-06-18 09:00:00,10.70465557316349,11.072478237103116,10.995941137855107
2021-06-18 10:00:00,10.190225450516747,10.52638972229295,10.466165071661122
2021-06-18 11:00:00,10.392369854147887,10.720524236627378,10.672131412119251
2021-06-18 12:00:00,10.698205254716015,11.032815437010624,10.985409717949105
2021-06-18 13:00:00,10.18797184149343,10.502732848858045,10.46093888600749
2021-06-18 14:00:00,9.984153893509541,10.28897404326039,10.250892691784351
2021-06-18 15:00:00,11.206679692498062,11.5473507463174,11.505769498922824
2021-06-18 16:00:00,14.776893390333901,15.23588732746838,15.16894932111151
2021-06-18 17:00:00,18.85360679414013,19.433824980525443,19.354390736139077
2021-06-18 18:00:00,19.363790442295308,19.95509758461653,19.875474580696604
2021-06-18 19:00:00,17.83395887523855,18.383588870698684,18.306995320961764
2021-06-18 20:00:00,15.288030877856027,15.76899037310256,15.695297843787444
2021-06-18 21:00:00,12.742199425111306,13.145852103330116,13.081382274307744
2021-06-18 22:00:00,9.682379945327432,9.98150612623455,9.938761460479155
2021-06-18 23:00:00,7.136473965953853,7.340367977892235,7.3197323701563795
2021-06-19 00:00:00,5.608354325602368,5.7662988721523645,5.749108485849363
2021-06-19 01:00:00,4.897899716440959,5.0363151984183325,5.01749423540752
2021-06-19 02:00:00,4.594511674550445,4.728526321636623,4.70457189857932
2021-06-19 03:00:00,4.603612648860009,4.756954982513868,4.707623544408709
2021-06-19 04:00:00,4.91283557914206,5.098019632199532,5.0248785187972205
2021-06-19 05:00:00,5.909706581697126,6.1479791883776915,6.074018962045791
2021-06-19 06:00:00,8.660721480241152,9.005841776757222,8.900936535804028
2021-06-19 07:00:00,10.703642802625833,11.104483335162659,10.993297611629936
2021-06-19 08:00:00,11.209158238602862,11.60121270224332,11.510336683698775
2021-06-19 09:00:00,10.706724127174539,11.06281947747881,10.985274690238873
2021-06-19 10:00:00,10.191895263960733,10.51867531849145,10.459950614097387
2021-06-19 11:00:00,10.393606479720836,10.71404808188363,10.666329127808586
2021-06-19 12:00:00,10.697187916148875,11.024261737016376,10.979603777526613
2021-06-19 13:00:00,10.187751466282144,10.495829050012787,10.456225314870098
2021-06-19 14:00:00,9.983953094511188,10.282683517729554,10.246597833222308
2021-06-19 15:00:00,11.206460438913208,11.540482085195851,11.501079918078897
2021-06-19 16:00:00,14.774642584577212,15.22361867542444,15.161884105182596
2021-06-19 17:00:00,18.854398203497993,19.422515744298376,19.34547291692922
2021-06-19 18:00:00,19.35703132616159,19.936490302626083,19.865898374419196
2021-06-19 19:00:00,17.832112825259593,18.370198475657283,18.298228497538727
2021-06-19 20:00:00,15.290368898108456,15.76019055121898,15.688686297328205
2021-06-19 21:00:00,12.74206130899645,13.136072430799093,13.07554008306554
2021-06-19 22:00:00,9.68050759361894,9.973271496655174,9.93342829055437
2021-06-19 23:00:00,7.13629614450381,7.338389993208417,7.3172166612205105
2021-06-20 00:00:00,5.609501030000195,5.771157730029796,5.750880161056668
2021-06-20 01:00:00,4.899781127333807,5.041589274543851,5.019113286512215
2021-06-20 02:00:00,4.594367179089652,4.73218729443733,4.7065155230212055
2021-06-20 03:00:00,4.595506709855643,4.756783874205082,4.71179310409685
2021-06-20 04:00:00,4.905314656057467,5.1015525068606395,5.031359378235626
2021-06-20 05:00:00,5.911065161793944,6.167650849485021,6.083938651184283
2021-06-20 06:00:00,8.661867095167068,9.038630635374341,8.916281858816086
2021-06-20 07:00:00,10.715655512743034,11.15147646090817,11.014804379937061
2021-06-20 08:00:00,11.212113169680693,11.633072624975734,11.524138655437763
2021-06-20 09:00:00,10.71455716017676,11.090034899811752,11.001084656602604
2021-06-20 10:00:00,10.194502513609624,10.536792390583198,10.469081361622
2021-06-20 11:00:00,10.39826040265711,10.73144934965682,10.67536876192624
2021-06-20 12:00:00,10.69742293985229,11.036952528158027,10.985907955440013
2021-06-20 13:00:00,10.187959890863306,10.50708354387833,10.461816009009
2021-06-20 14:00:00,9.984143004469235,10.29293826045666,10.251691898823598
2021-06-20 15:00:00,11.206667802692122,11.551679297946345,11.50664215770016
2021-06-20 16:00:00,14.778279434185608,15.243812581749514,15.173484713466578
2021-06-20 17:00:00,18.85593644875363,19.444053405547574,19.356446902423496
2021-06-20 18:00:00,19.358702891243436,19.957743996286613,19.87580938336307
2021-06-20 19:00:00,17.833189876367076,18.390355513667636,18.307885359921347
2021-06-20 20:00:00,15.288949005415022,15.777178795230736,15.696555608134577
2021-06-20 21:00:00,12.745938331106853,13.155884594240488,13.083481784569836
2021-06-20 22:00:00,9.684716488164845,9.987995684861515,9.93948848107846
2021-06-20 23:00:00,7.135976985148332,7.341710129601357,7.319299380329609
2021-06-21 00:00:00,5.609520816282924,5.773714674078989,5.75119953921955
2021-06-21 01:00:00,4.904717354159124,5.049610663935727,5.019568090974861
2021-06-21 02:00:00,4.5999522940142095,4.7415952340774385,4.707079004621908
2021-06-21 03:00:00,4.59618239675291,4.763238550876039,4.712480444738816
2021-06-21 04:00:00,4.9105318038691905,5.117661940125119,5.032796189180073
2021-06-21 05:00:00,5.91031597271994,6.178628975927631,6.085127733995216
2021-06-21 06:00:00,8.663591363590372,9.054985052964106,8.91747200480513
2021-06-21 07:00:00,10.721156288260437,11.173906205241602,11.01662408962042
2021-06-21 08:00:00,11.221630409686291,11.656578598207016,11.529222335020918
2021-06-21 09:00:00,10.707241660575274,11.096805657198681,11.000483232090021
2021-06-21 10:00:00,10.191864528497543,10.545426253386609,10.46951063067199
2021-06-21 11:00:00,10.392492116274765,10.734945265547417,10.674164657665356
2021-06-21 12:00:00,10.697877405569228,11.046459290685695,10.987118759607728
2021-06-21 13:00:00,10.18812358129827,10.515275025314523,10.462808855692549
2021-06-21 14:00:00,9.984292154072715,10.30040208208077,10.252596549661646
2021-06-21 15:00:00,11.20683066000471,11.559829087841702,11.507629951169784
2021-06-21 16:00:00,14.778010911295011,15.255576989985382,15.171935655563392
2021-06-21 17:00:00,18.85381898826103,19.456470629530468,19.356733965327408
2021-06-21 18:00:00,19.366111559575824,19.979384083193498,19.879613344730593
2021-06-21 19:00:00,17.832318340975725,18.403350462653584,18.309712435698703
2021-06-21 20:00:00,15.288283858662151,15.789891862065602,15.697098676061067
2021-06-21 21:00:00,12.749285530674012,13.17081274454107,13.087271394467702
2021-06-21 22:00:00,9.683696465317354,9.995983461592978,9.940898945595624
2021-06-21 23:00:00,7.133235686776597,7.34133309370305,7.3201200686425345
2021-06-22 00:00:00,5.605104479785303,5.766139544756401,5.750406652256221
2021-06-22 01:00:00,4.8932916664557515,5.034290550001305,5.018631040274645
2021-06-22 02:00:00,4.600117715372744,4.738992890335551,4.706340578082316
2021-06-22 03:00:00,4.615765115406433,4.780641945646731,4.7116817627943295
2021-06-22 04:00:00,4.911609028979554,5.111796858814418,5.030789462177662
2021-06-22 05:00:00,5.910394563189132,6.170792852940281,6.0826717742066965
2021-06-22 06:00:00,8.663790677578582,9.038869405140982,8.912917042704473
2021-06-22 07:00:00,10.72006675158274,11.154142857958774,11.011874204623588
2021-06-22 08:00:00,11.221548250457202,11.641065909351415,11.52505386831896
2021-06-22 09:00:00,10.704576814534066,11.08210084633678,10.995176714430363
2021-06-22 10:00:00,10.190443015922645,10.534370339531208,10.466026174873063
2021-06-22 11:00:00,10.392422914514214,10.726957660086741,10.67203006261363
2021-06-22 12:00:00,10.6980451306807,11.038889734329329,10.985242445087254
2021-06-22 13:00:00,10.187961312832208,10.508251152568333,10.460933548699387
2021-06-22 14:00:00,9.98414430012281,10.29400214896777,10.250887828596177
2021-06-22 15:00:00,11.20666921742374,11.552840963949942,11.505764188779592
2021-06-22 16:00:00,14.775465319463759,15.242746475227367,15.168941320970395
2021-06-22 17:00:00,18.854064553800264,19.44429294523769,19.35485476028767
2021-06-22 18:00:00,19.364239979169977,19.96534846381503,19.875953892872104
2021-06-22 19:00:00,17.83302334720388,18.39220335059178,18.306645360686336
2021-06-22 20:00:00,15.28701898928425,15.777192214726988,15.694921233433515
2021-06-22 21:00:00,12.742405218219353,13.154033830950905,13.082164182571598
2021-06-22 22:00:00,9.680919245742514,9.985308592621983,9.938322123851659
2021-06-22 23:00:00,7.132809455332685,7.33829891902707,7.319306991411839
2021-06-23 00:00:00,5.604025149820065,5.755648937848314,5.748777533593243
2021-06-23 01:00:00,4.892783341354258,5.025315240306691,5.017165381288774
2021-06-23 02:00:00,4.58799560917699,4.714425430271949,4.704127464131596
2021-06-23 03:00:00,4.588120446331997,4.724656083824482,4.706605861182637
2021-06-23 04:00:00,4.894080182052827,5.05062550851097,5.023054545070741
2021-06-23 05:00:00,5.909383686525468,6.106210886768588,6.071404842438441
2021-06-23 06:00:00,8.661958033334887,8.951349156430178,8.897978384859751
2021-06-23 07:00:00,10.711245960275164,11.057437543304546,10.994112609608282
2021-06-23 08:00:00,11.215969040681411,11.562866024026933,11.508810817456114
2021-06-23 09:00:00,10.699526833200855,11.020387198880378,10.982908653607998
2021-06-23 10:00:00,10.188589304443525,10.487174261559677,10.458129149991954
2021-06-23 11:00:00,10.391706383800571,10.688974759398192,10.66552541096283
2021-06-23 12:00:00,10.69708718734189,11.001517836271852,10.978705250503637
2021-06-23 13:00:00,10.18761691410691,10.475613997195554,10.455343581168634
2021-06-23 14:00:00,9.983830494778413,10.264264194005877,10.245794425057504
2021-06-23 15:00:00,11.20632657155763,11.520369919348036,11.50020267206832
2021-06-23 16:00:00,14.772749164469921,15.191626404814816,15.160562466278448
2021-06-23 17:00:00,18.847326038752936,19.379086910465055,19.34213210795522
2021-06-23 18:00:00,19.356409139757524,19.90027002830745,19.86433526429652
2021-06-23 19:00:00,17.82837705635043,18.33177745542581,18.296705470021635
2021-06-23 20:00:00,15.283744770186148,15.72010251940379,15.684140200358122
2021-06-23 21:00:00,12.740435834277157,13.105478677184442,13.072292913270084
2021-06-23 22:00:00,9.680616275594817,9.954264567850144,9.93313136995459
2021-06-23 23:00:00,7.1336593879745775,7.326875092835702,7.317429304465261
2021-06-24 00:00:00,5.604860547216894,5.754600825148092,5.7479967219051575
2021-06-24 01:00:00,4.893397540505167,5.024365187488551,5.0164876403662655
2021-06-24 02:00:00,4.587319353470869,4.711703715006779,4.703261272245118
2021-06-24 03:00:00,4.588005751471881,4.720187418553669,4.704741265405158
2021-06-24 04:00:00,4.89519288887458,5.044855037815291,5.02003601164201
2021-06-24 05:00:00,5.909244165996275,6.0957201595964206,6.066946270966668
2021-06-24 06:00:00,8.661150000842168,8.933427212912921,8.891023306988558
2021-06-24 07:00:00,10.706781332410905,11.034722274561876,10.985023384969395
2021-06-24 08:00:00,11.210942185832803,11.542758312853271,11.502204214232753
2021-06-24 09:00:00,10.699183559181348,11.008276799297825,10.97787495945588
2021-06-24 10:00:00,10.188166548204716,10.47733543049998,10.454127253603804
2021-06-24 11:00:00,10.391391640645857,10.680921052551643,10.662351732342092
2021-06-24 12:00:00,10.697116160336257,10.993984863371475,10.975678230607947
2021-06-24 13:00:00,10.187523408310883,10.468814378854292,10.45261822313106
2021-06-24 14:00:00,9.983745295222288,10.258068594491123,10.243311164073182
2021-06-24 15:00:00,11.206233541670723,11.51360490849114,11.497491185071874
2021-06-24 16:00:00,14.771928585671732,15.180753971107753,15.156477401588036
2021-06-24 17:00:00,18.846902459321974,19.366521606132782,19.33719772200112
2021-06-24 18:00:00,19.35624337558626,19.888215876082196,19.859503834206702
2021-06-24 19:00:00,17.82815685152401,18.319973714751644,18.291997931591098
2021-06-24 20:00:00,15.282801874386122,15.70798397068009,15.679661383289902
2021-06-24 21:00:00,12.735544980235982,13.090913535535726,13.066761663304813
2021-06-24 22:00:00,9.679611751488105,9.946876167188107,9.930458554216463
2021-06-24 23:00:00,7.132413527208584,7.323080387789009,7.316241470046643
2021-06-25 00:00:00,5.602986937678033,5.7499426722782925,5.74771575097858
2021-06-25 01:00:00,4.889881393756836,5.018213614313376,5.016210133972795
2021-06-25 02:00:00,4.584283790851438,4.705443000369006,4.702928625294842
2021-06-25 03:00:00,4.584435478406199,4.709522511060108,4.704001792962921
2021-06-25 04:00:00,4.890292346261308,5.027957854939212,5.018760193560775
2021-06-25 05:00:00,5.908942793517958,6.07826903728196,6.0651495503929205
2021-06-25 06:00:00,8.660390804539253,8.908905699292932,8.888680790203717
2021-06-25 07:00:00,10.706333073044672,11.008933371600444,10.982410518989978
2021-06-25 08:00:00,11.209040840888703,11.519917505684827,11.50007098374986
2021-06-25 09:00:00,10.697143332796323,10.989898158441784,10.976246007663592
2021-06-25 10:00:00,10.187458840157605,10.463553694110988,10.45282466314797
2021-06-25 11:00:00,10.391141240520072,10.66992525876996,10.661107191512551
2021-06-25 12:00:00,10.696748557112903,10.983117652102484,10.974501285602779
2021-06-25 13:00:00,10.18736183229322,10.459341501986964,10.451700304300244
2021-06-25 14:00:00,9.983598072209706,10.249437205437067,10.242474785150522
2021-06-25 15:00:00,11.206072788013849,11.504180244982503,11.496577938100568
2021-06-25 16:00:00,14.771686397865407,15.166554987240765,15.15510152445457
2021-06-25 17:00:00,18.846609918517768,19.349370527296678,19.335535787780625
2021-06-25 18:00:00,19.35595693864008,19.87142265416312,19.857876576210487
2021-06-25 19:00:00,17.82787775963879,18.30361111898043,18.290412401135068
2021-06-25 20:00:00,15.281251896218699,15.690916825769357,15.678013683851724
2021-06-25 21:00:00,12.735056746336033,13.076992750092336,13.06516128253986
2021-06-25 22:00:00,9.678966719192015,9.937367252159236,9.929120711656067
2021-06-25 23:00:00,7.1320517874330385,7.319179629579689,7.315561668252259
2021-06-26 00:00:00,5.6029779146707765,5.749693056754333,5.747854061882701
2021-06-26 01:00:00,4.8898732760843995,5.017989044278044,5.016334567277793
2021-06-26 02:00:00,4.584273603143168,4.705161164162377,4.703084789542699
2021-06-26 03:00:00,4.584354252704332,4.708851221706797,4.704341006493911
2021-06-26 04:00:00,4.890064915464555,5.026757354115582,5.019319588329302
2021-06-26 05:00:00,5.908889636172244,6.07679847449453,6.0659643830021635
2021-06-26 06:00:00,8.659587120686524,8.90599524549814,8.889891922035474
2021-06-26 07:00:00,10.701246020124445,11.001599614138463,10.981726996013798
2021-06-26 08:00:00,11.207146999764033,11.516167169293784,11.501516405636583
2021-06-26 09:00:00,10.699636522613739,10.99094278244598,10.97744750534591
2021-06-26 10:00:00,10.19230009729953,10.46723580631074,10.455608618393725
2021-06-26 11:00:00,10.39398978888702,10.67182111922908,10.66243336135543
2021-06-26 12:00:00,10.696713645444735,10.982151843908573,10.97503643583057
2021-06-26 13:00:00,10.18733087179983,10.458485000428288,10.452174888184622
2021-06-26 14:00:00,9.98356986197669,10.248656788011413,10.242907211139185
2021-06-26 15:00:00,11.206041985097656,11.503328102692661,11.497050106532553
2021-06-26 16:00:00,14.771639990891865,15.16527116903179,15.155812882684197
2021-06-26 17:00:00,18.848300402052008,19.34956633079955,19.336757840635798
2021-06-26 18:00:00,19.355902052838918,19.869904274799566,19.858717903781944
2021-06-26 19:00:00,17.827824281266242,18.302131675198112,18.291232154665952
2021-06-26 20:00:00,15.281031119675305,15.68932029533612,15.678804571976425
2021-06-26 21:00:00,12.734203863302264,13.074948935405759,13.065845920765119
2021-06-26 22:00:00,9.677964735721144,9.935579395767713,9.929572491269452
2021-06-26 23:00:00,7.131064715609938,7.3178787879520195,7.315480454581628
2021-06-27 00:00:00,5.602953235422582,5.748378120325517,5.747309622654041
2021-06-27 01:00:00,4.889851073059721,5.016806043655352,5.015844755046259
2021-06-27 02:00:00,4.584245738266885,4.7036764941019,4.702470073420438
2021-06-27 03:00:00,4.584474232173538,4.705884154731077,4.703027536756094
2021-06-27 04:00:00,4.8902633968395595,5.021773557272536,5.017127795677642
2021-06-27 05:00:00,5.908744243035471,6.069051774492157,6.062756921955738
2021-06-27 06:00:00,8.659371014637173,8.894480886772781,8.88512449111975
2021-06-27 07:00:00,10.701987851179949,10.990292746807743,10.976940020219136
2021-06-27 08:00:00,11.206113740205103,11.50517783802882,11.496932939573906
2021-06-27 09:00:00,10.698349087933048,10.981886933070895,10.973800779462932
2021-06-27 10:00:00,10.187296466865698,10.456015876610769,10.450867987189325
2021-06-27 11:00:00,10.391007787777342,10.663730013186266,10.659499022027
2021-06-27 12:00:00,10.69661815691202,10.977064113957834,10.972929900708936
2021-06-27 13:00:00,10.187246190309635,10.453973081125465,10.450306762995318
2021-06-27 14:00:00,9.983492702851983,10.244545668292595,10.241205033908718
2021-06-27 15:00:00,11.205957734604201,11.49883914735177,11.49519148939356
2021-06-27 16:00:00,14.771513061013017,15.158508210926536,15.153012732339588
2021-06-27 17:00:00,18.84640054339287,19.33965075465416,19.333012717216416
2021-06-27 18:00:00,19.355751932122978,19.86190568438247,19.855406149463164
2021-06-27 19:00:00,17.827678010073996,18.294338191472054,18.288005323181622
2021-06-27 20:00:00,15.28088999902797,15.681801238086798,15.675691364646124
2021-06-27 21:00:00,12.734081701157553,13.068440007214786,13.063150949536059
2021-06-27 22:00:00,9.677884123268505,9.931284279086846,9.92779413152407
2021-06-27 23:00:00,7.131032530058248,7.316163907739019,7.314770421731409
2021-06-28 00:00:00,5.60298214784405,5.749288728339104,5.747311372122949
2021-06-28 01:00:00,4.889877084516891,5.017625284664646,5.015846328979997
2021-06-28 02:00:00,4.584279532488125,4.704746700271318,4.7024792201428
2021-06-28 03:00:00,4.584546217025082,4.708202238944748,4.703038273793941
2021-06-28 04:00:00,4.89107089625944,5.026527746321547,5.017197770186004
2021-06-28 05:00:00,5.908936671152533,6.075224683426287,6.06290505024163
2021-06-28 06:00:00,8.659742673686424,8.902573192320032,8.885139810501096
2021-06-28 07:00:00,10.700469936450205,10.997008294691078,10.97615070945989
2021-06-28 08:00:00,11.206336838472373,11.512204405147004,11.496946439082508
2021-06-28 09:00:00,10.696870250153157,10.985716631524454,10.973811312711797
2021-06-28 10:00:00,10.187435763330816,10.460403073219025,10.450876415913816
2021-06-28 11:00:00,10.391122273941315,10.667335799663755,10.659505949498799
2021-06-28 12:00:00,10.69673002436768,10.980587423193613,10.972936669724664
2021-06-28 13:00:00,10.187345397016248,10.45709763512197,10.450312765918627
2021-06-28 14:00:00,9.983583096899487,10.247392664146334,10.241210503584647
2021-06-28 15:00:00,11.206056436386218,11.501947798550773,11.495197461764263
2021-06-28 16:00:00,14.771661762874809,15.163191634178977,15.153021730177565
2021-06-28 17:00:00,18.846580161693634,19.345307903234506,19.333023585784904
2021-06-28 18:00:00,19.355927802691486,19.86744479667079,19.855416791259184
2021-06-28 19:00:00,17.827849370819084,18.299735265109373,18.28801569209162
2021-06-28 20:00:00,15.282046162782478,15.687999105370345,15.675701368442962
2021-06-28 21:00:00,12.735135269917011,13.073857964373289,13.063159609397673
2021-06-28 22:00:00,9.678880849289374,9.935160981175127,9.928004046501583
2021-06-28 23:00:00,7.131991133316521,7.318272378239299,7.31504519965054
2021-06-29 00:00:00,5.602933841296902,5.747531877914278,5.7469370109395905
2021-06-29 01:00:00,4.889833624868117,5.0160447100444605,5.01550952979844
2021-06-29 02:00:00,4.58422384072331,4.702721017666432,4.7020493645218915
2021-06-29 03:00:00,4.584246160830667,4.703550836244857,4.702091899017641
2021-06-29 04:00:00,4.889886661877582,5.018016523848711,5.015610600210767
2021-06-29 05:00:00,5.908629986201325,6.0640662969089965,6.060561750306411
2021-06-29 06:00:00,8.65920118823693,8.887070689231617,8.881861683236863
2021-06-29 07:00:00,10.698045497491446,10.978629106422707,10.971740187040893
2021-06-29 08:00:00,11.205964088407885,11.498647938212327,11.494057738409921
2021-06-29 09:00:00,10.69657940481136,10.975138939835514,10.9715573489583
2021-06-29 10:00:00,10.187203028370607,10.451938785501374,10.449072790106237
2021-06-29 11:00:00,10.390930991751961,10.660379098854747,10.658023570173654
2021-06-29 12:00:00,10.69654311748659,10.973789847029874,10.971488197720063
2021-06-29 13:00:00,10.187179643571628,10.451069383740204,10.449028226672162
2021-06-29 14:00:00,9.983432067546143,10.241899910073796,10.240040071608513
2021-06-29 15:00:00,11.20589152656391,11.495950228687434,11.493919460336487
2021-06-29 16:00:00,14.77141331348409,15.154155831717418,15.151096322269016
2021-06-29 17:00:00,18.846280057465968,19.334393477116592,19.330697868456078
2021-06-29 18:00:00,19.355633960132533,19.856758099835623,19.85313959997593
2021-06-29 19:00:00,17.827563063222144,18.28932260568726,18.285796894493316
2021-06-29 20:00:00,15.280779099718998,15.676962262606722,15.673560699808407
2021-06-29 21:00:00,12.733985700340618,13.06425111186882,13.061306523570428
2021-06-29 22:00:00,9.677820774173524,9.928520107514046,9.926577030259596
2021-06-29 23:00:00,7.131913532457719,7.315966572256154,7.314284478500816
2021-06-30 00:00:00,5.602947176282609,5.747963211895126,5.747061064953506
2021-06-30 01:00:00,4.889845621871203,5.016432765585966,5.015621136696304
2021-06-30 02:00:00,4.584238897005577,4.703208028774648,4.7021894315824015
2021-06-30 03:00:00,4.584278865465317,4.704608701664854,4.702396146902947
2021-06-30 04:00:00,4.889940594872165,5.019761042647917,5.016112333366515
2021-06-30 05:00:00,5.908708546754934,6.066607419717086,6.061292591135542
2021-06-30 06:00:00,8.659317957234778,8.890847703904775,8.88294797333138
2021-06-30 07:00:00,10.698292269592573,10.982779242825023,10.972920263039043
2021-06-30 08:00:00,11.20606698578051,11.5019762607414,11.495014982187762
2021-06-30 09:00:00,10.6966596924474,10.97773592692098,10.972304256659395
2021-06-30 10:00:00,10.187267274679877,10.454016899189767,10.44967046697814
2021-06-30 11:00:00,10.390983795055273,10.662087076614897,10.658514793926555
2021-06-30 12:00:00,10.696594712989372,10.975458757225862,10.971968185427665
2021-06-30 13:00:00,10.187225399684316,10.45254941279066,10.449453891128412
2021-06-30 14:00:00,9.983473759084601,10.24324846624366,10.240427923744654
2021-06-30 15:00:00,11.205937049795299,11.497422724950072,11.494342958321731
2021-06-30 16:00:00,14.771481897749982,15.156374261124283,15.151734354709607
2021-06-30 17:00:00,18.846362901010426,19.337073137718075,19.33146855351291
2021-06-30 18:00:00,19.355715075148094,19.85938184937223,19.853894204704464
2021-06-30 19:00:00,17.827642098217158,18.291879074796,18.286532149002515
2021-06-30 20:00:00,15.280855351710159,15.679428712561638,15.674270064316227
2021-06-30 21:00:00,12.734051708447545,13.066386212734642,13.061920590266492
2021-06-30 22:00:00,9.678241991637554,9.930306679543717,9.9269822410765
2021-06-30 23:00:00,7.132233382332016,7.316831557385749,7.314446264096792
2021-07-01 00:00:00,5.602956032704665,5.74802106639793,5.74703828142861
2021-07-01 01:00:00,4.889853809374617,5.016491094054574,5.0156013896455764
2021-07-01 02:00:00,4.584249172351977,4.7032812312137295,4.702164648962311
2021-07-01 03:00:00,4.584300586227079,4.704750592358901,4.702340269313413
2021-07-01 04:00:00,4.889971103028432,5.019843238532131,5.016002043216706
2021-07-01 05:00:00,5.908750245560912,6.0666488317683145,6.0611225783288045
2021-07-01 06:00:00,8.659384009692294,8.89102566418866,8.8827091868452
2021-07-01 07:00:00,10.696825973348504,10.98131249205102,10.972552924508784
2021-07-01 08:00:00,11.206121602218145,11.502030501592193,11.494792302098041
2021-07-01 09:00:00,10.696702307963763,10.977778249378547,10.972130506275485
2021-07-01 10:00:00,10.187301375691924,10.454050765695646,10.449531431611662
2021-07-01 11:00:00,10.39101182228521,10.66211491110691,10.658400522356553
2021-07-01 12:00:00,10.696622099136253,10.975485955043421,10.971856527657442
2021-07-01 13:00:00,10.18724968636736,10.452573532458809,10.449354870375807
2021-07-01 14:00:00,9.983495888350411,10.243270443330722,10.240337699132626
2021-07-01 15:00:00,11.205961212868319,11.497446721858235,11.494244441547286
2021-07-01 16:00:00,14.771518301286688,15.156410414320797,15.151585931576019
2021-07-01 17:00:00,18.84640687316603,19.337116807485533,19.331289271890427
2021-07-01 18:00:00,19.355758129825542,19.85942460797086,19.853718663789447
2021-07-01 19:00:00,17.827684048849775,18.2919207369421,18.286361109457665
2021-07-01 20:00:00,15.28089582516457,15.679468907687806,15.674105047466913
2021-07-01 21:00:00,12.734086744596313,13.066421007946486,13.061777742195662
2021-07-01 22:00:00,9.677887451336863,9.92995198025338,9.926887978378582
2021-07-01 23:00:00,7.131033858832061,7.3156319704071455,7.314408628510266
2021-07-02 00:00:00,5.602940860601473,5.747587461677891,5.746939794924634
2021-07-02 01:00:00,4.889839939881905,5.016094716741,5.01551203444883
2021-07-02 02:00:00,4.584231766088457,4.702783776251468,4.702052507867189
2021-07-02 03:00:00,4.584263375981591,4.703687157851893,4.7020987268625065
2021-07-02 04:00:00,4.889915051267999,5.018241330900456,5.015621859964134
2021-07-02 05:00:00,5.908671339110523,6.064393758170444,6.060578151629291
2021-07-02 06:00:00,8.659262653406701,8.887557413440868,8.881886061451478
2021-07-02 07:00:00,10.696700900115928,10.97773801438555,10.971689963282266
2021-07-02 08:00:00,11.206018251795378,11.499076841801879,11.494079220603648
2021-07-02 09:00:00,10.696621666826713,10.97547360003543,10.97157411084937
2021-07-02 10:00:00,10.187236846510519,10.452206581189037,10.449086203001308
2021-07-02 11:00:00,10.39095878649254,10.660599197053102,10.658034594077982
2021-07-02 12:00:00,10.696570276461975,10.97400491079471,10.971498969468245
2021-07-02 13:00:00,10.187203728793616,10.451260107375559,10.449037779313318
2021-07-02 14:00:00,9.983454013246943,10.242073691483775,10.240048775676296
2021-07-02 15:00:00,11.205915489201233,11.496139981611657,11.493928964358318
2021-07-02 16:00:00,14.771449415048927,15.154441709160926,15.151110640812332
2021-07-02 17:00:00,18.846323664867064,19.33473879102193,19.330715163951826
2021-07-02 18:00:00,19.35567665766608,19.857096208773235,19.853156534601506
2021-07-02 19:00:00,17.827604665869046,18.28965204454654,18.285813394866754
2021-07-02 20:00:00,15.280819237441074,15.677280101166494,15.673576619165768
2021-07-02 21:00:00,12.734020445860176,13.064526251197238,13.061320304281287
2021-07-02 22:00:00,9.677843702074442,9.92870166667162,9.926586123885974
2021-07-02 23:00:00,7.1310163913800615,7.315132766734526,7.314288109247336
2021-07-03 00:00:00,5.602927520271089,5.747206207335715,5.746961271201037
2021-07-03 01:00:00,4.889827938070407,5.015751716034416,5.015531355875936
2021-07-03 02:00:00,4.584216703771615,4.702353309124046,4.702076756328096
2021-07-03 03:00:00,4.584230658238886,4.702752114932208,4.7021513983680405
2021-07-03 04:00:00,4.889861096657009,5.016699357866251,5.015708720192143
2021-07-03 05:00:00,5.908592747069755,6.062147670109679,6.060704675061777
2021-07-03 06:00:00,8.659145837607706,8.884218925613473,8.8820741203912
2021-07-03 07:00:00,10.69657632524854,10.974177779537571,10.971890513359215
2021-07-03 08:00:00,11.205915313181366,11.496134951126175,11.494244938997682
2021-07-03 09:00:00,10.696541347011298,10.97317813376829,10.971703415784624
2021-07-03 10:00:00,10.187172574451253,10.450369744996168,10.44918967304066
2021-07-03 11:00:00,10.3909059620256,10.659089522493922,10.658119634914312
2021-07-03 12:00:00,10.696518660279652,10.972529767895765,10.971582065116293
2021-07-03 13:00:00,10.187157954341824,10.449951915748917,10.449111470500164
2021-07-03 14:00:00,9.98341230499847,10.240881708198764,10.240115920780408
2021-07-03 15:00:00,11.205869947724082,11.494838448185371,11.494002280484905
2021-07-03 16:00:00,14.77138080329438,15.152480848478179,15.151221097222539
2021-07-03 17:00:00,18.846240788118816,19.332370249971998,19.33084858523163
2021-07-03 18:00:00,19.355595510139523,19.85477708728495,19.85328717204898
2021-07-03 19:00:00,17.82752559919672,18.287392391953375,18.28594068239715
2021-07-03 20:00:00,15.280742954888023,15.675100016135355,15.673699424609628
2021-07-03 21:00:00,12.733954411297127,13.062639044271233,13.061426611733012
2021-07-03 22:00:00,9.677800127134766,9.92745633507319,9.92665627413127
2021-07-03 23:00:00,7.130998993528644,7.31463555218241,7.31431611762907
2021-07-04 00:00:00,5.602937777099259,5.747499338027712,5.747063469122939
2021-07-04 01:00:00,4.889837165766777,5.016015435088479,5.015623299640363
2021-07-04 02:00:00,4.584228284563938,4.702684277490787,4.702192146085019
2021-07-04 03:00:00,4.584255813557787,4.7034710307523655,4.702402043233448
2021-07-04 04:00:00,4.889902580125409,5.017884917144023,5.0161220569657665
2021-07-04 05:00:00,5.9086531732387115,6.063874594303594,6.0613067548463855
2021-07-04 06:00:00,8.659235652443126,8.886785750797635,8.88296902565656
2021-07-04 07:00:00,10.69667210571067,10.976915096832647,10.972844859481205
2021-07-04 08:00:00,11.205994458423325,11.498396849166802,11.495033533592576
2021-07-04 09:00:00,10.696603101594707,10.974943022822414,10.972318731746558
2021-07-04 10:00:00,10.187221990578822,10.451782012358759,10.449682049968654
2021-07-04 11:00:00,10.39094657657299,10.66025024881037,10.658524313853356
2021-07-04 12:00:00,10.696558345826983,10.973663944247159,10.971977487599666
2021-07-04 13:00:00,10.187193148424214,10.450957730173467,10.449462140514646
2021-07-04 14:00:00,9.983444372745337,10.24179817483673,10.240435440327321
2021-07-04 15:00:00,11.205904962681908,11.495839143395102,11.49435116572171
2021-07-04 16:00:00,14.771433556034125,15.153988473140398,15.151746719791904
2021-07-04 17:00:00,18.846304508622108,19.33419132320366,19.331483489405738
2021-07-04 18:00:00,19.355657901115787,19.856560163860046,19.85390882896018
2021-07-04 19:00:00,17.82758639029025,18.28912974535512,18.286546398250575
2021-07-04 20:00:00,15.280801605387412,15.676776193330198,15.674283811815505
2021-07-04 21:00:00,12.734005182540942,13.064090039606798,13.061932490892145
2021-07-04 22:00:00,9.677833630103278,9.928413819022435,9.926990094070765
2021-07-04 23:00:00,7.131012370016885,7.315017839882796,7.31444939950509
2021-07-05 00:00:00,5.602982666105059,5.748782224424356,5.7474216470177435
2021-07-05 01:00:00,4.889877550777528,5.017169601459426,5.015945539304047
2021-07-05 02:00:00,4.584278967898504,4.704132760461029,4.702596558028506
2021-07-05 03:00:00,4.584365905804356,4.706617365650739,4.7032804901584395
2021-07-05 04:00:00,4.89008413251398,5.0230735170122545,5.017570697923097
2021-07-05 05:00:00,5.908918829224841,6.071466797443816,6.063426339525602
2021-07-05 06:00:00,8.659628727046792,8.898019460542919,8.886105442503698
2021-07-05 07:00:00,10.697091288878072,10.988894965256616,10.97618960151241
2021-07-05 08:00:00,11.20634083755398,11.508296045348379,11.497797358400321
2021-07-05 09:00:00,10.6968733705128,10.9826670593049,10.974475258726592
2021-07-05 10:00:00,10.187438260248154,10.457962800100734,10.451407706696669
2021-07-05 11:00:00,10.391124326128985,10.665330167229877,10.659942611287978
2021-07-05 12:00:00,10.696732029614475,10.978627666751578,10.973363343495928
2021-07-05 13:00:00,10.18734717531655,10.455359676738711,10.450691150314658
2021-07-05 14:00:00,9.983584717231091,10.245809090837428,10.24155527560901
2021-07-05 15:00:00,11.206058205635646,11.500218685718037,11.495573920326901
2021-07-05 16:00:00,14.771664428385789,15.160586592079202,15.15358889409303
2021-07-05 17:00:00,18.846583381388044,19.342161249724423,19.333708668120245
2021-07-05 18:00:00,19.355930955207036,19.864363798023287,19.856087579365294
2021-07-05 19:00:00,17.82785244249514,18.296733272062195,18.288669279275855
2021-07-05 20:00:00,15.281058289282598,15.68411198238383,15.676331941320054
2021-07-05 21:00:00,12.734227382876192,13.070440320312342,13.063705469528813
2021-07-05 22:00:00,9.67798025583618,9.932604247275183,9.928160048615316
2021-07-05 23:00:00,7.131070912214167,7.31669092190328,7.314916518805362
2021-07-06 00:00:00,5.602992979860894,5.749090391250946,5.747529134428836
2021-07-06 01:00:00,4.889886829689654,5.017446847978544,5.016042241830092
2021-07-06 02:00:00,4.584290612966785,4.7044807058453415,4.702717920048473
2021-07-06 03:00:00,4.584391200740838,4.707373158247464,4.70354410772703
2021-07-06 04:00:00,4.8901258462248025,5.024319889535985,5.0180054278949
2021-07-06 05:00:00,5.908978389898859,6.073247984330742,6.064050134181874
2021-07-06 06:00:00,8.659719040374407,8.900717950987676,8.887046665655383
2021-07-06 07:00:00,10.697187600942947,10.991772693202641,10.97719334201937
2021-07-06 08:00:00,11.206732631997198,11.510986177343865,11.498626768527558
2021-07-06 09:00:00,10.696935467847801,10.984522478317457,10.975122421785516
2021-07-06 10:00:00,10.187487950646156,10.459447509697206,10.45192556772836
2021-07-06 11:00:00,10.39116516609609,10.666550432985893,10.660368235319
2021-07-06 12:00:00,10.696771935425367,10.979820020662471,10.973779231982068
2021-07-06 13:00:00,10.187382564733875,10.45641708439958,10.451059970064644
2021-07-06 14:00:00,9.983616962961044,10.246772567618299,10.241891332627121
2021-07-06 15:00:00,11.206093414934228,11.501270711574037,11.495940862923923
2021-07-06 16:00:00,14.771717473914904,15.162171550326605,15.154141721470948
2021-07-06 17:00:00,18.846647455554212,19.344075734881095,19.33437643322444
2021-07-06 18:00:00,19.35599369246701,19.866238337485438,19.856741411563945
2021-07-06 19:00:00,17.827913570992678,18.29855974298149,18.2893063453505
2021-07-06 20:00:00,15.281117265305225,15.685874139063575,15.6769465748338
2021-07-06 21:00:00,12.734278435911637,13.071965744432598,13.064237531630761
2021-07-06 22:00:00,9.678013944753577,9.933610845349717,9.928511146175818
2021-07-06 23:00:00,7.1310843629448755,7.317092819045715,7.315056698992323
2021-07-07 00:00:00,5.602962080186268,5.748193897846189,5.747159748664966
2021-07-07 01:00:00,4.88985903037288,5.016640305370989,5.015709918853029
2021-07-07 02:00:00,4.584255724723681,4.7034684919555385,4.7023008535102235
2021-07-07 03:00:00,4.584315417939743,4.705174469031549,4.702638173013817
2021-07-07 04:00:00,4.890000873313629,5.020694045833878,5.01651145700959
2021-07-07 05:00:00,5.908796350292796,6.067966462495499,6.061873967612039
2021-07-07 06:00:00,8.659448464603333,8.89286772611668,8.88381210609795
2021-07-07 07:00:00,10.69689905315155,10.98340104544019,10.973743938502086
2021-07-07 08:00:00,11.20618198946796,11.503756313512941,11.495776459916597
2021-07-07 09:00:00,10.696749426266308,10.979124847020746,10.972898414169785
2021-07-07 10:00:00,10.187339079841493,10.45512831552586,10.450145912875549
2021-07-07 11:00:00,10.391042810892467,10.663000536929855,10.658905557446118
2021-07-07 12:00:00,10.696652378923156,10.976351323434175,10.972350010787007
2021-07-07 13:00:00,10.187276539198846,10.453340961623503,10.449792502891576
2021-07-07 14:00:00,9.983520355810404,10.243969700777505,10.240736456190195
2021-07-07 15:00:00,11.205987929029053,11.498210245098882,11.494679846679155
2021-07-07 16:00:00,14.77155855124733,15.157560721084115,15.152241903053124
2021-07-07 17:00:00,18.84645549145129,19.338506273250697,19.33208162566894
2021-07-07 18:00:00,19.355805733691255,19.860785082560618,19.85449448512221
2021-07-07 19:00:00,17.82773043201648,18.29324632507977,18.2871170365168
2021-07-07 20:00:00,15.280940575073357,15.680747818820045,15.67483435659666
2021-07-07 21:00:00,12.734125482689825,13.067528106941262,13.062409074102998
2021-07-07 22:00:00,9.677913013860637,9.93068253361337,9.927304582176749
2021-07-07 23:00:00,7.131044064996288,7.315923653170308,7.314574962899579
2021-07-08 00:00:00,5.602967424162723,5.748354015939325,5.747189488545561
2021-07-08 01:00:00,4.889863838154712,5.016784357813171,5.015736674745171
2021-07-08 02:00:00,4.584261758507271,4.703649278291524,4.7023344322516385
2021-07-08 03:00:00,4.584328524275317,4.705567165645692,4.702711111369414
2021-07-08 04:00:00,4.890022486884094,5.021341639197654,5.016631739164688
2021-07-08 05:00:00,5.908827833322326,6.068909768046469,6.062049174510275
2021-07-08 06:00:00,8.659495259612262,8.894269814554098,8.88407252602861
2021-07-08 07:00:00,10.696948956350278,10.98489626254833,10.974021655887974
2021-07-08 08:00:00,11.20639533942942,11.505163954215076,11.496005943145345
2021-07-08 09:00:00,10.696781601421653,10.980088890287648,10.973077472832578
2021-07-08 10:00:00,10.18736482645807,10.455899744664023,10.450289195936236
2021-07-08 11:00:00,10.391063971740769,10.663634565673746,10.659023320147183
2021-07-08 12:00:00,10.696673055747121,10.976970849671527,10.97246507983363
2021-07-08 13:00:00,10.187294875895581,10.45389037214961,10.449894548844807
2021-07-08 14:00:00,9.983537063634827,10.24447030646125,10.240829437270394
2021-07-08 15:00:00,11.20600617239894,11.498756859333307,11.494781373257096
2021-07-08 16:00:00,14.771586036293822,15.158384237667914,15.152394860688265
2021-07-08 17:00:00,18.84648869088328,19.33950100625299,19.332266384556164
2021-07-08 18:00:00,19.355838240417764,19.86175906047871,19.854675389018947
2021-07-08 19:00:00,17.827762105177726,18.294195327423733,18.287293301521213
2021-07-08 20:00:00,15.280971132949787,15.681663404610015,15.675004414905091
2021-07-08 21:00:00,12.734151935344293,13.068320690633868,13.062556286350642
2021-07-08 22:00:00,9.677930469459184,9.931205544367094,9.927401724711116
2021-07-08 23:00:00,7.131051034367035,7.316132471896174,7.314613748297604
2021-07-09 00:00:00,5.602961353772959,5.748173137623587,5.747130187041221
2021-07-09 01:00:00,4.889858376845166,5.016621628151522,5.015683323332112
2021-07-09 02:00:00,4.584254904544037,4.70344505197755,4.702267476035274
2021-07-09 03:00:00,4.584313636379388,4.705123553679229,4.7025656718409286
2021-07-09 04:00:00,4.889997935354344,5.020610081666401,5.016391895809576
2021-07-09 05:00:00,5.908792070765771,6.067844157558956,6.06169981088042
2021-07-09 06:00:00,8.659442103700066,8.892685937366268,8.883553247089383
2021-07-09 07:00:00,10.696892269748211,10.983207182027279,10.973467885716913
2021-07-09 08:00:00,11.206176384211037,11.503596120438283,11.4955483521795
2021-07-09 09:00:00,10.696745052657768,10.978999853321236,10.97272042876057
2021-07-09 10:00:00,10.187335580072153,10.455028295345025,10.450003488634282
2021-07-09 11:00:00,10.391039934472264,10.662918331492593,10.65878850059887
2021-07-09 12:00:00,10.696649568296976,10.976270998329476,10.972235631448797
2021-07-09 13:00:00,10.187274046669048,10.453269727420055,10.449691068588084
2021-07-09 14:00:00,9.983518084695227,10.243904794399796,10.2406440324261
2021-07-09 15:00:00,11.205985449185288,11.498139373450575,11.494578928637882
2021-07-09 16:00:00,14.771554815171065,15.157453947469335,15.152089862225505
2021-07-09 17:00:00,18.846450978611564,19.338377300452226,19.33189797420168
2021-07-09 18:00:00,19.355801315011835,19.860658800777006,19.854314665539142
2021-07-09 19:00:00,17.827726126644617,18.29312328152158,18.286941828021153
2021-07-09 20:00:00,15.280936421303533,15.680629107908373,15.674665317594894
2021-07-09 21:00:00,12.734121886947882,13.067425343951976,13.062262744225793
2021-07-09 22:00:00,9.677910641099603,9.930614722290747,9.927208021901686
2021-07-09 23:00:00,7.131043117641128,7.3158965786333345,7.314536409976021
2021-07-10 00:00:00,5.602964164133042,5.748411201271206,5.747095855464369
2021-07-10 01:00:00,4.889860773842125,5.0168316114001685,5.015651904713858
2021-07-10 02:00:00,4.584257912783891,4.7037085817141255,4.702228045555722
2021-07-10 03:00:00,4.584320170753784,4.705695982091561,4.702480022581375
2021-07-10 04:00:00,4.890008711147522,5.021554069538238,5.016250652187652
2021-07-10 05:00:00,5.908807767136503,6.069219200987997,6.061494070828016
2021-07-10 06:00:00,8.659464159837137,8.894689065061483,8.883242286654387
2021-07-10 07:00:00,10.696915790884688,10.985343360259508,10.973136270855859
2021-07-10 08:00:00,11.206195820179461,11.505361285684787,11.495274332428187
2021-07-10 09:00:00,10.69934793111082,10.982964870314136,10.972506619627257
2021-07-10 10:00:00,10.187997337040672,10.45678003799772,10.44983239818523
2021-07-10 11:00:00,10.391462726866003,10.664236970594745,10.658647883324852
2021-07-10 12:00:00,10.696659314012898,10.977156099533389,10.972098230595101
2021-07-10 13:00:00,10.187282689400524,10.454054656110367,10.449569218259938
2021-07-10 14:00:00,9.983525959681772,10.244619996866868,10.240533006219033
2021-07-10 15:00:00,11.205994047928533,11.498920307150868,11.4944576984818
2021-07-10 16:00:00,14.771567769842232,15.158630484435509,15.151907219627299
2021-07-10 17:00:00,18.846466626674022,19.339798449912607,19.33167735858369
2021-07-10 18:00:00,19.355816636577792,19.862050297982307,19.85409865306161
2021-07-10 19:00:00,17.827741055321884,18.294479096766374,18.28673135472017
2021-07-10 20:00:00,15.280950824307755,15.68193718178181,15.67446225554265
2021-07-10 21:00:00,12.734134355016302,13.068557687891964,13.062086962040272
2021-07-10 22:00:00,9.677918868538447,9.931361934305142,9.927092026614122
2021-07-10 23:00:00,7.131047939647419,7.316243979798501,7.314496318473399
2021-07-11 00:00:00,5.603001219701558,5.750042149772126,5.7471863485485235
2021-07-11 01:00:00,4.889920003051243,5.01838924045256,5.015739415613997
2021-07-11 02:00:00,4.585153732733027,4.706573775447903,4.702346066082225
2021-07-11 03:00:00,4.586052983434741,4.711854904029742,4.702750056059866
2021-07-11 04:00:00,4.8917819461460095,5.030503450600503,5.0166846298009045
2021-07-11 05:00:00,5.909053892241234,6.079859056496362,6.062120751623513
2021-07-11 06:00:00,8.659795785239245,8.909223117479975,8.884060373164045
2021-07-11 07:00:00,10.697257265165046,11.000389262601143,10.97396800582851
2021-07-11 08:00:00,11.206477986958975,11.517794004788001,11.495961611067147
2021-07-11 09:00:00,10.698447695721288,10.991545334943996,10.973042881883666
2021-07-11 10:00:00,10.187955225174665,10.464324399162761,10.450261516197346
2021-07-11 11:00:00,10.39129401750327,10.670303496237384,10.659000570487864
2021-07-11 12:00:00,10.696800800005075,10.983390198390689,10.972442850540444
2021-07-11 13:00:00,10.187408162526134,10.459583202484152,10.449874835381635
2021-07-11 14:00:00,9.983640286868551,10.2496574353688,10.240811474979465
2021-07-11 15:00:00,11.206118882443409,11.504420715315627,11.494761760127993
2021-07-11 16:00:00,14.771755842685488,15.166917274379966,15.152365311993664
2021-07-11 17:00:00,18.847018065223825,19.350132400843243,19.332230692425277
2021-07-11 18:00:00,19.356619704068734,19.872431765928834,19.854640441603657
2021-07-11 19:00:00,17.829771438949486,18.305842263319423,18.287259250257414
2021-07-11 20:00:00,15.284035464482999,15.69402597614258,15.675007006418909
2021-07-11 21:00:00,12.736644160389565,13.078862006735571,13.06300179434483
2021-07-11 22:00:00,9.67803831254412,9.936624828022268,9.927382958501257
2021-07-11 23:00:00,7.1310940920965935,7.318296190137007,7.314606255648542
2021-07-12 00:00:00,5.602984987094736,5.749020411859128,5.747098057136102
2021-07-12 01:00:00,4.889879638887776,5.017383890057322,5.015654417221573
2021-07-12 02:00:00,4.584281588484419,4.704401693426485,4.702231198761992
2021-07-12 03:00:00,4.584371598132876,4.707201530733743,4.702486871845837
2021-07-12 04:00:00,4.890093519694926,5.0240368597493115,5.016261947263933
2021-07-12 05:00:00,5.908931302024303,6.072835713940413,6.061510523603399
2021-07-12 06:00:00,8.659649051000986,8.900105170169443,8.8832718986947
2021-07-12 07:00:00,10.697847579970261,10.991853827819869,10.973167849769217
2021-07-12 08:00:00,11.208571715648592,11.51234695070242,11.495300426692951
2021-07-12 09:00:00,10.697047149237351,10.984260948985241,10.972526980174653
2021-07-12 10:00:00,10.187449442488912,10.459110357656096,10.449848690731496
2021-07-12 11:00:00,10.391133516684164,10.666273331597637,10.658661273981405
2021-07-12 12:00:00,10.696741009948765,10.9795492575747,10.972111314959417
2021-07-12 13:00:00,10.187355139289483,10.456176965286728,10.449580821783803
2021-07-12 14:00:00,9.983591973754084,10.246553778594501,10.24054357898698
2021-07-12 15:00:00,11.206066129074973,11.50103181457661,11.494469242948119
2021-07-12 16:00:00,14.771676365659417,15.161811633539203,15.15192461225791
2021-07-12 17:00:00,18.846597800526972,19.34364098819408,19.33169836729682
2021-07-12 18:00:00,19.355945073490922,19.86581266177935,19.854119223428363
2021-07-12 19:00:00,17.827866198745927,18.29814498281564,18.286751397604
2021-07-12 20:00:00,15.281071561144174,15.685473983556571,15.674481592670467
2021-07-12 21:00:00,12.73423887176251,13.071619346822638,13.062103701369713
2021-07-12 22:00:00,9.677987837131568,9.933382264220983,9.927103072576067
2021-07-12 23:00:00,7.131073939143215,7.317001555109515,7.314494507616844
2021-07-13 00:00:00,5.602960857372212,5.748279907608875,5.746992583059826
2021-07-13 01:00:00,4.889857930251415,5.016717685235586,5.015559526019856
2021-07-13 02:00:00,4.584254344067264,4.703565603965495,4.702112109960608
2021-07-13 03:00:00,4.584347175675689,4.7054201684705115,4.702228192068789
2021-07-13 04:00:00,4.890174035765548,5.021220018119441,5.015835360171187
2021-07-13 05:00:00,5.908789146314383,6.068473172792816,6.060889142973101
2021-07-13 06:00:00,8.659437756922427,8.893620878314564,8.882348305489847
2021-07-13 07:00:00,10.696887634251535,10.98420422305813,10.972182910214759
2021-07-13 08:00:00,11.208559537077102,11.506806977925601,11.494486552155145
2021-07-13 09:00:00,10.697036155537598,10.97993678850644,10.97189193905547
2021-07-13 10:00:00,10.187333188474849,10.455542699908055,10.44934052969756
2021-07-13 11:00:00,10.391037968845923,10.663341114691741,10.658243622267072
2021-07-13 12:00:00,10.696647647631544,10.976684110963735,10.971703216434546
2021-07-13 13:00:00,10.187272343377497,10.453636085478914,10.449218910355793
2021-07-13 14:00:00,9.983516532709253,10.244238608401963,10.240213816615734
2021-07-13 15:00:00,11.205983754562848,11.498503866885542,11.494109173512328
2021-07-13 16:00:00,14.771552262091406,15.158003084995357,15.151382139828511
2021-07-13 17:00:00,18.84644789472394,19.33904060855152,19.33104311002699
2021-07-13 18:00:00,19.355798295469473,19.861308268966074,19.853477638088364
2021-07-13 19:00:00,17.827723184531937,18.293756095492306,18.28612626434359
2021-07-13 20:00:00,15.280933582789407,15.681239639044554,15.673878471789138
2021-07-13 21:00:00,12.734119429766881,13.067953854800075,13.061581605264191
2021-07-13 22:00:00,9.67790901965306,9.930963476447053,9.926758551385168
2021-07-13 23:00:00,7.131042470257879,7.316035823186228,7.314356953129474
2021-07-14 00:00:00,5.602950065233201,5.747876840969955,5.747027414697598
2021-07-14 01:00:00,4.889848220955291,5.0163550607965774,5.015590862781292
2021-07-14 02:00:00,4.58424215886551,4.703110508982901,4.702151437709558
2021-07-14 03:00:00,4.584285950742774,4.70439687319993,4.702313618181166
2021-07-14 04:00:00,4.889952279155903,5.019411717741099,5.015976235802593
2021-07-14 05:00:00,5.908725566462553,6.066098581699089,6.061094346998555
2021-07-14 06:00:00,8.659343254589634,8.8900913891552,8.882653311848712
2021-07-14 07:00:00,10.696786854941914,10.980440300303163,10.972508175521636
2021-07-14 08:00:00,11.206702079785536,11.50192259460084,11.494755325147457
2021-07-14 09:00:00,10.696677086317834,10.977215902561223,10.972101654305076
2021-07-14 10:00:00,10.18728119328596,10.453600774771454,10.449508344213585
2021-07-14 11:00:00,10.39099523459767,10.661745068737321,10.658381547089379
2021-07-14 12:00:00,10.696605890868492,10.975124572292478,10.971837986422539
2021-07-14 13:00:00,10.187235312492001,10.45225304968447,10.449338427569984
2021-07-14 14:00:00,9.983482791324855,10.24297842945266,10.240322716962353
2021-07-14 15:00:00,11.205946912150546,11.497127870219948,11.494228082429123
2021-07-14 16:00:00,14.771496756150277,15.15593003968844,15.151561285300353
2021-07-14 17:00:00,18.846380848604227,19.33653655869677,19.33125950143496
2021-07-14 18:00:00,19.355732648265707,19.85885646606148,19.853689514493936
2021-07-14 19:00:00,17.827659220709876,18.2913671638131,18.2863327076333
2021-07-14 20:00:00,15.280871871280548,15.678934827141163,15.674077645736066
2021-07-14 21:00:00,12.734066008737303,13.065958677123481,13.06175402168225
2021-07-14 22:00:00,9.677873768141824,9.929646897024357,9.926872325667436
2021-07-14 23:00:00,7.131028395641613,7.315510162029947,7.314402378965348
2021-07-15 00:00:00,5.602954353905044,5.747973087852722,5.746951482728781
2021-07-15 01:00:00,4.8898520793178335,5.016441650626893,5.015522549542396
2021-07-15 02:00:00,4.5842470011244565,4.703219179533149,4.702065704347651
2021-07-15 03:00:00,4.584296468897717,4.704632922882042,4.702127391712464
2021-07-15 04:00:00,4.8899719866449285,5.019868491476845,5.015672076528208
2021-07-15 05:00:00,5.908750832363978,6.066665602058877,6.060647008123357
2021-07-15 06:00:00,8.65938080872913,8.890934183612865,8.881988406756319
2021-07-15 07:00:00,10.696826903479765,10.98133907434488,10.971799106505086
2021-07-15 08:00:00,11.206122370803534,11.502052467053964,11.494169407752318
2021-07-15 09:00:00,10.69670290766716,10.977795388348719,10.971644481090932
2021-07-15 10:00:00,10.187301855575651,10.454064480330086,10.449142513393864
2021-07-15 11:00:00,10.391012216696128,10.662126183007354,10.658080874942542
2021-07-15 12:00:00,10.696622484525584,10.975496969115161,10.971544191723792
2021-07-15 13:00:00,10.187250028139738,10.452583299998235,10.44907788347956
2021-07-15 14:00:00,9.98349619976271,10.243279343207082,10.240085317337964
2021-07-15 15:00:00,11.205961552901204,11.497456439684582,11.493968864409531
2021-07-15 16:00:00,14.771518813572506,15.156425054977133,15.151170753322756
2021-07-15 17:00:00,18.846407491960623,19.337134492064468,19.330787774387545
2021-07-15 18:00:00,19.355758735709,19.859441923561413,19.853227630021937
2021-07-15 19:00:00,17.827684639196654,18.291937608511486,18.285882667197654
2021-07-15 20:00:00,15.280896394723978,15.679485185170448,15.673643452258663
2021-07-15 21:00:00,12.734087237639677,13.066435098671178,13.061378158848424
2021-07-15 22:00:00,9.677887776686708,9.92996127845193,9.926624301003478
2021-07-15 23:00:00,7.131033988732144,7.315635682831718,7.314303351949284
2021-07-16 00:00:00,5.602958755352381,5.748174454230842,5.746913168641661
2021-07-16 01:00:00,4.889856039140397,5.016622812655327,5.015488079747564
2021-07-16 02:00:00,4.584253306801099,4.703487139553455,4.702022709951225
2021-07-16 03:00:00,4.584613260016663,4.70560607579967,4.702034595740447
2021-07-16 04:00:00,4.8910757524712,5.022055477186855,5.015516547475279
2021-07-16 05:00:00,5.908800870919523,6.068584517096319,6.060426075340516
2021-07-16 06:00:00,8.65942048561899,8.892731963529654,8.881653131450706
2021-07-16 07:00:00,10.69686800513935,10.983219476788316,10.971441321339015
2021-07-16 08:00:00,11.206614336933493,11.504064282872738,11.493873762973557
2021-07-16 09:00:00,10.696729408018157,10.979007780385158,10.971413798617817
2021-07-16 10:00:00,10.187323061203688,10.455034638595688,10.448957920868265
2021-07-16 11:00:00,10.391029645358133,10.66292354493742,10.657929160466969
2021-07-16 12:00:00,10.696639514531709,10.976276092524158,10.971395947501259
2021-07-16 13:00:00,10.187265130752124,10.453274245072437,10.448946416995359
2021-07-16 14:00:00,9.98350996079065,10.243908910743318,10.23996552919033
2021-07-16 15:00:00,11.205976578647006,11.498143868109814,11.493838067039986
2021-07-16 16:00:00,14.771541451019672,15.1574607190208,15.150973696978165
2021-07-16 17:00:00,18.846434835934293,19.338385479869444,19.330549748277168
2021-07-16 18:00:00,19.355785509151207,19.860666809530848,19.852994570321588
2021-07-16 19:00:00,17.827710726091375,18.29313108490811,18.285655583813316
2021-07-16 20:00:00,15.280921563039172,15.680636636519726,15.67342436500228
2021-07-16 21:00:00,12.734109024780121,13.06743186115075,13.061188504324981
2021-07-16 22:00:00,9.677902153602169,9.930619022865026,9.926499151626603
2021-07-16 23:00:00,7.131039728899332,7.315898295692565,7.314253384461548
2021-07-17 00:00:00,5.602917763999065,5.746927382076875,5.746904872138154
2021-07-17 01:00:00,4.889819160706249,5.015500867059816,5.015480615684207
2021-07-17 02:00:00,4.584205688147849,4.702038492753585,4.702013077203945
2021-07-17 03:00:00,4.58420673055579,4.702068283811436,4.702013077203945
2021-07-17 04:00:00,4.889821637674617,5.015571656531926,5.015480615684207
2021-07-17 05:00:00,5.908535269832944,6.060505023677511,6.060372410618416
2021-07-17 06:00:00,8.659060405937062,8.881777367237245,8.881580256940785
2021-07-17 07:00:00,10.696485219087105,10.971574049446636,10.971363846809203
2021-07-17 08:00:00,11.205840030404174,11.493983438767117,11.493809744276309
2021-07-17 09:00:00,10.696482606189631,10.971499375245976,10.971363846809203
2021-07-17 10:00:00,10.187125569941198,10.449026399438443,10.448917949342098
2021-07-17 11:00:00,10.390867329558933,10.657985442216889,10.657896308328942
2021-07-17 12:00:00,10.696480911475758,10.971450941886125,10.971363846809203
2021-07-17 13:00:00,10.187124477809347,10.4489951873171,10.448917949342098
2021-07-17 14:00:00,9.98338180222935,10.240009967181779,10.239939590355256
2021-07-17 15:00:00,11.205836641574486,11.493886589139244,11.493809744276309
2021-07-17 16:00:00,14.771330625006277,15.151046799270244,15.150931026546042
2021-07-17 17:00:00,18.846180177318555,19.33063804918562,19.33049820628288
2021-07-17 18:00:00,19.355536163982396,19.85308102883335,19.852944103749987
2021-07-17 19:00:00,17.827467774844468,18.285739825282032,18.28560641134867
2021-07-17 20:00:00,15.280687166664139,15.673505640135238,15.673376924013148
2021-07-17 21:00:00,12.73390611780352,13.061258860752204,13.061147436677622
2021-07-17 22:00:00,9.677768259186024,9.926545578481425,9.926472051874994
2021-07-17 23:00:00,7.1309862698429365,7.314271920976525,7.314242564539468
2021-07-18 00:00:00,5.602917264062089,5.74691309433907,5.746904872138154
2021-07-18 01:00:00,4.88981871093108,5.015488012900216,5.015480615684207
2021-07-18 02:00:00,4.584205123678386,4.702022360736792,4.702013077203945
2021-07-18 03:00:00,4.584205504438531,4.702033242510667,4.702013077203945
2021-07-18 04:00:00,4.889819615692833,5.015513870156852,5.015480615684207
2021-07-18 05:00:00,5.9085323245485295,6.06042085016458,6.060372410618416
2021-07-18 06:00:00,8.659056028194115,8.88165225538023,8.881580256940785
2021-07-18 07:00:00,10.696480550568364,10.971440627485476,10.971363846809203
2021-07-18 08:00:00,11.205836172717154,11.493873189629001,11.493809744276309
2021-07-18 09:00:00,10.696479596155811,10.971413351254801,10.971363846809203
2021-07-18 10:00:00,10.18712316130678,10.448957562887585,10.448917949342098
2021-07-18 11:00:00,10.390865349929983,10.657928866246762,10.657896308328942
2021-07-18 12:00:00,10.696478977128006,10.971395660010922,10.971363846809203
2021-07-18 13:00:00,10.187122762383991,10.448946162042123,10.448917949342098
2021-07-18 14:00:00,9.98338023918743,10.239965296884918,10.239939590355256
2021-07-18 15:00:00,11.205834934879995,11.493837813384367,11.493809744276309
2021-07-18 16:00:00,14.771328053739145,15.150973314826373,15.150931026546042
2021-07-18 17:00:00,18.84617707146213,19.330549286672618,19.33049820628288
2021-07-18 18:00:00,19.355533122929604,19.852994118348413,19.852944103749987
2021-07-18 19:00:00,17.82746481177295,18.28565514343002,18.28560641134867
2021-07-18 20:00:00,15.280684307929176,15.673423940125893,15.673376924013148
2021-07-18 21:00:00,12.733903643118206,13.061188136527557,13.061147436677622
2021-07-18 22:00:00,9.67776662618872,9.926498908924147,9.926472051874994
2021-07-18 23:00:00,7.130985617847898,7.3142532875594926,7.314242564539468
2021-07-19 00:00:00,5.602919972334684,5.746990494272712,5.746904872138154
2021-07-19 01:00:00,4.889821147465726,5.015557646813831,5.015480615684207
2021-07-19 02:00:00,4.584208181538179,4.702109751550251,4.702013077203945
2021-07-19 03:00:00,4.584212146595312,4.702223069227194,4.702013077203945
2021-07-19 04:00:00,4.889830569229221,5.015826912127323,5.015480615684207
2021-07-19 05:00:00,5.908548279825801,6.0608768372777115,6.060372410618416
2021-07-19 06:00:00,8.659079743425893,8.882330014838207,8.881580256940785
2021-07-19 07:00:00,10.69650584099893,10.972163404672512,10.971363846809203
2021-07-19 08:00:00,11.205857070687385,11.494470434349632,11.493809744276309
2021-07-19 09:00:00,10.696495902195364,10.97187936283054,10.971363846809203
2021-07-19 10:00:00,10.187136209428655,10.449330466179985,10.448917949342098
2021-07-19 11:00:00,10.39087607403141,10.658235351177622,10.657896308328942
2021-07-19 12:00:00,10.696489455930855,10.971695134534512,10.971363846809203
2021-07-19 13:00:00,10.1871320552343,10.449211743135614,10.448917949342098
2021-07-19 14:00:00,9.983388706541914,10.240207286068923,10.239939590355256
2021-07-19 15:00:00,11.205844180433212,11.494102042770589,11.493809744276309
2021-07-19 16:00:00,14.771341982879516,15.151371396815053,15.150931026546042
2021-07-19 17:00:00,18.846193896594606,19.33103013344553,19.33049820628288
2021-07-19 18:00:00,19.355549597006025,19.85346493226302,19.852944103749987
2021-07-19 19:00:00,17.827480863407025,18.28611388433188,18.28560641134867
2021-07-19 20:00:00,15.280699794348322,15.673866527706094,15.673376924013148
2021-07-19 21:00:00,12.733917049052861,13.061571265779298,13.061147436677622
2021-07-19 22:00:00,9.67777547250748,9.926751728557704,9.926472051874994
2021-07-19 23:00:00,7.130989149853692,7.314354229028433,7.314242564539468
2021-07-20 00:00:00,5.602919937787547,5.746989506947385,5.746904872138154
2021-07-20 01:00:00,4.88982111638492,5.015556758553037,5.015480615684207
2021-07-20 02:00:00,4.584208142531655,4.702108636779742,4.702013077203945
2021-07-20 03:00:00,4.58421206186695,4.702220647768721,4.702013077203945
2021-07-20 04:00:00,4.889830429504244,5.015822918916327,5.015480615684207
2021-07-20 05:00:00,5.908548076297857,6.060871020636731,6.060372410618416
2021-07-20 06:00:00,8.65907944091079,8.88232136923546,8.881580256940785
2021-07-20 07:00:00,10.69650551839035,10.972154184816764,10.971363846809203
2021-07-20 08:00:00,11.205856804109699,11.494462815805122,11.493809744276309
2021-07-20 09:00:00,10.696495694193045,10.97187341831599,10.971363846809203
2021-07-20 10:00:00,10.187136042984827,10.44932570936886,10.448917949342098
2021-07-20 11:00:00,10.390875937233142,10.658231441609221,10.657896308328942
2021-07-20 12:00:00,10.696489322261652,10.971691314391933,10.971363846809203
2021-07-20 13:00:00,10.187131936693287,10.449208355342787,10.448917949342098
2021-07-20 14:00:00,9.983388598531052,10.240204199218082,10.239939590355256
2021-07-20 15:00:00,11.20584406249553,11.494098672220344,11.493809744276309
2021-07-20 16:00:00,14.771341805197281,15.151366318820646,15.150931026546042
2021-07-20 17:00:00,18.846193681970657,19.331023999690945,19.33049820628288
2021-07-20 18:00:00,19.355549386860204,19.853458926489107,19.852944103749987
2021-07-20 19:00:00,17.827480658649943,18.28610803256315,18.28560641134867
2021-07-20 20:00:00,15.280699596801202,15.673860881991596,15.673376924013148
2021-07-20 21:00:00,12.733916878044717,13.061566378524281,13.061147436677622
2021-07-20 22:00:00,9.677775359662492,9.926748503551998,9.926472051874994
2021-07-20 23:00:00,7.130989104798888,7.3143529414037,7.314242564539468
2021-07-21 00:00:00,5.602920218273056,5.746997522964618,5.746904872138154
2021-07-21 01:00:00,4.889821368727562,5.0155639702730666,5.015480615684207
2021-07-21 02:00:00,4.584208459222583,4.702117687514463,4.702013077203945
2021-07-21 03:00:00,4.5842127497699074,4.7022403074009675,4.702013077203945
2021-07-21 04:00:00,4.889831563920417,5.01585533948457,5.015480615684207
2021-07-21 05:00:00,5.908549728725341,6.0609182454906305,6.060372410618416
2021-07-21 06:00:00,8.659081897007296,8.882391562209035,8.881580256940785
2021-07-21 07:00:00,10.696508137624216,10.972229040105601,10.971363846809203
2021-07-21 08:00:00,11.205858968433123,11.494524670173064,11.493809744276309
2021-07-21 09:00:00,10.696497382947646,10.971921681365416,10.971363846809203
2021-07-21 10:00:00,10.187137394329264,10.449364329546919,10.448917949342098
2021-07-21 11:00:00,10.390877047887606,10.65826318308977,10.657896308328942
2021-07-21 12:00:00,10.696490407511474,10.97172232983122,10.971363846809203
2021-07-21 13:00:00,10.187132899118508,10.449235860568214,10.448917949342098
2021-07-21 14:00:00,9.983389475462806,10.240229261119023,10.239939590355256
2021-07-21 15:00:00,11.20584502002237,11.494126037454581,11.493809744276309
2021-07-21 16:00:00,14.771343247785461,15.151407546660675,15.150931026546042
2021-07-21 17:00:00,18.84619542448574,19.33107379916542,19.33049820628288
2021-07-21 18:00:00,19.355551093017745,19.853507686898535,19.852944103749987
2021-07-21 19:00:00,17.827482321056735,18.28615554261649,18.28560641134867
2021-07-21 20:00:00,15.280701200670832,15.673906719106744,15.673376924013148
2021-07-21 21:00:00,12.733918266446468,13.061606057766122,13.061147436677622
2021-07-21 22:00:00,9.677776275842136,9.926774687121476,9.926472051874994
2021-07-21 23:00:00,7.130989470595317,7.31436339552836,7.314242564539468
2021-07-22 00:00:00,5.60292505002887,5.7471356100907505,5.746904872138154
2021-07-22 01:00:00,4.889825715683058,5.015688202253122,5.015480615684207
2021-07-22 02:00:00,4.584213914667455,4.702273599098789,4.702013077203945
2021-07-22 03:00:00,4.584224599861995,4.702578972106667,4.702013077203945
2021-07-22 04:00:00,4.889851105828138,5.016413829188979,5.015480615684207
2021-07-22 05:00:00,5.908578194103557,6.061731759754048,6.060372410618416
2021-07-22 06:00:00,8.659124206710256,8.883600734508764,8.881580256940785
2021-07-22 07:00:00,10.696553257596694,10.973518527316962,10.971363846809203
2021-07-22 08:00:00,11.205896251936037,11.4955901983097,11.493809744276309
2021-07-22 09:00:00,10.696526474111353,10.972753080001175,10.971363846809203
2021-07-22 10:00:00,10.187160673130245,10.450029616215133,10.448917949342098
2021-07-22 11:00:00,10.390896180466628,10.658809974557329,10.657896308328942
2021-07-22 12:00:00,10.696509102459938,10.97225661422097,10.971363846809203
2021-07-22 13:00:00,10.187149478241153,10.449709676606929,10.448917949342098
2021-07-22 14:00:00,9.983404581840702,10.240660987470742,10.239939590355256
2021-07-22 15:00:00,11.205861514763555,11.494597441948953,11.493809744276309
2021-07-22 16:00:00,14.771368098387686,15.152117753959248,15.150931026546042
2021-07-22 17:00:00,18.84622544174908,19.331931664874816,19.33049820628288
2021-07-22 18:00:00,19.355580483971487,19.854347653257058,19.852944103749987
2021-07-22 19:00:00,17.827510958342522,18.28697396983981,18.28560641134867
2021-07-22 20:00:00,15.28072882957196,15.674696327626235,15.673376924013148
2021-07-22 21:00:00,12.733942183611543,13.062289588291547,13.061147436677622
2021-07-22 22:00:00,9.677792058319936,9.927225735785019,9.926472051874994
2021-07-22 23:00:00,7.13099577195123,7.31454348247027,7.314242564539468
2021-07-23 00:00:00,5.602940781447367,5.747585199526517,5.746904872138154
2021-07-23 01:00:00,4.889839868669825,5.016092681565439,5.015480615684207
2021-07-23 02:00:00,4.584231676717041,4.702781222098778,4.702013077203945
2021-07-23 03:00:00,4.584263181852689,4.7036816098268845,4.702013077203945
2021-07-23 04:00:00,4.8899147311313245,5.018232181689466,5.015480615684207
2021-07-23 05:00:00,5.908670872789033,6.0643804311322205,6.060372410618416
2021-07-23 06:00:00,8.659261960286676,8.88753760470956,8.881580256940785
2021-07-23 07:00:00,10.696700160957903,10.977716889930665,10.971363846809203
2021-07-23 08:00:00,11.206017641014851,11.499059386257647,11.493809744276309
2021-07-23 09:00:00,10.696621190253568,10.97545998001437,10.971363846809203
2021-07-23 10:00:00,10.18723646515584,10.452195682423941,10.448917949342098
2021-07-23 11:00:00,10.390958473061511,10.660590239483316,10.657896308328942
2021-07-23 12:00:00,10.696569970200233,10.9739961581166,10.971363846809203
2021-07-23 13:00:00,10.187203457193458,10.451252345293511,10.448917949342098
2021-07-23 14:00:00,9.983453765773376,10.24206661891744,10.239939590355256
2021-07-23 15:00:00,11.205915218983419,11.496132259035669,11.493809744276309
2021-07-23 16:00:00,14.771449007944907,15.154430074503436,15.150931026546042
2021-07-23 17:00:00,18.846323173122503,19.334724737415726,19.33049820628288
2021-07-23 18:00:00,19.355676176181756,19.85708244839524,19.852944103749987
2021-07-23 19:00:00,17.827604196731357,18.289638637023923,18.28560641134867
2021-07-23 20:00:00,15.280818784822799,15.677267165753566,15.673376924013148
2021-07-23 21:00:00,12.734020054047779,13.064515053560207,13.061147436677622
2021-07-23 22:00:00,9.677843443524967,9.92869427756604,9.926472051874994
2021-07-23 23:00:00,7.131016288150881,7.315129816539716,7.314242564539468
2021-07-24 00:00:00,5.6029290308217865,5.747249377481882,5.746904872138154
2021-07-24 01:00:00,4.889829297058093,5.015790554649484,5.015480615684207
2021-07-24 02:00:00,4.584218409306077,4.702402051726439,4.702013077203945
2021-07-24 03:00:00,4.584234362930423,4.702857991600485,4.702013077203945
2021-07-24 04:00:00,4.889867206039081,5.016873958372815,5.015480615684207
2021-07-24 05:00:00,5.9086016461943345,6.062401998884889,6.060372410618416
2021-07-24 06:00:00,8.659159064880315,8.884596948868671,8.881580256940785
2021-07-24 07:00:00,10.696590431095052,10.974580911624939,10.971363846809203
2021-07-24 08:00:00,11.205926969114222,11.49646806694003,11.493809744276309
2021-07-24 09:00:00,10.69655044177505,10.97343805373067,10.971363846809203
2021-07-24 10:00:00,10.187179852097398,10.45057773341272,10.448917949342098
2021-07-24 11:00:00,10.390911943439338,10.659260465783417,10.657896308328942
2021-07-24 12:00:00,10.696524504877047,10.97269680110043,10.971363846809203
2021-07-24 13:00:00,10.187163137469087,10.45010004474704,10.448917949342098
2021-07-24 14:00:00,9.983417027701883,10.24101667870782,10.239939590355256
2021-07-24 15:00:00,11.205875104471188,11.49498582326295,11.493809744276309
2021-07-24 16:00:00,14.771388572332382,15.152702880420962,15.150931026546042
2021-07-24 17:00:00,18.846250172408883,19.332638444329454,19.33049820628288
2021-07-24 18:00:00,19.355604698626564,19.855039685772507,19.852944103749987
2021-07-24 19:00:00,17.82753455206472,18.2876482566661,18.28560641134867
2021-07-24 20:00:00,15.280751592504966,15.675346871263395,15.673376924013148
2021-07-24 21:00:00,12.733961888514887,13.062852736260629,13.061147436677622
2021-07-24 22:00:00,9.677805061207135,9.927597346312101,9.926472051874994
2021-07-24 23:00:00,7.131000963520079,7.3146918527212295,7.314242564539468
2021-07-25 00:00:00,5.602920953994159,5.747018549195397,5.746904872138154
2021-07-25 01:00:00,4.88982203062916,5.015582886810443,5.015480615684207
2021-07-25 02:00:00,4.584209289911483,4.702141427837294,4.702013077203945
2021-07-25 03:00:00,4.584214554158034,4.702291875149953,4.702013077203945
2021-07-25 04:00:00,4.889834539524827,5.01594037951503,5.015480615684207
2021-07-25 05:00:00,5.908554063087481,6.061042117564178,6.060372410618416
2021-07-25 06:00:00,8.659088339415097,8.882575680283884,8.881580256940785
2021-07-25 07:00:00,10.696515007945733,10.972425387559932,10.971363846809203
2021-07-25 08:00:00,11.205864645512216,11.494686915859027,11.493809744276309
2021-07-25 09:00:00,10.696501812596802,10.972048276654013,10.971363846809203
2021-07-25 10:00:00,10.187140938942404,10.449465631322193,10.448917949342098
2021-07-25 11:00:00,10.390879961164414,10.658346441854771,10.657896308328942
2021-07-25 12:00:00,10.696493254151214,10.97180368417029,10.971363846809203
2021-07-25 13:00:00,10.187135423585985,10.449308007521052,10.448917949342098
2021-07-25 14:00:00,9.983391775678596,10.24029499916542,10.239939590355256
2021-07-25 15:00:00,11.205847531641261,11.494197817206729,11.493809744276309
2021-07-25 16:00:00,14.771347031733407,15.15151568840407,15.150931026546042
2021-07-25 17:00:00,18.846199995150105,19.3312044245386,19.33049820628288
2021-07-25 18:00:00,19.355555568315285,19.85363558677592,19.852944103749987
2021-07-25 19:00:00,17.82748668159487,18.28628016277591,18.28560641134867
2021-07-25 20:00:00,15.2807054076644,15.674026951103896,15.673376924013148
2021-07-25 21:00:00,12.733921908261939,13.061710137494435,13.061147436677622
2021-07-25 22:00:00,9.67777867900621,9.926843367334888,9.926472051874994
2021-07-25 23:00:00,7.130990430089279,7.3143908169810805,7.314242564539468
2021-07-26 00:00:00,5.602938192309773,5.747511204361357,5.746904872138154
2021-07-26 01:00:00,4.889837539316621,5.016026110798563,5.015480615684207
2021-07-26 02:00:00,4.584228753370342,4.702697675545556,4.702013077203945
2021-07-26 03:00:00,4.584256831879699,4.703500133453714,4.702013077203945
2021-07-26 04:00:00,4.889904259433275,5.017932910214455,5.015480615684207
2021-07-26 05:00:00,5.908655619373154,6.063944502570539,6.060372410618416
2021-07-26 06:00:00,8.659239288271216,8.886889659412041,8.881580256940785
2021-07-26 07:00:00,10.696675983035535,10.977025907202233,10.971363846809203
2021-07-26 08:00:00,11.20599766233159,11.498488413910978,11.493809744276309
2021-07-26 09:00:00,10.696605601505194,10.975014467959122,10.971363846809203
2021-07-26 10:00:00,10.187223991011642,10.451839182884324,10.448917949342098
2021-07-26 11:00:00,10.39094822070574,10.660297236608365,10.657896308328942
2021-07-26 12:00:00,10.696559952352532,10.973709857266046,10.971363846809203
2021-07-26 13:00:00,10.187194573129082,10.45099844692498,10.448917949342098
2021-07-26 14:00:00,9.983445670891843,10.241835274666935,10.239939590355256
2021-07-26 15:00:00,11.205906380135566,11.495879652913759,11.493809744276309
2021-07-26 16:00:00,14.771435691537596,15.154049503860628,15.150931026546042
2021-07-26 17:00:00,18.846307088115733,19.334265042753163,19.33049820628288
2021-07-26 18:00:00,19.35566042678833,19.856632345252617,19.852944103749987
2021-07-26 19:00:00,17.82758885119734,18.28920007581074,18.28560641134867
2021-07-26 20:00:00,15.280803979640309,15.676844047288814,15.673376924013148
2021-07-26 21:00:00,12.734007237830731,13.064148777893985,13.061147436677622
2021-07-26 22:00:00,9.67783498634953,9.928452579289822,9.926472051874994
2021-07-26 23:00:00,7.131012911515531,7.315033315414788,7.314242564539468
2021-07-27 00:00:00,5.602949422565687,5.747832154720742,5.746904872138154
2021-07-27 01:00:00,4.8898476427706346,5.0163148581985775,5.015480615684207
2021-07-27 02:00:00,4.584241433241674,4.703060054576996,4.702013077203945
2021-07-27 03:00:00,4.584284374572642,4.704287278222743,4.702013077203945
2021-07-27 04:00:00,4.889949679904262,5.019230985396145,5.015480615684207
2021-07-27 05:00:00,5.908721780308095,6.065835321088697,6.060372410618416
2021-07-27 06:00:00,8.659337627013945,8.889700090007773,8.881580256940785
2021-07-27 07:00:00,10.696780853574793,10.980023010520279,10.971363846809203
2021-07-27 08:00:00,11.206084318879482,11.500964978149565,11.493809744276309
2021-07-27 09:00:00,10.69667321692821,10.976946854405375,10.971363846809203
2021-07-27 10:00:00,10.187278096993497,10.45338548195824,10.448917949342098
2021-07-27 11:00:00,10.390992689790474,10.661568122048147,10.657896308328942
2021-07-27 12:00:00,10.696603404270146,10.974951673007372,10.971363846809203
2021-07-27 13:00:00,10.187233107317752,10.452099718507409,10.448917949342098
2021-07-27 14:00:00,9.983480782039065,10.2428387188809,10.239939590355256
2021-07-27 15:00:00,11.205944718199797,11.496975319440558,11.493809744276309
2021-07-27 16:00:00,14.771493450793937,15.155700210150922,15.150931026546042
2021-07-27 17:00:00,18.846376856034922,19.336258945555315,19.33049820628288
2021-07-27 18:00:00,19.35572873900128,19.858584645312668,19.852944103749987
2021-07-27 19:00:00,17.82765541169014,18.29110231332422,18.28560641134867
2021-07-27 20:00:00,15.28086819638516,15.678679302646804,15.673376924013148
2021-07-27 21:00:00,12.7340628275366,13.06573748043224,13.061147436677622
2021-07-27 22:00:00,9.67787166892859,9.929500933576858,9.926472051874994
2021-07-27 23:00:00,7.131027557503909,7.315451884258576,7.314242564539468
2021-07-28 00:00:00,5.602960016910629,5.748134931330828,5.74692048831
2021-07-28 01:00:00,4.889857174118604,5.016587255335366,5.015494664987741
2021-07-28 02:00:00,4.584253395117853,4.703401913968945,4.702030709130698
2021-07-28 03:00:00,4.584310357666157,4.705029851078155,4.702051376547194
2021-07-28 04:00:00,4.889992528450251,5.020455557332761,5.015543774875378
2021-07-28 05:00:00,5.908784194893456,6.067619072390028,6.060464410349973
2021-07-28 06:00:00,8.659430397345222,8.892351380538456,8.88171700134956
2021-07-28 07:00:00,10.696879785840943,10.982850403468069,10.971509673972447
2021-07-28 08:00:00,11.206166068517842,11.503301307438173,11.493930244072004
2021-07-28 09:00:00,10.696737003641552,10.978769819859266,10.971457869071315
2021-07-28 10:00:00,10.187329139235052,10.4548442221593,10.4489931861236
2021-07-28 11:00:00,10.391034640822264,10.662767043856498,10.657958144575083
2021-07-28 12:00:00,10.696644395731695,10.976123171183069,10.971424268639085
2021-07-28 13:00:00,10.187269459515768,10.453138630808834,10.448971532850502
2021-07-28 14:00:00,9.983513905024662,10.243785343268849,10.239988413971815
2021-07-28 15:00:00,11.205980885378882,11.498008944071493,11.49386305506493
2021-07-28 16:00:00,14.771547939444048,15.157257445530815,15.151011343368694
2021-07-28 17:00:00,18.846442673359775,19.33813994401387,19.33059522168695
2021-07-28 18:00:00,19.355793183048963,19.860426396775992,19.853039094929585
2021-07-28 19:00:00,17.827718203208484,18.292896837022568,18.28569896668326
2021-07-28 20:00:00,15.2809287768698,15.680410637040698,15.67346622026165
2021-07-28 21:00:00,12.734117259807464,13.067293104545152,13.061225458781024
2021-07-28 22:00:00,9.67790627436402,9.930489925014053,9.926523060637631
2021-07-28 23:00:00,7.131041548344659,7.3158517295872025,7.314262993635939
2021-07-29 00:00:00,5.602954212488517,5.747969046298741,5.746904872138154
2021-07-29 01:00:00,4.889852160706941,5.016443976652528,5.015480615684207
2021-07-29 02:00:00,4.5842469721314565,4.703218350939941,4.702013077203945
2021-07-29 03:00:00,4.584296122067507,4.70462301079445,4.702013077203945
2021-07-29 04:00:00,4.889969520719367,5.019798017597972,5.015480615684207
2021-07-29 05:00:00,5.908747295677353,6.066564526816034,6.060372410618416
2021-07-29 06:00:00,8.659375551951598,8.890783949757934,8.881580256940785
2021-07-29 07:00:00,10.696821297539733,10.981178861747646,10.971363846809203
2021-07-29 08:00:00,11.206117738507237,11.501920080296891,11.493809744276309
2021-07-29 09:00:00,10.69669929322969,10.977692091058445,10.971363846809203
2021-07-29 10:00:00,10.187298963296353,10.45398182165454,10.448917949342098
2021-07-29 11:00:00,10.39100983956501,10.662058246791785,10.657896308328942
2021-07-29 12:00:00,10.69662016176796,10.975430586843983,10.971363846809203
2021-07-29 13:00:00,10.18724796826332,10.45252443062946,10.448917949342098
2021-07-29 14:00:00,9.983494322867758,10.243225703279911,10.239939590355256
2021-07-29 15:00:00,11.205959503508776,11.497397869938618,11.493809744276309
2021-07-29 16:00:00,14.771515726004449,15.156336815128862,15.150931026546042
2021-07-29 17:00:00,18.846403762459715,19.33702790636732,19.33049820628288
2021-07-29 18:00:00,19.355755084024057,19.85933756177271,19.852944103749987
2021-07-29 19:00:00,17.827681081151336,18.291835922856954,18.28560641134867
2021-07-29 20:00:00,15.280892961965613,15.679387080101556,15.673376924013148
2021-07-29 21:00:00,12.734084266046702,13.066350173283936,13.061147436677622
2021-07-29 22:00:00,9.677885815789585,9.92990523782025,9.926472051874994
2021-07-29 23:00:00,7.131033205818915,7.315613307893496,7.314242564539468
2021-07-30 00:00:00,5.602976040776499,5.748592878642885,5.746930981531864
2021-07-30 01:00:00,4.889871590209671,5.016999253925906,5.015504105358947
2021-07-30 02:00:00,4.584271487364283,4.703918973690302,4.702042556830707
2021-07-30 03:00:00,4.584349656896802,4.706152986854877,4.702077111631949
2021-07-30 04:00:00,4.890057336549051,5.022307713041335,5.015586214431777
2021-07-30 05:00:00,5.908878596477484,6.070316982620249,6.060526229187799
2021-07-30 06:00:00,8.659570711763285,8.896361437232283,8.881808886187555
2021-07-30 07:00:00,10.69702942013847,10.987126813723803,10.97160766192961
2021-07-30 08:00:00,11.206289714221978,11.506834987657042,11.494011213409653
2021-07-30 09:00:00,10.696833480558679,10.981527041195962,10.971521046940154
2021-07-30 10:00:00,10.187406340235865,10.457050555580746,10.4490437411667
2021-07-30 11:00:00,10.391098091437689,10.664580403941825,10.657999695184062
2021-07-30 12:00:00,10.696706395004458,10.977895053233295,10.97146486883693
2021-07-30 13:00:00,10.18732444193784,10.454709977736082,10.449007538066603
2021-07-30 14:00:00,9.983564003287595,10.245217105431275,10.240021220798349
2021-07-30 15:00:00,11.20603558796123,11.499572293437483,11.493898877028105
2021-07-30 16:00:00,14.771630353111501,15.159612752158559,15.151065311924361
2021-07-30 17:00:00,18.84654222156131,19.340984939827237,19.330660410785093
2021-07-30 18:00:00,19.355890654179266,19.86321203180859,19.853102923858504
2021-07-30 19:00:00,17.827813174900765,18.295611040421072,18.285761158856243
2021-07-30 20:00:00,15.281020404390487,15.683029267098444,15.67352622250526
2021-07-30 21:00:00,12.734194587535754,13.069503059720995,13.06127667803488
2021-07-30 22:00:00,9.677958614821003,9.931985767015131,9.926557335764002
2021-07-30 23:00:00,7.131062271762352,7.316443985757211,7.314276615221815
2021-07-31 00:00:00,5.602925539873977,5.747149609412229,5.746904872138154
2021-07-31 01:00:00,4.889826156378937,5.015700796935013,5.015480615684207
2021-07-31 02:00:00,4.584214467742377,4.702289405470118,4.702013077203945
2021-07-31 03:00:00,4.584225801228504,4.702613306053802,4.702013077203945
2021-07-31 04:00:00,4.889853086993625,5.016470449071903,5.015480615684207
2021-07-31 05:00:00,5.908581079933626,6.061814234116581,6.060372410618416
2021-07-31 06:00:00,8.659128496082845,8.88372332082236,8.881580256940785
2021-07-31 07:00:00,10.696557831875394,10.973649255984588,10.971363846809203
2021-07-31 08:00:00,11.205900031750692,11.495698221927453,11.493809744276309
2021-07-31 09:00:00,10.696529423383776,10.972837367487672,10.971363846809203
2021-07-31 10:00:00,10.187163033143285,10.450097063211858,10.448917949342098
2021-07-31 11:00:00,10.390898120134226,10.658865408468882,10.657896308328942
2021-07-31 12:00:00,10.696510997760399,10.972310780160571,10.971363846809203
2021-07-31 13:00:00,10.187151159038446,10.449757712243805,10.448917949342098
2021-07-31 14:00:00,9.983406113330611,10.240704756040325,10.239939590355256
2021-07-31 15:00:00,11.205863187006225,11.494645233102613,11.493809744276309
2021-07-31 16:00:00,14.771370617750492,15.152189755025299,15.150931026546042
2021-07-31 17:00:00,18.846228484909812,19.33201863560256,19.33049820628288
2021-07-31 18:00:00,19.35558346363673,19.854432809342306,19.852944103749987
2021-07-31 19:00:00,17.82751386160064,18.28705694227995,18.28560641134867
2021-07-31 20:00:00,15.280731630599686,15.674776378416023,15.673376924013148
2021-07-31 21:00:00,12.73394460834216,13.062358884856941,13.061147436677622
2021-07-31 22:00:00,9.677793658353092,9.927271463257382,9.926472051874994
2021-07-31 23:00:00,7.130996410784911,7.314561739747865,7.314242564539468
2021-08-01 00:00:00,5.6029678638114495,5.748359188521187,5.746921992966727
2021-08-01 01:00:00,4.889864806338537,5.016805377143862,5.015496211337337
2021-08-01 02:00:00,4.584263336691964,4.703686034990601,4.702032771971747
2021-08-01 03:00:00,4.584331163609327,4.705624465750219,4.702055591999853
2021-08-01 04:00:00,4.890023627046096,5.021344326528114,5.015549645772384
2021-08-01 05:00:00,5.908824896203971,6.068782278316614,6.060471415143746
2021-08-01 06:00:00,8.659492251231518,8.89411910757751,8.88172786960248
2021-08-01 07:00:00,10.69694430077541,10.984694180810346,10.971520777148376
2021-08-01 08:00:00,11.20621937845167,11.504824856193503,11.493939418840279
2021-08-01 09:00:00,10.696778599733419,10.979958597811855,10.971465027859116
2021-08-01 10:00:00,10.187362424501801,10.455795484392972,10.448998914598342
2021-08-01 11:00:00,10.391061997600513,10.66354887535506,10.657962852742646
2021-08-01 12:00:00,10.696671126762519,10.976887119397112,10.971428869114005
2021-08-01 13:00:00,10.187293165226393,10.45381611816109,10.448975612660512
2021-08-01 14:00:00,9.983535504926579,10.244402648549855,10.23999213136707
2021-08-01 15:00:00,11.206004470436412,11.49868298326949,11.493867114110255
2021-08-01 16:00:00,14.771583472155752,15.158272937669,15.151017458634135
2021-08-01 17:00:00,18.84648559363811,19.339366565994894,19.330602608370437
2021-08-01 18:00:00,19.355835207796552,19.861627425313905,19.85304632749007
2021-08-01 19:00:00,17.82775915032158,18.29406706776032,18.285706013780253
2021-08-01 20:00:00,15.280968282140922,15.681539661264178,15.673473019214159
2021-08-01 21:00:00,12.73414946752026,13.068213571280278,13.061230622207688
2021-08-01 22:00:00,9.677928840989505,9.93113485836335,9.926526944408343
2021-08-01 23:00:00,7.13105038417971,7.316104249606036,7.314264481084764
2021-08-02 00:00:00,5.602967562005879,5.7483505631962455,5.746904872138154
2021-08-02 01:00:00,4.8898639621672,5.016781251505424,5.015480615684207
2021-08-02 02:00:00,4.584261914143393,4.703645379864067,4.702013077203945
2021-08-02 03:00:00,4.584328862341673,4.705558697642542,4.702013077203945
2021-08-02 04:00:00,4.890023044387064,5.021327674670211,5.015480615684207
2021-08-02 05:00:00,5.908828645399281,6.0688894268617215,6.060372410618416
2021-08-02 06:00:00,8.659496466648209,8.89423958029977,8.881580256940785
2021-08-02 07:00:00,10.696950243559238,10.984864020092635,10.971363846809203
2021-08-02 08:00:00,11.206224289088487,11.504965197665983,11.493809744276309
2021-08-02 09:00:00,10.696782431351382,10.980068101920427,10.971363846809203
2021-08-02 10:00:00,10.187365490569318,10.455883109775568,10.448917949342098
2021-08-02 11:00:00,10.391064517566171,10.663620893650082,10.657896308328942
2021-08-02 12:00:00,10.696673589087544,10.976957490375977,10.971363846809203
2021-08-02 13:00:00,10.187295348874487,10.453878524810216,10.448917949342098
2021-08-02 14:00:00,9.98353749459841,10.244459511536224,10.239939590355256
2021-08-02 15:00:00,11.206006642970562,11.498745072292387,11.493809744276309
2021-08-02 16:00:00,14.771586745246333,15.158366479579925,15.150931026546042
2021-08-02 17:00:00,18.846489547233322,19.339479556100653,19.33049820628288
2021-08-02 18:00:00,19.35583907890008,19.861738057883365,19.852944103749987
2021-08-02 19:00:00,17.82776292215896,18.294174863394886,18.28560641134867
2021-08-02 20:00:00,15.280971921163236,15.681643661166666,15.673376924013148
2021-08-02 21:00:00,12.734152617667165,13.068303599574348,13.061147436677622
2021-08-02 22:00:00,9.677930919710938,9.931194266305223,9.926472051874994
2021-08-02 23:00:00,7.131051214135802,7.3161279689858745,7.314242564539468
2021-08-03 00:00:00,5.602956200094776,5.748025850253003,5.746904872138154
2021-08-03 01:00:00,4.889853740267788,5.016489119045152,5.015480615684207
2021-08-03 02:00:00,4.584249085622658,4.703278752569761,4.702013077203945
2021-08-03 03:00:00,4.584300996758638,4.704762324972329,4.702013077203945
2021-08-03 04:00:00,4.889977091440178,5.020014381818306,5.015480615684207
2021-08-03 05:00:00,5.908761708842632,6.066976441790308,6.060372410618416
2021-08-03 06:00:00,8.659396975055028,8.89139620230117,8.881580256940785
2021-08-03 07:00:00,10.696844143595591,10.981831780959244,10.971363846809203
2021-08-03 08:00:00,11.206136616643533,11.502459600025956,11.493809744276309
2021-08-03 09:00:00,10.696714023255318,10.978113061609376,10.971363846809203
2021-08-03 10:00:00,10.187310750289083,10.45431868303872,10.448917949342098
2021-08-03 11:00:00,10.391019527158885,10.662335109292446,10.657896308328942
2021-08-03 12:00:00,10.696629627771891,10.975701116508372,10.971363846809203
2021-08-03 13:00:00,10.187256362939584,10.452764342736936,10.448917949342098
2021-08-03 14:00:00,9.983501971834153,10.243444303686886,10.239939590355256
2021-08-03 15:00:00,11.205967855459313,11.497636560984251,11.493809744276309
2021-08-03 16:00:00,14.771528308863331,15.156696421633965,15.150931026546042
2021-08-03 17:00:00,18.84641896140682,19.337462278261594,19.33049820628288
2021-08-03 18:00:00,19.355769965845433,19.85976287050609,19.852944103749987
2021-08-03 19:00:00,17.827695581360327,18.292250325460326,18.28560641134867
2021-08-03 20:00:00,15.280906951588918,15.679786890636684,15.673376924013148
2021-08-03 21:00:00,12.734096376268834,13.066696272266407,13.061147436677622
2021-08-03 22:00:00,9.67789380709254,9.930133621890445,9.926472051874994
2021-08-03 23:00:00,7.131036396448723,7.3157044931515545,7.314242564539468
2021-08-04 00:00:00,5.60296785409864,5.748358910938048,5.746905979528153
2021-08-04 01:00:00,4.889864224952466,5.016788761666017,5.015481611962833
2021-08-04 02:00:00,4.584262422194437,4.703659899494435,4.70201433141706
2021-08-04 03:00:00,4.584331135714415,4.705623668539364,4.702015827015527
2021-08-04 04:00:00,4.8900255050513755,5.0213979981874095,5.0154851223385
2021-08-04 05:00:00,5.908832229682929,6.068991862383529,6.060378975157599
2021-08-04 06:00:00,8.659499024384658,8.89431267804925,8.881589953900583
2021-08-04 07:00:00,10.696952971184112,10.98494197309665,10.971374187854602
2021-08-04 08:00:00,11.206226542977497,11.505029611735683,11.493818289281439
2021-08-04 09:00:00,10.696784189991236,10.980118362225936,10.971370514212309
2021-08-04 10:00:00,10.187366897836059,10.455923328161498,10.448923284609931
2021-08-04 11:00:00,10.391065674182535,10.663653948679315,10.657900693324263
2021-08-04 12:00:00,10.696674719247952,10.976989789318388,10.971368131503988
2021-08-04 13:00:00,10.187296351127479,10.453907168276583,10.448921749110816
2021-08-04 14:00:00,9.983538407819982,10.2444856105667,10.239943052585641
2021-08-04 15:00:00,11.206007640122467,11.49877356997435,11.493813524705644
2021-08-04 16:00:00,14.77158824753273,15.15840941353996,15.150936722054963
2021-08-04 17:00:00,18.846491361858412,19.33953141641264,19.33050508593874
2021-08-04 18:00:00,19.355840855663054,19.86178883613098,19.85295083986197
2021-08-04 19:00:00,17.82776465336066,18.294224339543288,18.285612974727506
2021-08-04 20:00:00,15.280973591405347,15.681691395146148,15.67338325628033
2021-08-04 21:00:00,12.734154063524748,13.068344920850993,13.061152918252109
2021-08-04 22:00:00,9.677931873804583,9.931221533421928,9.926475669060698
2021-08-04 23:00:00,7.13105159506988,7.316138855730608,7.314244008747076
2021-08-05 00:00:00,5.602964791201746,5.748271376168914,5.74690962279433
2021-08-05 01:00:00,4.889861469375198,5.01671000980842,5.015484889677299
2021-08-05 02:00:00,4.584258785680413,4.703555971276639,4.702018441080734
2021-08-05 03:00:00,4.5843220668235665,4.705364488000719,4.702024728395628
2021-08-05 04:00:00,4.890011837943537,5.021007404846902,5.015499829586599
2021-08-05 05:00:00,5.908812321729249,6.068422911423125,6.060400398213404
2021-08-05 06:00:00,8.659472203853415,8.89354617199568,8.881621856487488
2021-08-05 07:00:00,10.696924369195754,10.984124554641294,10.971408209455854
2021-08-05 08:00:00,11.206202908603235,11.504354163110902,11.493846401986293
2021-08-05 09:00:00,10.696765748820289,10.979591330563549,10.97139244968605
2021-08-05 10:00:00,10.187352141178241,10.455501596487148,10.448940837415064
2021-08-05 11:00:00,10.391053545855048,10.663307332262432,10.657915119773097
2021-08-05 12:00:00,10.696662868338722,10.976651101259488,10.971382227968306
2021-08-05 13:00:00,10.187285841460765,10.453606811692138,10.448934250188913
2021-08-05 14:00:00,9.983528831740454,10.244211935043245,10.239954443176922
2021-08-05 15:00:00,11.205997183945977,11.498474742091265,11.493825962157983
2021-08-05 16:00:00,14.771572494494848,15.157959206242152,15.15095546003802
2021-08-05 17:00:00,18.846472333623918,19.338987607015465,19.330527719715047
2021-08-05 18:00:00,19.35582222445229,19.861256373306002,19.85297300138498
2021-08-05 19:00:00,17.82774649990733,18.293705530585108,18.28563456796581
2021-08-05 20:00:00,15.280956077176835,15.681190854643962,15.673404089171072
2021-08-05 21:00:00,12.734138902201739,13.067911624218535,13.061170952399925
2021-08-05 22:00:00,9.677921869138768,9.930935609297517,9.926487569448419
2021-08-05 23:00:00,7.131047600579223,7.31602469687072,7.314248760128924
2021-08-06 00:00:00,5.602973677480561,5.748539724839567,5.746904872138154
2021-08-06 01:00:00,4.8898696223302345,5.01695599738642,5.015480615684207
2021-08-06 02:00:00,4.584268819011163,4.703858958727863,4.702013077203945
2021-08-06 03:00:00,4.584344725364086,4.7060475523475676,4.702013077203945
2021-08-06 04:00:00,4.890050639792094,5.022175239871724,5.015480615684207
2021-08-06 05:00:00,5.908865710117713,6.07003372373761,6.060372410618416
2021-08-06 06:00:00,8.659550017350528,8.895895991188198,8.881580256940785
2021-08-06 07:00:00,10.697007351173937,10.986630452103908,10.971363846809203
2021-08-06 08:00:00,11.206606455014512,11.506759811286818,11.493809744276309
2021-08-06 09:00:00,10.69681925156374,10.98120701136551,10.971363846809203
2021-08-06 10:00:00,10.187394954168786,10.456794467140767,10.448917949342098
2021-08-06 11:00:00,10.391088733359998,10.664369927795809,10.657896308328942
2021-08-06 12:00:00,10.696697250979499,10.977689391430028,10.971363846809203
2021-08-06 13:00:00,10.187316332800144,10.454527591982707,10.448917949342098
2021-08-06 14:00:00,9.983556614495013,10.245050921238517,10.239939590355256
2021-08-06 15:00:00,11.206027520095978,11.499390835958577,11.493809744276309
2021-08-06 16:00:00,14.771618198249051,15.159339372444451,15.150931026546042
2021-08-06 17:00:00,18.846527539594913,19.340654722040338,19.33049820628288
2021-08-06 18:00:00,19.3558762785518,19.86288870400921,19.852944103749987
2021-08-06 19:00:00,17.827799167905425,18.295296003669442,18.28560641134867
2021-08-06 20:00:00,15.281006890613648,15.682725323515003,15.673376924013148
2021-08-06 21:00:00,12.734182889233676,13.069239948682858,13.061147436677622
2021-08-06 22:00:00,9.677950895336181,9.93181214509526,9.926472051874994
2021-08-06 23:00:00,7.131059189659405,7.316374664987356,7.314242564539468
2021-08-07 00:00:00,5.602923313763486,5.747085989226988,5.746904872138154
2021-08-07 01:00:00,4.889824153628053,5.01564356016135,5.015480615684207
2021-08-07 02:00:00,4.584211954282773,4.702217573112142,4.702013077203945
2021-08-07 03:00:00,4.584220341595337,4.702457274771851,4.702013077203945
2021-08-07 04:00:00,4.889844083549032,5.016213138926885,5.015480615684207
2021-08-07 05:00:00,5.908567965223472,6.061439427792595,6.060372410618416
2021-08-07 06:00:00,8.659109002946769,8.883166224966631,8.881580256940785
2021-08-07 07:00:00,10.696537043978017,10.973055157044652,10.971363846809203
2021-08-07 08:00:00,11.205882854310419,11.49520730652258,11.493809744276309
2021-08-07 09:00:00,10.69651602035863,10.972454321387008,10.971363846809203
2021-08-07 10:00:00,10.187152308018707,10.44979054904029,10.448917949342098
2021-08-07 11:00:00,10.39088930527758,10.658613487993533,10.657896308328942
2021-08-07 12:00:00,10.696502384531072,10.972064622008105,10.971363846809203
2021-08-07 13:00:00,10.187143520622879,10.449539413369767,10.448917949342098
2021-08-07 14:00:00,9.983399153445307,10.240505848935518,10.239939590355256
2021-08-07 15:00:00,11.205855587467303,11.49442804528724,11.493809744276309
2021-08-07 16:00:00,14.771359168457852,15.151862544798242,15.150931026546042
2021-08-07 17:00:00,18.84621465520745,19.331623395460536,19.33049820628288
2021-08-07 18:00:00,19.355569922490833,19.854045815877942,19.852944103749987
2021-08-07 19:00:00,17.82750066768838,18.286679872432725,18.28560641134867
2021-08-07 20:00:00,15.280718901275403,15.674412586064884,15.673376924013148
2021-08-07 21:00:00,12.733933589107309,13.062043965285046,13.061147436677622
2021-08-07 22:00:00,9.677786386971688,9.927063653881289,9.926472051874994
2021-08-07 23:00:00,7.1309935075929785,7.314478769199306,7.314242564539468
2021-08-08 00:00:00,5.602984253172324,5.748973533394854,5.746904872138154
2021-08-08 01:00:00,4.889928225371287,5.017430597395775,5.015480615684207
2021-08-08 02:00:00,4.5846182054698925,4.704757642560761,4.702013077203945
2021-08-08 03:00:00,4.584826697240993,4.707762203680259,4.702013077203945
2021-08-08 04:00:00,4.890531210157351,5.024622303485736,5.015480615684207
2021-08-08 05:00:00,5.909195841453571,6.073547725567931,6.060372410618416
2021-08-08 06:00:00,8.659638976967905,8.899582523349471,8.881580256940785
2021-08-08 07:00:00,10.697092614141724,10.990266494998183,10.971363846809203
2021-08-08 08:00:00,11.20634193264488,11.50942936680903,11.493809744276309
2021-08-08 09:00:00,10.696874224978345,10.98355135497375,10.971363846809203
2021-08-08 10:00:00,10.187438943993007,10.458670415068983,10.448917949342098
2021-08-08 11:00:00,10.39112488809102,10.665911747840829,10.657896308328942
2021-08-08 12:00:00,10.696732578722425,10.979195944532503,10.971363846809203
2021-08-08 13:00:00,10.187347662278473,10.455863638921048,10.448917949342098
2021-08-08 14:00:00,9.983585160935561,10.246268285412127,10.239939590355256
2021-08-08 15:00:00,11.20605869011912,11.500720082923566,11.493809744276309
2021-08-08 16:00:00,14.771665158297578,15.161341985714815,15.150931026546042
2021-08-08 17:00:00,18.84658426305498,19.343073696412024,19.33049820628288
2021-08-08 18:00:00,19.35593181847801,19.86525720652899,19.852944103749987
2021-08-08 19:00:00,17.82785328362938,18.297603771023493,18.28560641134867
2021-08-08 20:00:00,15.28105910079857,15.684951829075704,15.673376924013148
2021-08-08 21:00:00,12.73422808537107,13.071167339887744,13.061147436677622
2021-08-08 22:00:00,9.677980719399057,9.933083993527411,9.926472051874994
2021-08-08 23:00:00,7.131071097297566,7.316882466724139,7.314242564539468
2021-08-09 00:00:00,5.602961239437455,5.7482052323125865,5.746904872138154
2021-08-09 01:00:00,4.88985827398166,5.016650502579394,5.015480615684207
2021-08-09 02:00:00,4.584254775449965,4.7034812894889715,4.702013077203945
2021-08-09 03:00:00,4.584313355966573,4.705202267305247,4.702013077203945
2021-08-09 04:00:00,4.889997472927447,5.020739887781384,5.015480615684207
2021-08-09 05:00:00,5.908791397179715,6.068033237366846,6.060372410618416
2021-08-09 06:00:00,8.659441102510982,8.892966977387838,8.881580256940785
2021-08-09 07:00:00,10.696891202058751,10.983506889119294,10.971363846809203
2021-08-09 08:00:00,11.20691477178958,11.50458304401596,11.493809744276309
2021-08-09 09:00:00,10.69682844431838,10.97927716993185,10.971363846809203
2021-08-09 10:00:00,10.187335029217861,10.455182923580905,10.448917949342098
2021-08-09 11:00:00,10.391039481731452,10.663045418662778,10.657896308328942
2021-08-09 12:00:00,10.696649125911966,10.976395178561239,10.971363846809203
2021-08-09 13:00:00,10.187273654351555,10.453379853387853,10.448917949342098
2021-08-09 14:00:00,9.983517727227799,10.244005137736497,10.239939590355256
2021-08-09 15:00:00,11.205985058864542,11.498248938918866,11.493809744276309
2021-08-09 16:00:00,14.7715542271227,15.157619016313987,15.150931026546042
2021-08-09 17:00:00,18.846450268302714,19.33857668857708,19.33049820628288
2021-08-09 18:00:00,19.35580061952357,19.860854028672627,19.852944103749987
2021-08-09 19:00:00,17.827725448990655,18.29331350321666,18.28560641134867
2021-08-09 20:00:00,15.280935767511323,15.68081263146031,15.673376924013148
2021-08-09 21:00:00,12.734121320987764,13.067584212488454,13.061147436677622
2021-08-09 22:00:00,9.67791026763339,9.930719556586208,9.926472051874994
2021-08-09 23:00:00,7.131042968529971,7.315938435065251,7.314242564539468
2021-08-10 00:00:00,5.602956549749555,5.748089838225277,5.746904872138154
2021-08-10 01:00:00,4.889854054839514,5.016546686703472,5.015480615684207
2021-08-10 02:00:00,4.5842494804113105,4.703351000189175,4.702013077203945
2021-08-10 03:00:00,4.584301854302247,4.704919258268034,4.702013077203945
2021-08-10 04:00:00,4.8901066451735025,5.020532529156271,5.015480615684207
2021-08-10 05:00:00,5.908773374288464,6.0676410378568555,6.060372410618416
2021-08-10 06:00:00,8.659402191216184,8.89202102834644,8.881580256940785
2021-08-10 07:00:00,10.696847408746933,10.982429314373396,10.971363846809203
2021-08-10 08:00:00,11.207123686221774,11.503937724923828,11.493809744276309
2021-08-10 09:00:00,10.696716128466091,10.978498322091971,10.971363846809203
2021-08-10 10:00:00,10.18731243488249,10.454626969162648,10.448917949342098
2021-08-10 11:00:00,10.39102091170685,10.66258848611508,10.657896308328942
2021-08-10 12:00:00,10.696630980650289,10.97594869769625,10.971363846809203
2021-08-10 13:00:00,10.187257562704158,10.452983903592445,10.448917949342098
2021-08-10 14:00:00,9.9835030650221,10.24364436066973,10.239939590355256
2021-08-10 15:00:00,11.205969049117542,11.497855004358085,11.493809744276309
2021-08-10 16:00:00,14.77153010720169,15.157025523456872,15.150931026546042
2021-08-10 17:00:00,18.846421133635708,19.33785980327906,19.33049820628288
2021-08-10 18:00:00,19.35577209275081,19.860152101172012,19.852944103749987
2021-08-10 19:00:00,17.827697653725778,18.292629575140882,18.28560641134867
2021-08-10 20:00:00,15.280908950981617,15.680152786064209,15.673376924013148
2021-08-10 21:00:00,12.734098107058093,13.06701301238212,13.061147436677622
2021-08-10 22:00:00,9.677894949207124,9.930342632608427,9.926472051874994
2021-08-10 23:00:00,7.131036852452563,7.315787943351212,7.314242564539468
2021-08-11 00:00:00,5.602950499809361,5.747862941351686,5.746904872138154
2021-08-11 01:00:00,4.889848611927705,5.016342555814051,5.015480615684207
2021-08-11 02:00:00,4.584242649537303,4.703094815184598,4.702013077203945
2021-08-11 03:00:00,4.5842870165597835,4.704362783779272,4.702013077203945
2021-08-11 04:00:00,4.889954036787614,5.019355501105156,5.015480615684207
2021-08-11 05:00:00,5.908728739527863,6.066034209172984,6.060372410618416
2021-08-11 06:00:00,8.65934705999475,8.889969675901705,8.881580256940785
2021-08-11 07:00:00,10.69679091310735,10.980310502685514,10.971363846809203
2021-08-11 08:00:00,11.206092631265122,11.501202538466892,11.493809744276309
2021-08-11 09:00:00,10.696679702825527,10.977132215370466,10.971363846809203
2021-08-11 10:00:00,10.187283287020072,10.453533808132445,10.448917949342098
2021-08-11 11:00:00,10.390996955413677,10.661690029626257,10.657896308328942
2021-08-11 12:00:00,10.696607572323279,10.975070792122866,10.971363846809203
2021-08-11 13:00:00,10.187236803645892,10.452205356157549,10.448917949342098
2021-08-11 14:00:00,9.983484150017631,10.242934972602963,10.239939590355256
2021-08-11 15:00:00,11.205948395715028,11.497080419435031,11.493809744276309
2021-08-11 16:00:00,14.771498991254811,15.155858551414205,15.150931026546042
2021-08-11 17:00:00,18.846383548406866,19.336450207374824,19.33049820628288
2021-08-11 18:00:00,19.355735291737016,19.858771916458135,19.852944103749987
2021-08-11 19:00:00,17.82766179639503,18.291284782302935,18.28560641134867
2021-08-11 20:00:00,15.280874356269907,15.678855346473338,15.673376924013148
2021-08-11 21:00:00,12.734068159886945,13.065889874088436,13.061147436677622
2021-08-11 22:00:00,9.67787518764415,9.929601495223194,9.926472051874994
2021-08-11 23:00:00,7.131028962396054,7.315492034780741,7.314242564539468
2021-08-12 00:00:00,5.602956545951735,5.748035734525982,5.746904872138154
2021-08-12 01:00:00,4.889854051422753,5.016498011567128,5.015480615684207
2021-08-12 02:00:00,4.584249476123263,4.703289912717004,4.702013077203945
2021-08-12 03:00:00,4.584301844987928,4.704786566583355,4.702013077203945
2021-08-12 04:00:00,4.889983535652874,5.020198551475385,5.015480615684207
2021-08-12 05:00:00,5.9087802587760985,6.067506581785167,6.060372410618416
2021-08-12 06:00:00,8.659406511811268,8.891668754001257,8.881580256940785
2021-08-12 07:00:00,10.696847373282075,10.981924082421058,10.971363846809203
2021-08-12 08:00:00,11.206139285395723,11.502535870502895,11.493809744276309
2021-08-12 09:00:00,10.696716105600078,10.978172573102592,10.971363846809203
2021-08-12 10:00:00,10.187312416585065,10.454366304241518,10.448917949342098
2021-08-12 11:00:00,10.391020896668406,10.662374248611796,10.657896308328942
2021-08-12 12:00:00,10.696630965955828,10.97573936057141,10.971363846809203
2021-08-12 13:00:00,10.187257549672761,10.452798258476944,10.448917949342098
2021-08-12 14:00:00,9.983503053148299,10.243475206648167,10.239939590355256
2021-08-12 15:00:00,11.205969036152469,11.497670304105977,11.493809744276309
2021-08-12 16:00:00,14.771530087668808,15.156747258254347,15.150931026546042
2021-08-12 17:00:00,18.846421110041764,19.337523684267268,19.33049820628288
2021-08-12 18:00:00,19.355772069649156,19.859822995276684,19.852944103749987
2021-08-12 19:00:00,17.827697631216516,18.29230890846017,18.28560641134867
2021-08-12 20:00:00,15.280908929264958,15.679843410794438,15.673376924013148
2021-08-12 21:00:00,12.734098088258904,13.066745199364046,13.061147436677622
2021-08-12 22:00:00,9.6778949368019,9.930165907942317,9.926472051874994
2021-08-12 23:00:00,7.131036847499619,7.31571738377028,7.314242564539468
2021-08-13 00:00:00,5.602951522554309,5.747892170459288,5.746904872138154
2021-08-13 01:00:00,4.889849532054248,5.016368852182252,5.015480615684207
2021-08-13 02:00:00,4.584243804299442,4.703127817221807,4.702013077203945
2021-08-13 03:00:00,4.584289524886421,4.7044344694418045,4.702013077203945
2021-08-13 04:00:00,4.88995817325232,5.019473717452488,5.015480615684207
2021-08-13 05:00:00,5.908734151995048,6.066188892494693,6.060372410618416
2021-08-13 06:00:00,8.659356015752577,8.890225623202866,8.881580256940785
2021-08-13 07:00:00,10.696800463719109,10.980583450363609,10.971363846809203
2021-08-13 08:00:00,11.2061005231197,11.50142808039416,11.493809744276309
2021-08-13 09:00:00,10.696685860595467,10.977308198757662,10.971363846809203
2021-08-13 10:00:00,10.187288214478537,10.453674630352129,10.448917949342098
2021-08-13 11:00:00,10.391001005235168,10.661805769790375,10.657896308328942
2021-08-13 12:00:00,10.696611529510857,10.975183884895202,10.971363846809203
2021-08-13 13:00:00,10.18724031297347,10.452305649503984,10.448917949342098
2021-08-13 14:00:00,9.983487347607134,10.243026356762677,10.239939590355256
2021-08-13 15:00:00,11.205951887181456,11.497180202326282,11.493809744276309
2021-08-13 16:00:00,14.771504251418786,15.156008882050603,15.150931026546042
2021-08-13 17:00:00,18.84638990220569,19.336631793086905,19.33049820628288
2021-08-13 18:00:00,19.35574151296396,19.858949713387965,19.852944103749987
2021-08-13 19:00:00,17.827667858091953,18.291458020011948,18.28560641134867
2021-08-13 20:00:00,15.28088020452055,15.679022484084399,15.673376924013148
2021-08-13 21:00:00,12.73407322246889,13.06603455801254,13.061147436677622
2021-08-13 22:00:00,9.677878528344728,9.929696969365425,9.926472051874994
2021-08-13 23:00:00,7.131030296213443,7.315530154051887,7.314242564539468
2021-08-14 00:00:00,5.602940677777145,5.747582236727169,5.746904872138154
2021-08-14 01:00:00,4.889839775401487,5.016090016042302,5.015480615684207
2021-08-14 02:00:00,4.584231559664937,4.702777876857599,4.702013077203945
2021-08-14 03:00:00,4.584262927596944,4.703674343432126,4.702013077203945
2021-08-14 04:00:00,4.889914311839873,5.0182201987264,5.015480615684207
2021-08-14 05:00:00,5.908670262035471,6.064362976358576,6.060372410618416
2021-08-14 06:00:00,8.659261052489086,8.887511660691445,8.881580256940785
2021-08-14 07:00:00,10.696699192863129,10.977689222674659,10.971363846809203
2021-08-14 08:00:00,11.206016841059482,11.499036524270744,11.493809744276309
2021-08-14 09:00:00,10.696620566073145,10.97544214151338,10.971363846809203
2021-08-14 10:00:00,10.187235965685554,10.452181408023696,10.448917949342098
2021-08-14 11:00:00,10.390958062552624,10.660578507517785,10.657896308328942
2021-08-14 12:00:00,10.696569569081154,10.97398469450311,10.971363846809203
2021-08-14 13:00:00,10.187203101471567,10.451242179089824,10.448917949342098
2021-08-14 14:00:00,9.983453441650717,10.242057355790676,10.239939590355256
2021-08-14 15:00:00,11.205914865072016,11.49612214457411,11.493809744276309
2021-08-14 16:00:00,14.771448474750033,15.154414836285506,15.150931026546042
2021-08-14 17:00:00,18.84632252907167,19.334706331036823,19.33049820628288
2021-08-14 18:00:00,19.35567554556903,19.857064426065065,19.852944103749987
2021-08-14 19:00:00,17.827603582289345,18.28962107683774,18.28560641134867
2021-08-14 20:00:00,15.280818192016703,15.677250223901904,15.673376924013148
2021-08-14 21:00:00,12.734019540880746,13.064500387719498,13.061147436677622
2021-08-14 22:00:00,9.6778431048959,9.92868459985948,9.926472051874994
2021-08-14 23:00:00,7.131016152948897,7.315125952591719,7.314242564539468
2021-08-15 00:00:00,5.6029218243045475,5.747043421863822,5.746904872138154
2021-08-15 01:00:00,4.889822813615856,5.01560526384829,5.015480615684207
2021-08-15 02:00:00,4.584210272562618,4.702169511100731,4.702013077203945
2021-08-15 03:00:00,4.584216688632258,4.702352876455203,4.702013077203945
2021-08-15 04:00:00,4.889838059472014,5.016040976360121,5.015480615684207
2021-08-15 05:00:00,5.908559190357009,6.0611886501997665,6.060372410618416
2021-08-15 06:00:00,8.659095960366031,8.882793480034826,8.881580256940785
2021-08-15 07:00:00,10.696523135090866,10.972657653874286,10.971363846809203
2021-08-15 08:00:00,11.205871361128882,11.494878841991335,11.493809744276309
2021-08-15 09:00:00,10.696507052584694,10.972198030676532,10.971363846809203
2021-08-15 10:00:00,10.187145131990043,10.449585464757574,10.448917949342098
2021-08-15 11:00:00,10.390883407382084,10.658444931578261,10.657896308328942
2021-08-15 12:00:00,10.696496621541552,10.97189992108131,10.971363846809203
2021-08-15 13:00:00,10.187138409867414,10.44939335269084,10.448917949342098
2021-08-15 14:00:00,9.98339449668481,10.240372763014213,10.239939590355256
2021-08-15 15:00:00,11.20585050272365,11.4942827280019,11.493809744276309
2021-08-15 16:00:00,14.771351507898613,15.151643613078479,15.150931026546042
2021-08-15 17:00:00,18.846205401949845,19.331358945890017,19.33049820628288
2021-08-15 18:00:00,19.355560862302262,19.853786884042428,19.852944103749987
2021-08-15 19:00:00,17.82749183982891,18.286427580348615,18.28560641134867
2021-08-15 20:00:00,15.280710384265157,15.674169177764995,15.673376924013148
2021-08-15 21:00:00,12.733926216293638,13.061833257068242,13.061147436677622
2021-08-15 22:00:00,9.677781521793571,9.92692461157659,9.926472051874994
2021-08-15 23:00:00,7.130991565108455,7.31442325478263,7.314242564539468
2021-08-16 00:00:00,5.60295269810493,5.747925766612103,5.746904872138154
2021-08-16 01:00:00,4.889850589654512,5.016399077422673,5.015480615684207
2021-08-16 02:00:00,4.584245131591599,4.703165750007864,4.702013077203945
2021-08-16 03:00:00,4.58429240797564,4.704516865473386,4.702013077203945
2021-08-16 04:00:00,4.889962927735496,5.019609596197891,5.015480615684207
2021-08-16 05:00:00,5.908741077529842,6.066386817893512,6.060372410618416
2021-08-16 06:00:00,8.65936630956697,8.89051981092695,8.881580256940785
2021-08-16 07:00:00,10.696811441263016,10.980897178446881,10.971363846809203
2021-08-16 08:00:00,11.206109594075814,11.501687319956241,11.493809744276309
2021-08-16 09:00:00,10.696692938381851,10.977510475366637,10.971363846809203
2021-08-16 10:00:00,10.187293878135804,10.453836492454682,10.448917949342098
2021-08-16 11:00:00,10.39100566012999,10.661938802392449,10.657896308328942
2021-08-16 12:00:00,10.696616077931575,10.975313874565547,10.971363846809203
2021-08-16 13:00:00,10.187244346620584,10.452420927419375,10.448917949342098
2021-08-16 14:00:00,9.983491022940198,10.243131394392854,10.239939590355256
2021-08-16 15:00:00,11.205955900298832,11.497294893520706,11.493809744276309
2021-08-16 16:00:00,14.771510297490229,15.15618167319777,15.150931026546042
2021-08-16 17:00:00,18.846397205309135,19.33684050904961,19.33049820628288
2021-08-16 18:00:00,19.355748663688296,19.85915407449628,19.852944103749987
2021-08-16 19:00:00,17.827674825451304,18.291657140718076,18.28560641134867
2021-08-16 20:00:00,15.280886926543161,15.679214593292752,15.673376924013148
2021-08-16 21:00:00,12.734079041438081,13.066200858786763,13.061147436677622
2021-08-16 22:00:00,9.677882368170717,9.929806708051805,9.926472051874994
2021-08-16 23:00:00,7.131031829313032,7.315573968624541,7.314242564539468
2021-08-17 00:00:00,5.602962824312378,5.748215164284305,5.746904872138154
2021-08-17 01:00:00,4.8898596998361565,5.016659438014196,5.015480615684207
2021-08-17 02:00:00,4.584256564902515,4.703492503491967,4.702013077203945
2021-08-17 03:00:00,4.584317242941516,4.705226625899514,4.702013077203945
2021-08-17 04:00:00,4.890003882911865,5.020780057376513,5.015480615684207
2021-08-17 05:00:00,5.9088007341714475,6.068091749705271,6.060372410618416
2021-08-17 06:00:00,8.659454980610326,8.893053947588605,8.881580256940785
2021-08-17 07:00:00,10.696906001960823,10.983599636002166,10.971363846809203
2021-08-17 08:00:00,11.206187731402997,11.503920412721984,11.493809744276309
2021-08-17 09:00:00,10.696753906520549,10.979252888556053,10.971363846809203
2021-08-17 10:00:00,10.187342664948913,10.455230774590325,10.448917949342098
2021-08-17 11:00:00,10.391045757451057,10.663084746857544,10.657896308328942
2021-08-17 12:00:00,10.696655258083403,10.976433607179436,10.971363846809203
2021-08-17 13:00:00,10.18727909250628,10.453413932795746,10.448917949342098
2021-08-17 14:00:00,9.983522682304262,10.244036189826833,10.239939590355256
2021-08-17 15:00:00,11.205990469341119,11.498282844875465,11.493809744276309
2021-08-17 16:00:00,14.771562378423756,15.157670098257695,15.150931026546042
2021-08-17 17:00:00,18.846460114331723,19.338638390910983,19.33049820628288
2021-08-17 18:00:00,19.35581026011538,19.86091444358856,19.852944103749987
2021-08-17 19:00:00,17.82773484237017,18.293372368921688,18.28560641134867
2021-08-17 20:00:00,15.280944830128357,15.680869424368547,15.673376924013148
2021-08-17 21:00:00,12.734129166110032,13.067633375694589,13.061147436677622
2021-08-17 22:00:00,9.677915444478876,9.930751998441542,9.926472051874994
2021-08-17 23:00:00,7.131045035451676,7.315951387890499,7.314242564539468
2021-08-18 00:00:00,5.602936422816964,5.747460633888416,5.746904872138154
2021-08-18 01:00:00,4.8898359473681055,5.015980614377846,5.015480615684207
2021-08-18 02:00:00,4.584226755469198,4.7026405773729945,4.702013077203945
2021-08-18 03:00:00,4.584252492121331,4.703376107160925,4.702013077203945
2021-08-18 04:00:00,4.8898971027667315,5.017728379283322,5.015480615684207
2021-08-18 05:00:00,5.908645194739958,6.0636465761656755,6.060372410618416
2021-08-18 06:00:00,8.659223793548795,8.886446834531991,8.881580256940785
2021-08-18 07:00:00,10.69665945913203,10.976553669275654,10.971363846809203
2021-08-18 08:00:00,11.205984008311638,11.498098194610222,11.493809744276309
2021-08-18 09:00:00,10.696594947695903,10.97470999191279,10.971363846809203
2021-08-18 10:00:00,10.187215465814486,10.451595540610088,10.448917949342098
2021-08-18 11:00:00,10.390941213944162,10.660096989822952,10.657896308328942
2021-08-18 12:00:00,10.69655310586067,10.97351419084129,10.971363846809203
2021-08-18 13:00:00,10.187188501498099,10.450824925309773,10.448917949342098
2021-08-18 14:00:00,9.983440138611638,10.241677167199574,10.239939590355256
2021-08-18 15:00:00,11.205900339406888,11.495707014457913,11.493809744276309
2021-08-18 16:00:00,14.771426590713048,15.153789410686256,15.150931026546042
2021-08-18 17:00:00,18.84629609514886,19.33395087389572,19.33049820628288
2021-08-18 18:00:00,19.35564966318949,19.856324731522104,19.852944103749987
2021-08-18 19:00:00,17.8275783636079,18.288900350174387,18.28560641134867
2021-08-18 20:00:00,15.280793861342996,15.676554875681092,15.673376924013148
2021-08-18 21:00:00,12.733998478850927,13.063898454327196,13.061147436677622
2021-08-18 22:00:00,9.67782920646701,9.928287395576653,9.926472051874994
2021-08-18 23:00:00,7.1310106038235865,7.314967363706773,7.314242564539468
2021-08-19 00:00:00,5.602926564549272,5.747178893687398,5.746904872138154
2021-08-19 01:00:00,4.889827078242144,5.015727142935474,5.015480615684207
2021-08-19 02:00:00,4.5842156246840355,4.702322469795991,4.702013077203945
2021-08-19 03:00:00,4.584228314289404,4.7026851270172,4.702013077203945
2021-08-19 04:00:00,4.889857231265572,5.016588888542989,5.015480615684207
2021-08-19 05:00:00,5.908587116614899,6.061986756901369,6.060372410618416
2021-08-19 06:00:00,8.659137468743936,8.883979751203265,8.881580256940785
2021-08-19 07:00:00,10.696567400513157,10.973922718829254,10.971363846809203
2021-08-19 08:00:00,11.205907938500504,11.495924189546791,11.493809744276309
2021-08-19 09:00:00,10.696535592776005,10.973013683029219,10.971363846809203
2021-08-19 10:00:00,10.18716796990193,10.450238151222045,10.448917949342098
2021-08-19 11:00:00,10.390902177599425,10.658981367083161,10.657896308328942
2021-08-19 12:00:00,10.696514962416847,10.972424086386331,10.971363846809203
2021-08-19 13:00:00,10.187154674989593,10.449858194885783,10.448917949342098
2021-08-19 14:00:00,9.983409316955306,10.24079631268022,10.239939590355256
2021-08-19 15:00:00,11.205866685062512,11.494745204325966,11.493809744276309
2021-08-19 16:00:00,14.771375887842602,15.152340369398564,15.150931026546042
2021-08-19 17:00:00,18.84623485070092,19.332200564042925,19.33049820628288
2021-08-19 18:00:00,19.35558969660573,19.854610941849405,19.852944103749987
2021-08-19 19:00:00,17.82751993473853,18.287230506961066,18.28560641134867
2021-08-19 20:00:00,15.280737489888425,15.67494383148575,15.673376924013148
2021-08-19 21:00:00,12.733949680479315,13.062503841860202,13.061147436677622
2021-08-19 22:00:00,9.67779700535897,9.927367117599301,9.926472051874994
2021-08-19 23:00:00,7.130997747119771,7.3145999309660406,7.314242564539468
2021-08-20 00:00:00,5.602934556129967,5.747407285695172,5.746904872138154
2021-08-20 01:00:00,4.889834267977504,5.015932618942901,5.015480615684207
2021-08-20 02:00:00,4.584224647827917,4.702580342928535,4.702013077203945
2021-08-20 03:00:00,4.5842479139899694,4.703245268387821,4.702013077203945
2021-08-20 04:00:00,4.88988955300088,5.017512613936397,5.015480615684207
2021-08-20 05:00:00,5.908634197505529,6.063332285345472,6.060372410618416
2021-08-20 06:00:00,8.659207447736751,8.885979686295089,8.881580256940785
2021-08-20 07:00:00,10.696642027608336,10.976055492400922,10.971363846809203
2021-08-20 08:00:00,11.205969604307631,11.497686541456646,11.493809744276309
2021-08-20 09:00:00,10.696583708697261,10.97438879169431,10.971363846809203
2021-08-20 10:00:00,10.187206472347766,10.451338515623526,10.448917949342098
2021-08-20 11:00:00,10.390933822317212,10.65988574394006,10.657896308328942
2021-08-20 12:00:00,10.696545883306682,10.973307776907781,10.971363846809203
2021-08-20 13:00:00,10.18718209636633,10.45064187254951,10.448917949342098
2021-08-20 14:00:00,9.983434302455944,10.241510375251005,10.239939590355256
2021-08-20 15:00:00,11.205893966874816,11.495524893366932,11.493809744276309
2021-08-20 16:00:00,14.771416990001041,15.153515031189274,15.150931026546042
2021-08-20 17:00:00,18.84628449836348,19.33361944846219,19.33049820628288
2021-08-20 18:00:00,19.355638308370803,19.85600022127363,19.852944103749987
2021-08-20 19:00:00,17.827567299959174,18.288584161295024,18.28560641134867
2021-08-20 20:00:00,15.28078318727078,15.676249820538986,15.673376924013148
2021-08-20 21:00:00,12.733989238760415,13.063634381059977,13.061147436677622
2021-08-20 22:00:00,9.677823109108777,9.928113138700295,9.926472051874994
2021-08-20 23:00:00,7.131008169375406,7.314897789422428,7.314242564539468
2021-08-21 00:00:00,5.602922095904468,5.747051183939154,5.746904872138154
2021-08-21 01:00:00,4.889823057964456,5.015612247105997,5.015480615684207
2021-08-21 02:00:00,4.584210579220996,4.702178275114411,4.702013077203945
2021-08-21 03:00:00,4.584217354742923,4.702371913283842,4.702013077203945
2021-08-21 04:00:00,4.889839157950664,5.016072369867093,5.015480615684207
2021-08-21 05:00:00,5.908560790436728,6.061234379002822,6.060372410618416
2021-08-21 06:00:00,8.659098338655093,8.882861449343343,8.881580256940785
2021-08-21 07:00:00,10.696525671349205,10.97273013779913,10.971363846809203
2021-08-21 08:00:00,11.205873456888032,11.494938736855508,11.493809744276309
2021-08-21 09:00:00,10.696508687840714,10.972244764785797,10.971363846809203
2021-08-21 10:00:00,10.187146440524819,10.449622861474992,10.448917949342098
2021-08-21 11:00:00,10.390884482851781,10.65847566751057,10.657896308328942
2021-08-21 12:00:00,10.69649767241141,10.971929953972845,10.971363846809203
2021-08-21 13:00:00,10.187139341803666,10.449419986569671,10.448917949342098
2021-08-21 14:00:00,9.98339534583597,10.240397030971392,10.239939590355256
2021-08-21 15:00:00,11.205851429916699,11.494309226324365,11.493809744276309
2021-08-21 16:00:00,14.77135290478659,15.151683534848933,15.150931026546042
2021-08-21 17:00:00,18.846207089263252,19.331407167751433,19.33049820628288
2021-08-21 18:00:00,19.355562514409907,19.85383409975567,19.852944103749987
2021-08-21 19:00:00,17.8274934495718,18.286473585316187,18.28560641134867
2021-08-21 20:00:00,15.280711937325298,15.67421356279191,15.673376924013148
2021-08-21 21:00:00,12.733927560711775,13.061871679299031,13.061147436677622
2021-08-21 22:00:00,9.677782408949277,9.926949965668623,9.926472051874994
2021-08-21 23:00:00,7.130991919316704,7.31443337772782,7.314242564539468
2021-08-22 00:00:00,5.6029280103721995,5.747220213973567,5.746904872138154
2021-08-22 01:00:00,4.8898283789966035,5.01576431729858,5.015480615684207
2021-08-22 02:00:00,4.584217257135587,4.702369123756153,4.702013077203945
2021-08-22 03:00:00,4.584231860233258,4.702786466823067,4.702013077203945
2021-08-22 04:00:00,4.8898630788579,5.016756007340049,5.015480615684207
2021-08-22 05:00:00,5.908595634408025,6.0622301875752385,6.060372410618416
2021-08-22 06:00:00,8.659150129222018,8.88434157599354,8.881580256940785
2021-08-22 07:00:00,10.696580901917864,10.974308576527052,10.971363846809203
2021-08-22 08:00:00,11.205919094971442,11.496243031199596,11.493809744276309
2021-08-22 09:00:00,10.69654429782508,10.973262465305398,10.971363846809203
2021-08-22 10:00:00,10.187174935697694,10.45043722724227,10.448917949342098
2021-08-22 11:00:00,10.390907902706918,10.659144985376532,10.657896308328942
2021-08-22 12:00:00,10.69652055657064,10.97258396214375,10.971363846809203
2021-08-22 13:00:00,10.187159636017542,10.449999976490338,10.448917949342098
2021-08-22 14:00:00,9.983413837288774,10.240925499642826,10.239939590355256
2021-08-22 15:00:00,11.205871620840705,11.494886264315804,11.493809744276309
2021-08-22 16:00:00,14.771383323973863,15.152552887173671,15.150931026546042
2021-08-22 17:00:00,18.84624383286997,19.332457266152673,19.33049820628288
2021-08-22 18:00:00,19.35559849136201,19.854862287874763,19.852944103749987
2021-08-22 19:00:00,17.827528503972147,18.287475407756844,18.28560641134867
2021-08-22 20:00:00,15.280745757379632,15.67518010876156,15.673376924013148
2021-08-22 21:00:00,12.733956837294967,13.062708377052633,13.061147436677622
2021-08-22 22:00:00,9.67780172800414,9.927502086443795,9.926472051874994
2021-08-22 23:00:00,7.130999632696195,7.314653819001684,7.314242564539468
2021-08-23 00:00:00,5.602955890988359,5.748017016276594,5.746904872138154
2021-08-23 01:00:00,4.889853462175953,5.016481171436916,5.015480615684207
2021-08-23 02:00:00,4.584248736616399,4.703268778292677,4.702013077203945
2021-08-23 03:00:00,4.584300238661652,4.704740659259497,4.702013077203945
2021-08-23 04:00:00,4.889976329652796,5.01999261063729,5.015480615684207
2021-08-23 05:00:00,5.908763469959561,6.067026772888345,6.060372410618416
2021-08-23 06:00:00,8.659394268336971,8.89131884679477,8.881580256940785
2021-08-23 07:00:00,10.696841257093546,10.981749287392152,10.971363846809203
2021-08-23 08:00:00,11.206134231471255,11.502391434001469,11.493809744276309
2021-08-23 09:00:00,10.69671216217919,10.978059873769642,10.971363846809203
2021-08-23 10:00:00,10.187309261052652,10.454276122034688,10.448917949342098
2021-08-23 11:00:00,10.391018303172578,10.662300128892317,10.657896308328942
2021-08-23 12:00:00,10.696628431782532,10.975666936235191,10.971363846809203
2021-08-23 13:00:00,10.18725530230792,10.452734030861926,10.448917949342098
2021-08-23 14:00:00,9.983501005419763,10.243416684454644,10.239939590355256
2021-08-23 15:00:00,11.205966800225864,11.497606403385213,11.493809744276309
2021-08-23 16:00:00,14.771526719072595,15.156650986880587,15.150931026546042
2021-08-23 17:00:00,18.846417041084457,19.337407397219092,19.33049820628288
2021-08-23 18:00:00,19.35576808559056,19.85970913455544,19.852944103749987
2021-08-23 19:00:00,17.827693749320556,18.292197967452847,18.28560641134867
2021-08-23 20:00:00,15.280905184059478,15.679736376274999,15.673376924013148
2021-08-23 21:00:00,12.734094846193745,13.066652544131099,13.061147436677622
2021-08-23 22:00:00,9.67789279742538,9.930104766533942,9.926472051874994
2021-08-23 23:00:00,7.131035993326209,7.315692972281791,7.314242564539468
2021-08-24 00:00:00,5.602974034576264,5.748535543289949,5.746904872138154
2021-08-24 01:00:00,4.889870264859666,5.01696137664481,5.015480615684207
2021-08-24 02:00:00,4.5842692222012245,4.7038542374186125,4.702013077203945
2021-08-24 03:00:00,4.584351870130077,4.70621623902119,4.702013077203945
2021-08-24 04:00:00,4.890061743557659,5.022433661283935,5.015480615684207
2021-08-24 05:00:00,5.908889465696886,6.070627614889008,6.060372410618416
2021-08-24 06:00:00,8.659573729670432,8.896447686235993,8.881580256940785
2021-08-24 07:00:00,10.697010685810232,10.98659140389639,10.971363846809203
2021-08-24 08:00:00,11.206274233685464,11.506392568197036,11.493809744276309
2021-08-24 09:00:00,10.696821401575033,10.98118183498053,10.971363846809203
2021-08-24 10:00:00,10.187396674611648,10.456774320952695,10.448917949342098
2021-08-24 11:00:00,10.391090147372216,10.664353369875338,10.657896308328942
2021-08-24 12:00:00,10.696698632648197,10.977673212248458,10.971363846809203
2021-08-24 13:00:00,10.187317558096638,10.454513243901673,10.448917949342098
2021-08-24 14:00:00,9.983557730946846,10.24503784771594,10.239939590355256
2021-08-24 15:00:00,11.206028739156178,11.499376560903846,11.493809744276309
2021-08-24 16:00:00,14.771620034857445,15.159317865971394,15.150931026546042
2021-08-24 17:00:00,18.84652975805051,19.340628744180343,19.33049820628288
2021-08-24 18:00:00,19.35587845071937,19.86286326817675,19.852944103749987
2021-08-24 19:00:00,17.82780128437242,18.295271220084327,18.28560641134867
2021-08-24 20:00:00,15.281008932554975,15.682701412616897,15.673376924013148
2021-08-24 21:00:00,12.734184656855472,13.069219250034926,13.061147436677622
2021-08-24 22:00:00,9.67795206175585,9.931798486455097,9.926472051874994
2021-08-24 23:00:00,7.131059655367362,7.316369211600756,7.314242564539468
2021-08-25 00:00:00,5.602965752457616,5.748298847975399,5.746904872138154
2021-08-25 01:00:00,4.889862334182247,5.016734725196531,5.015480615684207
2021-08-25 02:00:00,4.584259871016389,4.703586989178116,4.702013077203945
2021-08-25 03:00:00,4.584324424345558,4.705431863805541,4.702013077203945
2021-08-25 04:00:00,4.890018808117614,5.021206605995299,5.015480615684207
2021-08-25 05:00:00,5.908817984786941,6.068584756390459,6.060372410618416
2021-08-25 06:00:00,8.659480621176629,8.89378673133207,8.881580256940785
2021-08-25 07:00:00,10.696933345609322,10.984381092264522,10.971363846809203
2021-08-25 08:00:00,11.206210325986778,11.504566145093547,11.493809744276309
2021-08-25 09:00:00,10.696771536375161,10.979756733545523,10.971363846809203
2021-08-25 10:00:00,10.187356772389952,10.455633952247737,10.448917949342098
2021-08-25 11:00:00,10.391057352194734,10.663416113941114,10.657896308328942
2021-08-25 12:00:00,10.696666587613796,10.976757394711852,10.971363846809203
2021-08-25 13:00:00,10.187289139801905,10.45370107524074,10.448917949342098
2021-08-25 14:00:00,9.983531837085714,10.244297825039812,10.239939590355256
2021-08-25 15:00:00,11.206000465499809,11.498568525874072,11.493809744276309
2021-08-25 16:00:00,14.771577438409278,15.158100498758103,15.150931026546042
2021-08-25 17:00:00,18.84647830542211,19.33915827550151,19.33049820628288
2021-08-25 18:00:00,19.35582807164903,19.861423480797498,19.852944103749987
2021-08-25 19:00:00,17.82775219716525,18.293868352963496,18.28560641134867
2021-08-25 20:00:00,15.280961573821209,15.681347943672135,15.673376924013148
2021-08-25 21:00:00,12.734143660413086,13.068047609511643,13.061147436677622
2021-08-25 22:00:00,9.677925008991036,9.93102534338025,9.926472051874994
2021-08-25 23:00:00,7.131048854205359,7.316060524349774,7.314242564539468
2021-08-26 00:00:00,5.602975708073783,5.748626387290039,5.746904872138154
2021-08-26 01:00:00,4.889871290889101,5.017029400440659,5.015480615684207
2021-08-26 02:00:00,4.5842711117158865,4.703956807675358,4.702013077203945
2021-08-26 03:00:00,4.584348840928866,4.706235168275007,4.702013077203945
2021-08-26 04:00:00,4.890055990941777,5.022443237872424,5.015480615684207
2021-08-26 05:00:00,5.908876636422174,6.070514392495971,6.060372410618416
2021-08-26 06:00:00,8.659567798422126,8.896654858705206,8.881580256940785
2021-08-26 07:00:00,10.697026313289127,10.987439724660447,10.971363846809203
2021-08-26 08:00:00,11.207288723131912,11.50809512815454,11.493809744276309
2021-08-26 09:00:00,10.696831477413333,10.981728790948537,10.971363846809203
2021-08-26 10:00:00,10.187404737315394,10.457211996091868,10.448917949342098
2021-08-26 11:00:00,10.391096774015773,10.664713090042746,10.657896308328942
2021-08-26 12:00:00,10.696705107716697,10.978024704328211,10.971363846809203
2021-08-26 13:00:00,10.187323300340594,10.45482495539477,10.448917949342098
2021-08-26 14:00:00,9.9835629630999,10.245321869476935,10.239939590355256
2021-08-26 15:00:00,11.206034452174283,11.499686685903397,11.493809744276309
2021-08-26 16:00:00,14.771628641960698,15.159785093248136,15.150931026546042
2021-08-26 17:00:00,18.846540154647045,19.341193112161385,19.33049820628288
2021-08-26 18:00:00,19.355888630391124,19.863415860631147,19.852944103749987
2021-08-26 19:00:00,17.827811203008327,18.295809642490767,18.28560641134867
2021-08-26 20:00:00,15.281018501932916,15.683220875932742,15.673376924013148
2021-08-26 21:00:00,12.734192940659113,13.069668927342674,13.061147436677622
2021-08-26 22:00:00,9.677957528078746,9.932095219872467,9.926472051874994
2021-08-26 23:00:00,7.13106183786662,7.3164876862089665,7.314242564539468
2021-08-27 00:00:00,5.6029760766049135,5.748610885201222,5.746904872138154
2021-08-27 01:00:00,4.889871622443195,5.017015453773487,5.015480615684207
2021-08-27 02:00:00,4.584271527817474,4.703939304557612,4.702013077203945
2021-08-27 03:00:00,4.584349744767554,4.706197148725363,4.702013077203945
2021-08-27 04:00:00,4.890057481456122,5.022380540087021,5.015480615684207
2021-08-27 05:00:00,5.908878807553833,6.070423064863058,6.060372410618416
2021-08-27 06:00:00,8.659577483066805,8.896705520236694,8.881580256940785
2021-08-27 07:00:00,10.697029754711895,10.987294962828992,10.971363846809203
2021-08-27 08:00:00,11.206685401545199,11.50736934336236,11.493809744276309
2021-08-27 09:00:00,10.69683369627535,10.981635455560546,10.971363846809203
2021-08-27 10:00:00,10.187406512852728,10.457137308948262,10.448917949342098
2021-08-27 11:00:00,10.391098233309506,10.664651705537672,10.657896308328942
2021-08-27 12:00:00,10.696706533631161,10.977964723906462,10.971363846809203
2021-08-27 13:00:00,10.187324564875277,10.454771763337545,10.448917949342098
2021-08-27 14:00:00,9.983564115304343,10.245273402538443,10.239939590355256
2021-08-27 15:00:00,11.206035710272964,11.499633764573614,11.493809744276309
2021-08-27 16:00:00,14.77163053738358,15.159705363175323,15.150931026546042
2021-08-27 17:00:00,18.846542444145197,19.341096805497664,19.33049820628288
2021-08-27 18:00:00,19.35589087211894,19.86332156340404,19.852944103749987
2021-08-27 19:00:00,17.827813387251844,18.295717763313746,18.28560641134867
2021-08-27 20:00:00,15.281020609264198,15.683132232032746,15.673376924013148
2021-08-27 21:00:00,12.734194764886212,13.069592192087109,13.061147436677622
2021-08-27 22:00:00,9.677958731851165,9.932044583751354,9.926472051874994
2021-08-27 23:00:00,7.13106231848814,7.316467469090642,7.314242564539468
2021-08-28 00:00:00,5.602945655489668,5.747856649429248,5.746904872138154
2021-08-28 01:00:00,4.8898449847638386,5.016361158124531,5.015480615684207
2021-08-28 02:00:00,4.584238201173225,4.703121603971918,4.702013077203945
2021-08-28 03:00:00,4.584276904111738,4.704406042554151,4.702013077203945
2021-08-28 04:00:00,4.889935892019042,5.019378106978372,5.015480615684207
2021-08-28 05:00:00,5.9087027621459995,6.066084991328297,6.060372410618416
2021-08-28 06:00:00,8.659306987336295,8.889992472292453,8.881580256940785
2021-08-28 07:00:00,10.696744847349864,10.980224253145876,10.971363846809203
2021-08-28 08:00:00,11.20605456624183,11.501131268809894,11.493809744276309
2021-08-28 09:00:00,10.698067394543346,10.97849399854001,10.971363846809203
2021-08-28 10:00:00,10.18785372681309,10.454083515859018,10.448917949342098
2021-08-28 11:00:00,10.39097764907687,10.661653683842278,10.657896308328942
2021-08-28 12:00:00,10.696588485499532,10.975035055605087,10.971363846809203
2021-08-28 13:00:00,10.187219876998975,10.452173664168011,10.448917949342098
2021-08-28 14:00:00,9.983468726986489,10.242906095853542,10.239939590355256
2021-08-28 15:00:00,11.205931555218337,11.497048888745727,11.493809744276309
2021-08-28 16:00:00,14.771473619745196,15.15581104799423,15.150931026546042
2021-08-28 17:00:00,18.846352901934857,19.336392827571547,19.33049820628288
2021-08-28 18:00:00,19.35573782195354,19.858748271133813,19.852944103749987
2021-08-28 19:00:00,17.827849573503503,18.291447055086152,18.28560641134867
2021-08-28 20:00:00,15.281652235123138,15.679608619067233,15.673376924013148
2021-08-28 21:00:00,12.73404374138078,13.06584415498969,13.061147436677622
2021-08-28 22:00:00,9.677859074340997,9.929571326068169,9.926472051874994
2021-08-28 23:00:00,7.131022528953894,7.315479989360129,7.314242564539468
2021-08-29 00:00:00,5.602929997119596,5.7475252979021905,5.746904872138154
2021-08-29 01:00:00,4.889830166401192,5.016038790246189,5.015480615684207
2021-08-29 02:00:00,4.584219500334811,4.702713588298191,4.702013077203945
2021-08-29 03:00:00,4.58423673281799,4.703534698477928,4.702013077203945
2021-08-29 04:00:00,4.8898711142048406,5.017989911165046,5.015480615684207
2021-08-29 05:00:00,5.908607338955659,6.064027532008626,6.060372410618416
2021-08-29 06:00:00,8.659167526353716,8.887013070765859,8.881580256940785
2021-08-29 07:00:00,10.696599454591329,10.977157515710399,10.971363846809203
2021-08-29 08:00:00,11.205934425403115,11.498597164557928,11.493809744276309
2021-08-29 09:00:00,10.697539342265452,10.976082405302899,10.971363846809203
2021-08-29 10:00:00,10.187607209334423,10.452329785552106,10.448917949342098
2021-08-29 11:00:00,10.390915769743877,10.660353043605665,10.657896308328942
2021-08-29 12:00:00,10.696528243660309,10.973764387757589,10.971363846809203
2021-08-29 13:00:00,10.187166453110548,10.451046805855142,10.448917949342098
2021-08-29 14:00:00,9.983420048810656,10.24187933781125,10.239939590355256
2021-08-29 15:00:00,11.205878403237287,11.495927765715265,11.493809744276309
2021-08-29 16:00:00,14.771393542178423,15.15412198951402,15.150931026546042
2021-08-29 17:00:00,18.846449238458657,19.33454566174682,19.33049820628288
2021-08-29 18:00:00,19.35671439385261,19.857821891822002,19.852944103749987
2021-08-29 19:00:00,17.82900595331814,18.29074928079111,18.28560641134867
2021-08-29 20:00:00,15.28237012105724,15.67853763991997,15.673376924013148
2021-08-29 21:00:00,12.733966671683802,13.06421854084467,13.061147436677622
2021-08-29 22:00:00,9.677808217528423,9.928498614520882,9.926472051874994
2021-08-29 23:00:00,7.131002223721681,7.3150516955689735,7.314242564539468
2021-08-30 00:00:00,5.602982377767551,5.74919089327414,5.746904872138154
2021-08-30 01:00:00,4.889877291370727,5.0175372660044015,5.015480615684207
2021-08-30 02:00:00,4.584278642342032,4.704594180794841,4.702013077203945
2021-08-30 03:00:00,4.58436519864403,4.70761964384725,4.702013077203945
2021-08-30 04:00:00,4.890082966340609,5.024726367292447,5.015480615684207
2021-08-30 05:00:00,5.908915929665251,6.073840073047928,6.060372410618416
2021-08-30 06:00:00,8.659626202193555,8.90159800596397,8.881580256940785
2021-08-30 07:00:00,10.697088596320562,10.992711202658635,10.971363846809203
2021-08-30 08:00:00,11.20844742377271,11.513558286999642,11.493809744276309
2021-08-30 09:00:00,10.697474379226474,10.98573032831122,10.971363846809203
2021-08-30 10:00:00,10.188424251047527,10.460919095969077,10.448917949342098
2021-08-30 11:00:00,10.391123184382515,10.666948396578118,10.657896308328942
2021-08-30 12:00:00,10.696730913983831,10.980208881403044,10.971363846809203
2021-08-30 13:00:00,10.187346185948899,10.456761935305288,10.448917949342098
2021-08-30 14:00:00,9.983583815750238,10.24708678497534,10.239939590355256
2021-08-30 15:00:00,11.206057221303501,11.50161380731913,11.493809744276309
2021-08-30 16:00:00,14.77458689128881,15.165612396454778,15.150931026546042
2021-08-30 17:00:00,18.847004480475697,19.34512299367463,19.33049820628288
2021-08-30 18:00:00,19.35729477065432,19.86821524782886,19.852944103749987
2021-08-30 19:00:00,17.82914640420088,18.300451078080087,18.28560641134867
2021-08-30 20:00:00,15.281056640513748,15.686448828797248,15.673376924013148
2021-08-30 21:00:00,12.73422595560709,13.072463228902334,13.061147436677622
2021-08-30 22:00:00,9.67797931400872,9.933939125794938,9.926472051874994
2021-08-30 23:00:00,7.131070536177519,7.317223889207867,7.314242564539468
2021-08-31 00:00:00,5.603004084122238,5.750059185911964,5.746904872138154
2021-08-31 01:00:00,4.889896819790923,5.0183184374045675,5.015480615684207
2021-08-31 02:00:00,4.584303150580014,4.705574553727604,4.702013077203945
2021-08-31 03:00:00,4.584418434426597,4.70974916945103,4.702013077203945
2021-08-31 04:00:00,4.890170757114109,5.028238153743686,5.015480615684207
2021-08-31 05:00:00,5.909043808560556,6.078955455382846,6.060372410618416
2021-08-31 06:00:00,8.659816275834395,8.909201288291094,8.881580256940785
2021-08-31 07:00:00,10.697291294917886,11.000819505608822,10.971363846809203
2021-08-31 08:00:00,11.211531684382948,11.523175100861158,11.493809744276309
2021-08-31 09:00:00,10.698665032641228,10.99201813089962,10.971363846809203
2021-08-31 10:00:00,10.188804950078573,10.465378542841739,10.448917949342098
2021-08-31 11:00:00,10.391209136272945,10.670386624449234,10.657896308328942
2021-08-31 12:00:00,10.69681489984691,10.983568464697461,10.971363846809203
2021-08-31 13:00:00,10.187420666599493,10.459741293263022,10.448917949342098
2021-08-31 14:00:00,9.983651680189023,10.249801482740825,10.239939590355256
2021-08-31 15:00:00,11.20613132287577,11.504578001472252,11.493809744276309
2021-08-31 16:00:00,14.774372779507512,15.16975243247856,15.150931026546042
2021-08-31 17:00:00,18.84794156706824,19.35131949410752,19.33049820628288
2021-08-31 18:00:00,19.35830386885855,19.8743740223088,19.852944103749987
2021-08-31 19:00:00,17.829226698266535,18.305948064679217,18.28560641134867
2021-08-31 20:00:00,15.28156733715758,15.692867771921645,15.673376924013148
2021-08-31 21:00:00,12.734344238613728,13.077153686160454,13.061147436677622
2021-08-31 22:00:00,9.678050215783177,9.936775322367541,9.926472051874994
2021-08-31 23:00:00,7.131098844616874,7.3183562769272035,7.314242564539468
2021-09-01 00:00:00,5.616067008996002,5.817274693510768,5.778482030118689
2021-09-01 01:00:00,4.8919079858977375,5.069048718504489,5.03802470887142
2021-09-01 02:00:00,4.586433861893589,4.768847930578105,4.730305995697518
2021-09-01 03:00:00,4.587236230087472,4.845378538537777,4.763469786507404
2021-09-01 04:00:00,4.892043273948141,5.249129349337431,5.116828464560314
2021-09-01 05:00:00,6.310406377468188,6.799347753432714,6.606633982740905
2021-09-01 06:00:00,9.207261163551768,9.930838121517109,9.293952524008692
2021-09-01 07:00:00,11.242967946963097,12.05218459395036,11.248623815288974
2021-09-01 08:00:00,11.32908986542406,12.058593383573934,11.734965391630519
2021-09-01 09:00:00,10.919050797627884,11.538447203917078,11.16750661450322
2021-09-01 10:00:00,10.280618973512215,10.818093001714724,10.608966581386865
2021-09-01 11:00:00,10.402225082660593,10.895833640625096,10.76190328290612
2021-09-01 12:00:00,10.706685541265387,11.202965369897491,11.072345134890355
2021-09-01 13:00:00,10.382584302365643,10.840717777422828,10.600182382072585
2021-09-01 14:00:00,10.052452674260604,10.487909331339337,10.336291099455408
2021-09-01 15:00:00,11.286824081482903,11.77013789138673,11.610656478198367
2021-09-01 16:00:00,14.852430843208234,15.526327115108417,15.310379684812053
2021-09-01 17:00:00,18.913942146709957,19.753742773652817,19.491452668564325
2021-09-01 18:00:00,19.391069021737405,20.236542422183504,20.011420266022434
2021-09-01 19:00:00,17.873238202463916,18.670516907648764,18.452431206687077
2021-09-01 20:00:00,15.32819520773965,16.048083132375798,15.832178854549769
2021-09-01 21:00:00,12.767170722598486,13.37765358419171,13.189724124826782
2021-09-01 22:00:00,9.708083154169868,10.143692600010018,10.012851489099168
2021-09-01 23:00:00,7.155239907211078,7.413120671998156,7.35108973011623
2021-09-02 00:00:00,5.6103545097148215,5.810649337970837,5.776216975960793
2021-09-02 01:00:00,4.89719847172354,5.073517940656349,5.042267346861947
2021-09-02 02:00:00,4.591781674445081,4.7731650542482305,4.734639835026017
2021-09-02 03:00:00,4.585596091487557,4.841499580108125,4.763714937144898
2021-09-02 04:00:00,4.892112823508399,5.245506876068341,5.117232740839377
2021-09-02 05:00:00,6.411690287861919,6.895253743322572,6.563524544459752
2021-09-02 06:00:00,9.160048728121822,9.875632178418206,9.155091484518021
2021-09-02 07:00:00,10.818938982723216,11.619631182106664,11.258555652439906
2021-09-02 08:00:00,11.339440827130055,12.061900429922654,11.745183756618182
2021-09-02 09:00:00,10.7982287836231,11.412129040709761,11.170678874720382
2021-09-02 10:00:00,10.283711153725305,10.816787153552868,10.615473298728057
2021-09-02 11:00:00,10.39516423146297,10.885158100445405,10.758626428600344
2021-09-02 12:00:00,10.700630640720338,11.193378461244228,11.069733834191714
2021-09-02 13:00:00,10.406511332933091,10.861512539627869,10.63796688845618
2021-09-02 14:00:00,10.083779379894548,10.516382012030666,10.368816413424591
2021-09-02 15:00:00,11.314508887632211,11.794706371234335,11.641186625849445
2021-09-02 16:00:00,14.913029723544486,15.582231009056917,15.34926890238828
2021-09-02 17:00:00,18.93663657645584,19.77076608760443,19.493755598993268
2021-09-02 18:00:00,19.406457370497954,20.246377982867447,20.012834436277288
2021-09-02 19:00:00,17.876597112480297,18.668465418925795,18.453324562752968
2021-09-02 20:00:00,15.327641414842622,16.042309453315813,15.833138752324624
2021-09-02 21:00:00,12.763626232595781,13.369590460659142,13.190196162740989
2021-09-02 22:00:00,9.698873513758278,10.131501200132133,10.012895406396376
2021-09-02 23:00:00,7.139206679995946,7.395896939218544,7.35082347324476
2021-09-03 00:00:00,5.60998891491579,5.804054798194104,5.772850356373804
2021-09-03 01:00:00,4.896863092737226,5.067578605748022,5.039237910828167
2021-09-03 02:00:00,4.591441866580497,4.765792261431601,4.730897517005015
2021-09-03 03:00:00,4.58578544659633,4.826412175704389,4.75601919427664
2021-09-03 04:00:00,4.892364676560958,5.22056592703406,5.104541742671051
2021-09-03 05:00:00,6.310862208757263,6.757729009523378,6.52571843325373
2021-09-03 06:00:00,9.10053950820519,9.761578643368159,9.11950717730071
2021-09-03 07:00:00,10.882336165846695,11.624861140565285,11.211274671456698
2021-09-03 08:00:00,11.306679703278467,11.981074607201474,11.708503321450884
2021-09-03 09:00:00,10.79216845311869,11.368565312881096,11.151135099677258
2021-09-03 10:00:00,10.27375022196612,10.776815936499226,10.595580429878634
2021-09-03 11:00:00,10.402717483129164,10.868046243486916,10.749866797762648
2021-09-03 12:00:00,10.70762230154538,11.17626919275431,11.061292440668236
2021-09-03 13:00:00,10.403558610970528,10.837186543288514,10.631456724705856
2021-09-03 14:00:00,10.05417423650821,10.467302209669137,10.33530557942587
2021-09-03 15:00:00,11.286492740704253,11.74542573180847,11.607032772906397
2021-09-03 16:00:00,14.853550478582077,15.490715162931945,15.304345443427765
2021-09-03 17:00:00,18.900975520920895,19.69640773673291,19.470463410590533
2021-09-03 18:00:00,19.384489963664688,20.186520698991163,19.990017508693487
2021-09-03 19:00:00,17.87127064628236,18.626220680292494,18.430995783339647
2021-09-03 20:00:00,15.342118137159753,16.021167880433413,15.811795779570952
2021-09-03 21:00:00,12.787475785569246,13.366479984878273,13.172874397502497
2021-09-03 22:00:00,9.714031921701624,10.13147025151353,10.007047796367157
2021-09-03 23:00:00,7.161975275139384,7.413232829094719,7.34823537827754
2021-09-04 00:00:00,5.608325519838086,5.802095809308241,5.769089768906637
2021-09-04 01:00:00,4.891713212797155,5.060924225338252,5.034810121064519
2021-09-04 02:00:00,4.586261998584153,4.758554497699206,4.726107228647209
2021-09-04 03:00:00,4.587441381908494,4.825080573898941,4.754551885346969
2021-09-04 04:00:00,4.89431451375417,5.219445008308477,5.102530341795238
2021-09-04 05:00:00,6.041799085851388,6.486924451439203,6.188044532610038
2021-09-04 06:00:00,8.676196247612548,9.338748934002272,9.071768973110862
2021-09-04 07:00:00,11.236636282007987,11.957958760022587,11.557580675512513
2021-09-04 08:00:00,11.233577868604558,11.883648672882023,11.662366878961294
2021-09-04 09:00:00,10.71390212213028,11.270445644237805,11.09683327012806
2021-09-04 10:00:00,10.198581517291368,10.685760555694339,10.549910928196466
2021-09-04 11:00:00,10.402310218481489,10.854581902287304,10.741340405298452
2021-09-04 12:00:00,10.705773674474845,11.161662151203368,11.052812483564972
2021-09-04 13:00:00,10.597127608578358,11.019441077053932,10.60038245842124
2021-09-04 14:00:00,9.992985045497564,10.395803633164554,10.306651224950372
2021-09-04 15:00:00,11.215587435998422,11.663263549599769,11.566585177580128
2021-09-04 16:00:00,14.776247582247294,15.396452910763445,15.255525110799052
2021-09-04 17:00:00,19.105828802574514,19.880775661713233,19.541805489601092
2021-09-04 18:00:00,19.498220926486365,20.280193731696997,20.01158049581706
2021-09-04 19:00:00,17.943423023754786,18.67882947023452,18.441473991156002
2021-09-04 20:00:00,15.385870737458918,16.046065067843617,15.821278515988253
2021-09-04 21:00:00,12.843801098122215,13.402609753021633,13.196086846294943
2021-09-04 22:00:00,9.725572816481462,10.127083445952882,9.995366617462967
2021-09-04 23:00:00,7.160902996468384,7.405548668847939,7.346233647989144
2021-09-05 00:00:00,5.606249730565711,5.804038038462835,5.769346972401921
2021-09-05 01:00:00,4.894236112702177,5.069059235420961,5.036274428993682
2021-09-05 02:00:00,4.58781006306947,4.768480069562647,4.729552077906667
2021-09-05 03:00:00,4.5890090259072505,4.844217809619333,4.760793600044961
2021-09-05 04:00:00,4.896771941117055,5.251868873381381,5.112942964298427
2021-09-05 05:00:00,5.921538087815319,6.411787942135864,6.203571851667421
2021-09-05 06:00:00,8.66814671439438,9.390532218763552,9.090936865822064
2021-09-05 07:00:00,11.356135728631218,12.141296345036706,11.485523690140624
2021-09-05 08:00:00,11.228920193257085,11.921860870389288,11.672479405964475
2021-09-05 09:00:00,10.713553240070436,11.30442079283015,11.106707912276754
2021-09-05 10:00:00,10.198914167387155,10.713559356214365,10.558086746536437
2021-09-05 11:00:00,10.402103505763668,10.876949302979895,10.748690158024482
2021-09-05 12:00:00,10.701473687088432,11.179419926461776,11.057502307801533
2021-09-05 13:00:00,10.601632306609218,11.04350712091445,10.652893747474625
2021-09-05 14:00:00,9.995182493439973,10.415824767473987,10.313415217854267
2021-09-05 15:00:00,11.216796074263575,11.68393397384636,11.573247022909856
2021-09-05 16:00:00,14.782896048119712,15.432422061127156,15.267875766994978
2021-09-05 17:00:00,19.174003769515732,19.9843673441004,19.63807224026248
2021-09-05 18:00:00,19.584350435155194,20.40100098675204,20.050267015576846
2021-09-05 19:00:00,17.96507931921221,18.734274275669886,18.480977630611346
2021-09-05 20:00:00,15.401199743340621,16.093992812597886,15.85660234973673
2021-09-05 21:00:00,12.863673781668751,13.450701778887593,13.233267568259691
2021-09-05 22:00:00,9.711663039037335,10.131795070429797,10.005003602497668
2021-09-05 23:00:00,7.156254391849843,7.407955601165712,7.346346687920324
2021-09-06 00:00:00,5.6046684164167315,5.799950658554859,5.767171354716949
2021-09-06 01:00:00,4.891746221789505,5.063556048758789,5.034196517732554
2021-09-06 02:00:00,4.5863129289152464,4.762036691742468,4.725425580758421
2021-09-06 03:00:00,4.587106512572103,4.830716414889881,4.752313946487341
2021-09-06 04:00:00,4.893464007834378,5.226584789324623,5.097976288175027
2021-09-06 05:00:00,6.312111912280822,6.7680233950821895,6.447510315138495
2021-09-06 06:00:00,8.940441521075106,9.612131811642815,9.093074886011555
2021-09-06 07:00:00,10.930999114035366,11.684882708765084,11.190956232581843
2021-09-06 08:00:00,11.2983075637021,11.982088314269063,11.686619842381074
2021-09-06 09:00:00,10.762714882357336,11.34643522784193,11.115508591847522
2021-09-06 10:00:00,10.261510045283238,10.770436026126953,10.577102848119551
2021-09-06 11:00:00,10.395716875260241,10.865862121156283,10.739025326563775
2021-09-06 12:00:00,10.700806195093026,11.174159401577974,11.050449566816212
2021-09-06 13:00:00,10.32748418991597,10.765285793978453,10.554252685064927
2021-09-06 14:00:00,10.07160112990199,10.48853202218825,10.347633079584789
2021-09-06 15:00:00,11.291195103042272,11.754280523481132,11.605970531526204
2021-09-06 16:00:00,14.856439309842266,15.499859949863906,15.292477703657585
2021-09-06 17:00:00,18.91967031301902,19.722659153299862,19.461269590562246
2021-09-06 18:00:00,19.38490716965628,20.194336860633122,19.98157049528443
2021-09-06 19:00:00,17.87474363070068,18.636902890017275,18.42253724317823
2021-09-06 20:00:00,15.338930748435732,16.02493586362109,15.804027990300286
2021-09-06 21:00:00,12.774935495907147,13.356087449873137,13.16547994731074
2021-09-06 22:00:00,9.690254774286084,10.106509317611028,9.996265689876868
2021-09-06 23:00:00,7.139029809158577,7.3891828818213146,7.343975256220669
2021-09-07 00:00:00,5.656952040585569,5.849025522039026,5.765360449567759
2021-09-07 01:00:00,4.907429249444679,5.07635227078226,5.032453425159843
2021-09-07 02:00:00,4.60136610469068,4.773466916008325,4.723607542376556
2021-09-07 03:00:00,4.5880195452820205,4.826348687229765,4.750029240128288
2021-09-07 04:00:00,4.892718894715852,5.212861929065552,5.090599274449528
2021-09-07 05:00:00,6.3109837140942755,6.746112655232267,6.478638639173745
2021-09-07 06:00:00,9.010432194509626,9.654024684470809,9.064523487278537
2021-09-07 07:00:00,10.797833224752473,11.521752723746994,11.162213025422366
2021-09-07 08:00:00,11.310968846141277,11.969989686867095,11.677153516032503
2021-09-07 09:00:00,10.777308149293122,11.341709103242472,11.11732253103385
2021-09-07 10:00:00,10.267985432907182,10.761452002256114,10.574599467856395
2021-09-07 11:00:00,10.39500782237393,10.852447155611985,10.731769225427499
2021-09-07 12:00:00,10.708535303563062,11.169473227086485,11.047785775586313
2021-09-07 13:00:00,10.357400174929818,10.784191612299793,10.582338439714066
2021-09-07 14:00:00,10.05357346470266,10.460472237538404,10.325830287938931
2021-09-07 15:00:00,11.264743861557307,11.71687515288585,11.574508876744062
2021-09-07 16:00:00,14.834660940547913,15.461578338584118,15.263287914753073
2021-09-07 17:00:00,18.922294243490402,19.70534867106995,19.449587952413523
2021-09-07 18:00:00,19.379683324898856,20.169594534296888,19.970416143469496
2021-09-07 19:00:00,17.871168812651252,18.61431009997408,18.411082946924587
2021-09-07 20:00:00,15.324109512558296,15.99176632226007,15.792640624801653
2021-09-07 21:00:00,12.754481213865219,13.31974981984506,13.155937467951423
2021-09-07 22:00:00,9.682796586825985,10.088570013923839,9.987032242085752
2021-09-07 23:00:00,7.133973767347765,7.379942120440937,7.338311488222746
2021-09-08 00:00:00,5.6032339408451435,5.781280994548204,5.759660659090628
2021-09-08 01:00:00,4.89010361354944,5.046407566467259,5.026956534654142
2021-09-08 02:00:00,4.584562677494938,4.7408265123017,4.716415397020444
2021-09-08 03:00:00,4.584982168075025,4.786322018270356,4.733297201620416
2021-09-08 04:00:00,4.891100406508857,5.1545139273428635,5.067071056329609
2021-09-08 05:00:00,6.309032966097635,6.661527853218989,6.365182219838109
2021-09-08 06:00:00,8.887041984312011,9.407810802182297,9.017969526331933
2021-09-08 07:00:00,10.84638408822864,11.439321795423226,11.118392007594574
2021-09-08 08:00:00,11.308832370822046,11.859620432409159,11.638548213248328
2021-09-08 09:00:00,10.74932603518038,11.229276300474412,11.061572889685133
2021-09-08 10:00:00,10.22224686448787,10.648135842453629,10.513264266516622
2021-09-08 11:00:00,10.398346977930043,10.800245065368324,10.711134635635998
2021-09-08 12:00:00,10.70255744222059,11.109224547015677,11.022558730770522
2021-09-08 13:00:00,10.245222740668822,10.62388553187021,10.494309891814181
2021-09-08 14:00:00,10.004501406679786,10.36754686277298,10.281576824555007
2021-09-08 15:00:00,11.237240874771675,11.64148847652864,11.539144458697596
2021-09-08 16:00:00,14.808637028688652,15.363413948171333,15.216536367510527
2021-09-08 17:00:00,18.85456194091145,19.550477243146783,19.412568832890642
2021-09-08 18:00:00,19.365742926877502,20.070333167039546,19.933231622523294
2021-09-08 19:00:00,17.85055833520272,18.51056652649762,18.37495905981657
2021-09-08 20:00:00,15.304147069449169,15.89159809053073,15.758619729635624
2021-09-08 21:00:00,12.742860117610228,13.238697982299096,13.127160870912151
2021-09-08 22:00:00,9.686246666924013,10.04620408156416,9.97099847125373
2021-09-08 23:00:00,7.137890185846227,7.3655659105802505,7.333384564530901
2021-09-09 00:00:00,5.604504401927256,5.791368608218762,5.763173858147308
2021-09-09 01:00:00,4.891842465733768,5.056078891107228,5.030117232449573
2021-09-09 02:00:00,4.584670543773564,4.750889660204484,4.720382084186185
2021-09-09 03:00:00,4.5852164707515275,4.808180772625427,4.741913475692606
2021-09-09 04:00:00,4.891977931296479,5.191052190975559,5.081280096358608
2021-09-09 05:00:00,6.310853507391673,6.719239825296705,6.415132132969822
2021-09-09 06:00:00,8.95178361159278,9.549760616577426,9.059893251279913
2021-09-09 07:00:00,10.772729512865158,11.448003682711498,11.146182809826561
2021-09-09 08:00:00,11.287988904904624,11.906813172553576,11.653174247989488
2021-09-09 09:00:00,10.750862074711206,11.283898886439147,11.086626061692636
2021-09-09 10:00:00,10.243902617612674,10.712271544528246,10.544921140935676
2021-09-09 11:00:00,10.399458831837261,10.836270701165244,10.726320630748361
2021-09-09 12:00:00,10.704994258790185,11.145776542328063,11.038285593434445
2021-09-09 13:00:00,10.297854548359593,10.706771487280935,10.529925317930417
2021-09-09 14:00:00,10.021864092289588,10.412476181320919,10.294970530811515
2021-09-09 15:00:00,11.249975453054644,11.684323220367908,11.559891887827332
2021-09-09 16:00:00,14.831022832498316,15.431147977383002,15.25779328055649
2021-09-09 17:00:00,18.905711071117135,19.65640289794277,19.435228919468067
2021-09-09 18:00:00,19.37918570741766,20.13740956107951,19.956175151200103
2021-09-09 19:00:00,17.86603243485631,18.578298920698625,18.397097908120273
2021-09-09 20:00:00,15.325596988042443,15.963466168995184,15.779382976159281
2021-09-09 21:00:00,12.796071441051867,13.335554163232986,13.145017360300251
2021-09-09 22:00:00,9.702666042174036,10.091423859883474,9.982943460861387
2021-09-09 23:00:00,7.163074173876107,7.402248827514662,7.338593415309683
2021-09-10 00:00:00,5.6124086255173,5.811449260991651,5.772060098397943
2021-09-10 01:00:00,4.901174119045732,5.076985680784812,5.040171473027742
2021-09-10 02:00:00,4.598280032954165,4.782249857651427,4.734252817728728
2021-09-10 03:00:00,4.597310291576474,4.860642710782917,4.766133225313317
2021-09-10 04:00:00,4.905012710274612,5.275212075888538,5.1194831068623765
2021-09-10 05:00:00,6.3327227917967885,6.852115686895619,6.53776391492609
2021-09-10 06:00:00,9.054656984140816,9.800029844625481,9.132733694526701
2021-09-10 07:00:00,10.798436794313178,11.602033337507908,11.215936056204141
2021-09-10 08:00:00,11.293443277722309,11.99324186412795,11.691562087262264
2021-09-10 09:00:00,10.842108807755302,11.438327374925683,11.105547846427465
2021-09-10 10:00:00,10.233615704884606,10.75254278496797,10.559083081933165
2021-09-10 11:00:00,10.399150693670414,10.877515728105347,10.745243068981114
2021-09-10 12:00:00,10.704584427409637,11.18596940645128,11.056691705872396
2021-09-10 13:00:00,10.313734752434021,10.758659122442287,10.56118294113781
2021-09-10 14:00:00,10.03999244169373,10.4634133754827,10.328153813160736
2021-09-10 15:00:00,11.257548528669185,11.727720462870433,11.58390872256642
2021-09-10 16:00:00,14.830158418551084,15.484255439166382,15.283447954548137
2021-09-10 17:00:00,18.856987976049506,19.672872911358095,19.465612374096196
2021-09-10 18:00:00,19.37178776782467,20.193844477064324,19.98665184900016
2021-09-10 19:00:00,17.86196074557479,18.63642323036091,18.42756783384564
2021-09-10 20:00:00,15.317818476540836,16.01569359234573,15.80956798270677
2021-09-10 21:00:00,12.754877101815538,13.346304410669454,13.169396968251759
2021-09-10 22:00:00,9.688971916087137,10.112006968719616,9.999066991668538
2021-09-10 23:00:00,7.141440358263085,7.395607992153492,7.345307584947266
2021-09-11 00:00:00,5.67111886386467,5.8600414860351995,5.764525841308155
2021-09-11 01:00:00,4.8927333682777405,5.059328621985537,5.032002087560268
2021-09-11 02:00:00,4.587961080252128,4.757623483662977,4.72270855386336
2021-09-11 03:00:00,4.589560446044792,4.82177661259106,4.745716827135188
2021-09-11 04:00:00,4.9009955901027284,5.219503350480304,5.088056769524075
2021-09-11 05:00:00,5.921257097652045,6.3557685625104465,6.165640028258627
2021-09-11 06:00:00,8.668367594432619,9.305814379333494,9.033903911308226
2021-09-11 07:00:00,11.357259064106572,12.053063837072537,11.450813905108669
2021-09-11 08:00:00,11.22271331595221,11.849955664256385,11.62242722997669
2021-09-11 09:00:00,10.71550691104981,11.250231526908474,11.07044091114904
2021-09-11 10:00:00,10.195854191077576,10.665573701862826,10.52728474156253
2021-09-11 11:00:00,10.398667951204649,10.836589849895082,10.722440461775635
2021-09-11 12:00:00,10.703069842762364,11.144936765318421,11.033937281819572
2021-09-11 13:00:00,10.486302147589878,10.896180970056552,10.516893297454073
2021-09-11 14:00:00,9.990968208789154,10.382456736015639,10.29111963550198
2021-09-11 15:00:00,11.21263467648146,11.647939431716793,11.549431595059714
2021-09-11 16:00:00,14.779240830568892,15.38080775170945,15.23380869491967
2021-09-11 17:00:00,18.997584027837256,19.75001738901916,19.456336861305513
2021-09-11 18:00:00,19.46255141955041,20.222480470489007,19.96859054195494
2021-09-11 19:00:00,17.91068410261585,18.624612059609074,18.397602163288816
2021-09-11 20:00:00,15.37779271098453,16.017264858869773,15.794930029235465
2021-09-11 21:00:00,12.840121397931533,13.38099174043661,13.179510967893126
2021-09-11 22:00:00,9.706888805199245,10.09656228690516,9.981298979647029
2021-09-11 23:00:00,7.156096496160162,7.395636740348634,7.33718644613468
2021-09-12 00:00:00,5.610794154135534,5.796962351586289,5.765759660573782
2021-09-12 01:00:00,4.8994607537353385,5.063783786273518,5.034089568202631
2021-09-12 02:00:00,4.595246894550577,4.7627970000472715,4.725610510205869
2021-09-12 03:00:00,4.592792241176645,4.8166494749852236,4.746627849520843
2021-09-12 04:00:00,4.893469790947047,5.191322782188059,5.0822373283856415
2021-09-12 05:00:00,5.913790569218396,6.322762416877132,6.160051057045702
2021-09-12 06:00:00,8.66503023600826,9.276952897153503,9.031409352585042
2021-09-12 07:00:00,11.327673456610023,12.005094865202148,11.364864974738603
2021-09-12 08:00:00,11.2274143376798,11.840867959824413,11.626462188496426
2021-09-12 09:00:00,10.710854185636634,11.239700448854455,11.070620116940203
2021-09-12 10:00:00,10.196566648468371,10.661582291007024,10.528946111640765
2021-09-12 11:00:00,10.395061697645016,10.82911754107739,10.722014511886604
2021-09-12 12:00:00,10.705604286388661,11.143693584206876,11.037001715473476
2021-09-12 13:00:00,10.424371211926886,10.830899947392375,10.534300983280872
2021-09-12 14:00:00,9.989474618344998,10.377910651099404,10.291777881434813
2021-09-12 15:00:00,11.211906276584603,11.643877995493902,11.550436675405566
2021-09-12 16:00:00,14.778295585449444,15.374841029804326,15.235577751589396
2021-09-12 17:00:00,18.99386376787103,19.740231642604634,19.465581129689674
2021-09-12 18:00:00,19.455483253759077,20.209473374502867,20.005419129585334
2021-09-12 19:00:00,17.91500668098273,18.62314799890459,18.420762742392228
2021-09-12 20:00:00,15.353705319099111,15.987594588776327,15.791038957983183
2021-09-12 21:00:00,12.853728827065366,13.403858792936076,13.192220601572522
2021-09-12 22:00:00,9.714135738078978,10.114589312164712,9.989308679861702
2021-09-12 23:00:00,7.160802299978119,7.405989543668806,7.342084612134383
2021-09-13 00:00:00,5.619447100489277,5.881283698262676,5.795246692416181
2021-09-13 01:00:00,4.908122917823581,5.150516257319607,5.063715319170639
2021-09-13 02:00:00,4.5975149793939645,4.830841937182799,4.7483271544121015
2021-09-13 03:00:00,4.600175403097937,4.875083251657149,4.763705173374037
2021-09-13 04:00:00,4.903854137896853,5.2410507820219046,5.096599672420742
2021-09-13 05:00:00,6.3236198958576155,6.786521652853574,6.433808505870278
2021-09-13 06:00:00,8.92667669393651,9.620107649614294,9.088880281372207
2021-09-13 07:00:00,10.786029867731102,11.5846506125471,11.18376648185043
2021-09-13 08:00:00,11.283526923219926,11.99373202003712,11.664401407255138
2021-09-13 09:00:00,10.749949984826674,11.353983503977007,11.098371704475674
2021-09-13 10:00:00,10.367634563161438,10.895075997844012,10.558200194285561
2021-09-13 11:00:00,10.396012348575757,10.893462435402819,10.741577922472462
2021-09-13 12:00:00,10.700532377641924,11.193832347381907,11.05076377887741
2021-09-13 13:00:00,10.317820026638895,10.781973761699994,10.553759375124239
2021-09-13 14:00:00,10.05574356520796,10.508720683099071,10.341877429174765
2021-09-13 15:00:00,11.28170035818201,11.782633771941986,11.606894000793291
2021-09-13 16:00:00,14.865273390592789,15.50986098297896,15.281142920661132
2021-09-13 17:00:00,18.938397342798414,19.73687199449062,19.44579237949651
2021-09-13 18:00:00,19.407614443431914,20.243524099529655,19.97734693338791
2021-09-13 19:00:00,17.86843836960887,18.668530210056357,18.421816280566805
2021-09-13 20:00:00,15.321773929314318,16.050574124489426,15.806162448799077
2021-09-13 21:00:00,12.76099362345984,13.386419975152835,13.170959885168825
2021-09-13 22:00:00,9.7748461127026,10.227510163981826,10.002155972809454
2021-09-13 23:00:00,7.141342859847191,7.442666104374086,7.3589990896606725
2021-09-14 00:00:00,5.6406508349044975,5.831089219000672,5.764350608063367
2021-09-14 01:00:00,4.892091612470746,5.059543596007991,5.031473093643709
2021-09-14 02:00:00,4.586622075159341,4.756876728716716,4.721834306011512
2021-09-14 03:00:00,4.587458852874466,4.81918898186232,4.743775006533606
2021-09-14 04:00:00,4.894013402362754,5.207543328993222,5.083665467181429
2021-09-14 05:00:00,6.322855804398441,6.748351877799295,6.444859360143231
2021-09-14 06:00:00,8.999495256147087,9.628769869509803,9.062100674568924
2021-09-14 07:00:00,10.85769014951649,11.566340758567309,11.156280729470708
2021-09-14 08:00:00,11.287927808877674,11.934331671546767,11.648527701940376
2021-09-14 09:00:00,10.749421592590165,11.303977908952655,11.08083222210926
2021-09-14 10:00:00,10.240064082390106,10.725652955218699,10.541748108959215
2021-09-14 11:00:00,10.39972162531019,10.850686370303581,10.726638599453501
2021-09-14 12:00:00,10.70364134318927,11.15825277547349,11.037728790601182
2021-09-14 13:00:00,10.311365353159701,10.732546308405489,10.535093874727087
2021-09-14 14:00:00,10.049920353161017,10.451707030202323,10.319154397746354
2021-09-14 15:00:00,11.273756680122428,11.720306044557777,11.579390709043519
2021-09-14 16:00:00,14.839526919214906,15.4580347130429,15.260807449161966
2021-09-14 17:00:00,18.891682034950033,19.664578426848532,19.435450097773188
2021-09-14 18:00:00,19.392016199946653,20.171981320875037,19.956632250962507
2021-09-14 19:00:00,17.86557404123818,18.599024286191796,18.39829600823143
2021-09-14 20:00:00,15.316472124265404,15.974779135476403,15.780443550633748
2021-09-14 21:00:00,12.768767419673766,13.325942302603147,13.146180199322675
2021-09-14 22:00:00,9.70385797424495,10.104290508977057,9.983152512650062
2021-09-14 23:00:00,7.1401675579702255,7.384003491546469,7.3381993436679345
2021-09-15 00:00:00,5.609347586880821,5.807908220888182,5.76956613258969
2021-09-15 01:00:00,4.891719162698931,5.066478439951695,5.034333600990535
2021-09-15 02:00:00,4.586137818314896,4.765563151916259,4.725399659647834
2021-09-15 03:00:00,4.5939198810488024,4.845570182559908,4.755679522297478
2021-09-15 04:00:00,4.897984142003676,5.24436429210615,5.099774195159326
2021-09-15 05:00:00,6.319458989592874,6.792805766668339,6.421494308434055
2021-09-15 06:00:00,8.939184989354487,9.639582812238864,9.096995109977117
2021-09-15 07:00:00,10.88705192748896,11.671549848895127,11.18865430806531
2021-09-15 08:00:00,11.30861460567627,12.017692564443845,11.686690940651335
2021-09-15 09:00:00,10.789150248970266,11.392609223275072,11.138034291948395
2021-09-15 10:00:00,10.291004163713911,10.815725030474074,10.595193891283708
2021-09-15 11:00:00,10.411010012642048,10.894136893768183,10.741681850028403
2021-09-15 12:00:00,10.713969610193974,11.20000751545053,11.05368912434233
2021-09-15 13:00:00,10.414167534888369,10.863218229958486,10.640718518820334
2021-09-15 14:00:00,10.07568514368275,10.502865855781014,10.35104517409542
2021-09-15 15:00:00,11.288087850036186,11.762365107866135,11.604482777147028
2021-09-15 16:00:00,14.89561153545762,15.555893543358597,15.295604863713141
2021-09-15 17:00:00,18.974011330494022,19.797367166926996,19.460169815393417
2021-09-15 18:00:00,19.39307725503451,20.22244898519594,19.979319563838857
2021-09-15 19:00:00,17.863608846809058,18.6451987744991,18.419158156690486
2021-09-15 20:00:00,15.354371275188495,16.059122860248934,15.800531197526036
2021-09-15 21:00:00,12.76926473427894,13.366644710216992,13.163123163492193
2021-09-15 22:00:00,9.70467550881254,10.131638612106912,9.994650746572905
2021-09-15 23:00:00,7.140951075070645,7.395379677123093,7.342594040412429
2021-09-16 00:00:00,5.612234375578693,5.805444222004326,5.766635235777719
2021-09-16 01:00:00,4.894374049551546,5.06431941724765,5.031326442953742
2021-09-16 02:00:00,4.589118003244714,4.76250186294021,4.721717073115139
2021-09-16 03:00:00,4.589862496379142,4.828389757731575,4.743218916303375
2021-09-16 04:00:00,4.896442926483092,5.221181958701606,5.082597671504189
2021-09-16 05:00:00,6.313473458827942,6.7552970799061525,6.44435051317083
2021-09-16 06:00:00,9.148555170270123,9.802098341987346,9.072096677905309
2021-09-16 07:00:00,10.799407843601221,11.533938962520871,11.15766230598513
2021-09-16 08:00:00,11.297027630320647,11.9648170571215,11.651121060488759
2021-09-16 09:00:00,10.762194434755914,11.33343724510462,11.09047408982093
2021-09-16 10:00:00,10.250461278656033,10.74940271367415,10.545453267439665
2021-09-16 11:00:00,10.399030704723993,10.860969767141931,10.723981172045459
2021-09-16 12:00:00,10.704012359505809,11.169347087298412,11.035669040171713
2021-09-16 13:00:00,10.320625235439477,10.751315862869639,10.548386104350062
2021-09-16 14:00:00,10.043842940581442,10.454294533418603,10.315834783860014
2021-09-16 15:00:00,11.266008366544579,11.722019002531365,11.575384311939985
2021-09-16 16:00:00,14.841545533988647,15.474307464529003,15.261140445708428
2021-09-16 17:00:00,18.88078546477958,19.6708995551264,19.433748549064482
2021-09-16 18:00:00,19.38824195248159,20.18506552492439,19.955236056170037
2021-09-16 19:00:00,17.864701434881948,18.614577832529086,18.396466602145928
2021-09-16 20:00:00,15.321829510879825,15.995984272189505,15.779295261230619
2021-09-16 21:00:00,12.759825688232402,13.330719294661348,13.144543002976441
2021-09-16 22:00:00,9.690399241781336,10.101386497487551,9.982629325675438
2021-09-16 23:00:00,7.226474089877311,7.475333615759082,7.336966892829987
2021-09-17 00:00:00,5.605928330046303,5.800260806412701,5.765623396787142
2021-09-17 01:00:00,4.894596906115599,5.066118582070991,5.034032500714931
2021-09-17 02:00:00,4.5894642421820535,4.765185477278362,4.724839628533298
2021-09-17 03:00:00,4.589981819593807,4.832806202931107,4.747754598894072
2021-09-17 04:00:00,4.895764457841631,5.224413010306825,5.087705101077484
2021-09-17 05:00:00,6.313901670960971,6.759591623531171,6.454034513265472
2021-09-17 06:00:00,9.025255199825503,9.696925886576004,9.079956935424981
2021-09-17 07:00:00,10.901802544952094,11.645360287497677,11.164272748139927
2021-09-17 08:00:00,11.316295739012707,11.986771210131405,11.674423089799065
2021-09-17 09:00:00,10.76041759172176,11.333756239340888,11.09199623837839
2021-09-17 10:00:00,10.24086800878059,10.741486536513065,10.541862159215784
2021-09-17 11:00:00,10.400786609993425,10.86410405564123,10.728383122154542
2021-09-17 12:00:00,10.70554028356778,11.1722218660326,11.040108595487757
2021-09-17 13:00:00,10.303459775757352,10.735344825779222,10.530695384536816
2021-09-17 14:00:00,10.027000203748011,10.438540117084676,10.29955635065883
2021-09-17 15:00:00,11.26298091752098,11.720179896940458,11.569330744837876
2021-09-17 16:00:00,14.83527034303797,15.469822604788956,15.257062701352705
2021-09-17 17:00:00,18.924538575602085,19.716815222933537,19.4391803193527
2021-09-17 18:00:00,19.394441054199135,20.193382061918324,19.960429849951012
2021-09-17 19:00:00,17.89518490329359,18.647124439132202,18.402035534024627
2021-09-17 20:00:00,15.354449989264442,16.031474801413303,15.785646102966213
2021-09-17 21:00:00,12.788145331367472,13.3661484611489,13.150511993940796
2021-09-17 22:00:00,9.691833887441572,10.107042241776725,9.986611552313404
2021-09-17 23:00:00,7.139729088742906,7.389879241729522,7.339226810171716
2021-09-18 00:00:00,5.614196753648115,5.823091564186384,5.775387067247317
2021-09-18 01:00:00,4.89624696482393,5.076419708533402,5.038777280711047
2021-09-18 02:00:00,4.593884106666496,4.7807469000681255,4.731539451914933
2021-09-18 03:00:00,4.60343193161817,4.873123786318481,4.763536951380969
2021-09-18 04:00:00,4.915832611608505,5.292749218995145,5.114428662752006
2021-09-18 05:00:00,5.93497578716064,6.45166059328573,6.201985040179868
2021-09-18 06:00:00,8.66939993794246,9.429154036865343,9.087138510239692
2021-09-18 07:00:00,11.394922362047298,12.225128511096111,11.507275013586955
2021-09-18 08:00:00,11.243882751611801,11.975312465142915,11.667430971894053
2021-09-18 09:00:00,10.722129814885582,11.340891284344554,11.105156252854899
2021-09-18 10:00:00,10.203028373677434,10.739994324298218,10.557445799950488
2021-09-18 11:00:00,10.403924042636872,10.897115017475452,10.746472076560776
2021-09-18 12:00:00,10.705449224387069,11.201321021513854,11.056990151170336
2021-09-18 13:00:00,10.59786628290086,11.05563790596456,10.65338403618752
2021-09-18 14:00:00,9.993252337499115,10.428379286361482,10.310169437118565
2021-09-18 15:00:00,11.208993399636856,11.691947199236917,11.568123787262053
2021-09-18 16:00:00,14.777057954361007,15.450411842918754,15.262349160177289
2021-09-18 17:00:00,19.116485736933427,19.955631214215405,19.577445556750643
2021-09-18 18:00:00,19.536567664044497,20.381399584514273,20.03370859120289
2021-09-18 19:00:00,17.948084090244222,18.744737764830518,18.460183420065565
2021-09-18 20:00:00,15.40693875098304,16.126223653784752,15.843582139164877
2021-09-18 21:00:00,12.85274859826371,13.462709449492102,13.20682277812598
2021-09-18 22:00:00,9.731672355940491,10.16693733716837,10.003293711553287
2021-09-18 23:00:00,7.165614640422196,7.423357873311648,7.347173311159262
2021-09-19 00:00:00,5.606090348878709,5.792194984577041,5.764006154332816
2021-09-19 01:00:00,4.893224771621664,5.0567778388760445,5.03135564420229
2021-09-19 02:00:00,4.595634020562409,4.760995520082128,4.725427998247702
2021-09-19 03:00:00,4.593154991358742,4.814256413190153,4.743230995459796
2021-09-19 04:00:00,4.896189045817823,5.19271981483157,5.079287636077055
2021-09-19 05:00:00,5.9206007190536845,6.337312440654106,6.158545826460806
2021-09-19 06:00:00,8.670246276496572,9.2615720334852,9.014735279277788
2021-09-19 07:00:00,11.352038592204968,12.037700946135274,11.377163085959968
2021-09-19 08:00:00,11.23142773806261,11.844390895690223,11.619106638872738
2021-09-19 09:00:00,10.716788399340347,11.245251968271367,11.064182986610662
2021-09-19 10:00:00,10.196262704201267,10.660972114090425,10.523144100910775
2021-09-19 11:00:00,10.396471749291774,10.830275903628557,10.717256260540648
2021-09-19 12:00:00,10.704835672193187,11.142679037946213,11.030868796351742
2021-09-19 13:00:00,10.407529037162819,10.813839674253817,10.501425195151844
2021-09-19 14:00:00,9.9858565397455,10.374093848084014,10.286442180217353
2021-09-19 15:00:00,11.208886385103229,11.640641115676237,11.54500093439964
2021-09-19 16:00:00,14.775631266678669,15.371849801337147,15.22830311447785
2021-09-19 17:00:00,19.019257237629233,19.76523023523446,19.467561587331424
2021-09-19 18:00:00,19.4474108386785,20.20101432139729,19.987517958402595
2021-09-19 19:00:00,17.910858776037866,18.618623370437383,18.406685146443326
2021-09-19 20:00:00,15.357907254886234,15.991433066342298,15.79235225918866
2021-09-19 21:00:00,12.794947921119604,13.330670772984098,13.155849686062954
2021-09-19 22:00:00,9.68564360235473,10.071920353866936,9.976009663498548
2021-09-19 23:00:00,7.1427315437743815,7.38091560003342,7.333640289894638
2021-09-20 00:00:00,5.610400378651307,5.805014602104895,5.7673141349580845
2021-09-20 01:00:00,4.896815146755734,5.068023981538277,5.0345027725752125
2021-09-20 02:00:00,4.5916997863647655,4.766669301823793,4.725532279042341
2021-09-20 03:00:00,4.5883816538691615,4.830353211197521,4.747356408109753
2021-09-20 04:00:00,4.8951436521466904,5.225562649856508,5.088967260695559
2021-09-20 05:00:00,6.303061471595885,6.753158715099769,6.35993561429163
2021-09-20 06:00:00,8.854550069097332,9.527317575056184,9.085414446432333
2021-09-20 07:00:00,10.786653655429024,11.534299148354489,11.165797935199429
2021-09-20 08:00:00,11.366125399114141,12.044751485925586,11.66436999688887
2021-09-20 09:00:00,10.768353029616948,11.34805135046719,11.10594036172228
2021-09-20 10:00:00,10.258943926275704,10.764651475847856,10.564237393940667
2021-09-20 11:00:00,10.393720624302862,10.861220678520942,10.727689547256439
2021-09-20 12:00:00,10.699110013073016,11.16987853288071,11.039397467871112
2021-09-20 13:00:00,10.321980300902345,10.757489743662294,10.558335782914725
2021-09-20 14:00:00,10.040553362850192,10.455395709465066,10.31698981659818
2021-09-20 15:00:00,11.283193559105626,11.743998484475624,11.59121053160356
2021-09-20 16:00:00,14.854923291948781,15.494908189923837,15.280054704796118
2021-09-20 17:00:00,18.913966499227886,19.712805276148316,19.44209348240372
2021-09-20 18:00:00,19.380460613771852,20.185826832377327,19.96274746284763
2021-09-20 19:00:00,17.864844023513864,18.62304400949026,18.40279033908401
2021-09-20 20:00:00,15.322512124846044,16.004697381806626,15.785403009408284
2021-09-20 21:00:00,12.771123703814434,13.360107661650757,13.154870896687306
2021-09-20 22:00:00,9.689922916336544,10.103995439198577,9.986278738199404
2021-09-20 23:00:00,7.142045472417332,7.395127054142079,7.342360812646031
2021-09-21 00:00:00,5.620293538494733,5.829500462214665,5.774673819909818
2021-09-21 01:00:00,4.896004013298877,5.0762851994089555,5.034855707530906
2021-09-21 02:00:00,4.741684499285846,4.930423994140774,4.727480012314738
2021-09-21 03:00:00,4.590588852586813,4.861514588534638,4.753134561175473
2021-09-21 04:00:00,4.911076924997034,5.313199659576185,5.108282926489177
2021-09-21 05:00:00,6.3380014116122725,6.892544649774935,6.5147800120191945
2021-09-21 06:00:00,9.127252870881067,9.9427352150752,9.126068006418054
2021-09-21 07:00:00,10.836130074501444,11.729644700469295,11.204315347226464
2021-09-21 08:00:00,11.305774973228127,12.075498512691182,11.68323030680467
2021-09-21 09:00:00,10.853950968128899,11.490981099377866,11.110550097125369
2021-09-21 10:00:00,10.254038136074614,10.805622702377738,10.565276520324225
2021-09-21 11:00:00,10.39630787508287,10.901513722163077,10.734835748456694
2021-09-21 12:00:00,10.701633253661619,11.209245099901098,11.04645426990582
2021-09-21 13:00:00,10.32216963907342,10.79035261547555,10.56017146088643
2021-09-21 14:00:00,10.035666798557898,10.480280246875692,10.313708472063432
2021-09-21 15:00:00,11.254004595548375,11.747316758638053,11.570156538166996
2021-09-21 16:00:00,14.850761913009002,15.539721476606791,15.285896805849529
2021-09-21 17:00:00,18.88535800819255,19.743353719083466,19.452528327899067
2021-09-21 18:00:00,19.395333220854543,20.25862206518587,19.973975308169127
2021-09-21 19:00:00,17.874473574176694,18.689110884409683,18.414459362666435
2021-09-21 20:00:00,15.316764179172504,16.053399472471124,15.79520188360215
2021-09-21 21:00:00,12.768375085059656,13.393355431696191,13.159643545130775
2021-09-21 22:00:00,9.710497237638343,10.155673295371141,9.993018554265799
2021-09-21 23:00:00,7.1667064998927135,7.428894540156624,7.34357291822264
2021-09-22 00:00:00,5.607133644287722,5.803091776643216,5.767304929419411
2021-09-22 01:00:00,4.8967355707934495,5.070333040663239,5.036137140278294
2021-09-22 02:00:00,4.591092641016027,4.768685966523957,4.7266824132387635
2021-09-22 03:00:00,4.591783595095328,4.837448239130337,4.750169074839419
2021-09-22 04:00:00,4.903874686561958,5.247738571612493,5.095852786988975
2021-09-22 05:00:00,6.3203721798233,6.788075610458069,6.47870772426411
2021-09-22 06:00:00,9.078080395074112,9.748673967172904,9.083795734952233
2021-09-22 07:00:00,10.793356011749353,11.538718841702838,11.161948872733934
2021-09-22 08:00:00,11.295670229598722,11.972410107999824,11.661384377927382
2021-09-22 09:00:00,10.811242564852673,11.38946913564283,11.102331685164575
2021-09-22 10:00:00,10.251147424358011,10.755677276912385,10.557057019801835
2021-09-22 11:00:00,10.39787966365943,10.864411782231933,10.729390440572276
2021-09-22 12:00:00,10.700949207303042,11.170771931617582,11.039407481446005
2021-09-22 13:00:00,10.335368866336461,10.77003955527429,10.568984988071183
2021-09-22 14:00:00,10.04393103898824,10.458009139359795,10.319669910502014
2021-09-22 15:00:00,11.274875681194365,11.734846121681807,11.584436644556849
2021-09-22 16:00:00,14.859005311892803,15.497732993907439,15.283242874716285
2021-09-22 17:00:00,18.90580847317785,19.703128647763553,19.442643884562965
2021-09-22 18:00:00,19.3754533687855,20.179332670663598,19.96311729398155
2021-09-22 19:00:00,17.867645180228468,18.62439637826693,18.404176739009706
2021-09-22 20:00:00,15.318079547838476,15.99886703201472,15.785918107289685
2021-09-22 21:00:00,12.753642623613139,13.33027789624007,13.15038718467945
2021-09-22 22:00:00,9.689484329255496,10.102758401327357,9.986898100467586
2021-09-22 23:00:00,7.141055543289257,7.390018624723097,7.340189007142745
2021-09-23 00:00:00,5.630389313409278,5.8286475419526065,5.766552377030965
2021-09-23 01:00:00,4.893919621984953,5.068406836007576,5.033395066396264
2021-09-23 02:00:00,4.588369200075786,4.76745309333925,4.724196433267117
2021-09-23 03:00:00,4.58925941065257,4.840168049560173,4.7492753641146415
2021-09-23 04:00:00,4.895703278985838,5.240860358242037,5.09272474781968
2021-09-23 05:00:00,6.314815910352236,6.786381122663371,6.378762828087626
2021-09-23 06:00:00,8.954260020619344,9.652009802946752,9.080419280831322
2021-09-23 07:00:00,10.788767818910223,11.570441813210103,11.179700643926848
2021-09-23 08:00:00,11.316154697638662,12.02289919100927,11.684613667309284
2021-09-23 09:00:00,10.785637849612918,11.387276093069863,11.12880535113637
2021-09-23 10:00:00,10.27770652221378,10.800970436908608,10.58567295554596
2021-09-23 11:00:00,10.403433857052573,10.885363286018565,10.737477557465683
2021-09-23 12:00:00,10.70780337224258,11.192671215355524,11.048332019109619
2021-09-23 13:00:00,10.383136293690969,10.831149349966893,10.61439805890676
2021-09-23 14:00:00,10.057775213577324,10.484010461667587,10.331001879446836
2021-09-23 15:00:00,11.269096402826708,11.742341303051285,11.58103353358491
2021-09-23 16:00:00,14.869411246734831,15.528137928127839,15.291730891215295
2021-09-23 17:00:00,18.98212726867339,19.803604412391167,19.451215191834272
2021-09-23 18:00:00,19.392167413946357,20.21969965027854,19.969873106808762
2021-09-23 19:00:00,17.87319108653614,18.652988690269716,18.40932877437764
2021-09-23 20:00:00,15.32555026939321,16.028572642343683,15.792150796994584
2021-09-23 21:00:00,12.754227305986234,13.350110376517462,13.156762288092908
2021-09-23 22:00:00,9.69020575559651,10.116181079767513,9.990321101827632
2021-09-23 23:00:00,7.2333349197591,7.487369138375818,7.340348854274816
2021-09-24 00:00:00,5.632373858777277,5.907988434416779,5.79422708850915
2021-09-24 01:00:00,4.896586777004609,5.151001743869868,5.062224543858945
2021-09-24 02:00:00,4.593798833932475,4.850676320008354,4.753835650048919
2021-09-24 03:00:00,4.600840241268311,4.916197682485696,4.775050882320886
2021-09-24 04:00:00,4.923964749191294,5.330163445908547,5.118055966821198
2021-09-24 05:00:00,6.345907453452889,6.910284921540722,6.529710947341854
2021-09-24 06:00:00,9.291543598559048,10.126956301552752,9.150265938595208
2021-09-24 07:00:00,10.861183950060893,11.841608314890724,11.266460928639274
2021-09-24 08:00:00,11.308169891006916,12.1490297217773,11.72043703836136
2021-09-24 09:00:00,10.776484501399068,11.471786522587319,11.1506215631394
2021-09-24 10:00:00,10.257002328865507,10.858103877415296,10.590428228615236
2021-09-24 11:00:00,10.400961300466008,10.962303418670533,10.761823085180694
2021-09-24 12:00:00,10.701156352020757,11.255019793180848,11.0678778887397
2021-09-24 13:00:00,10.338757581844764,10.859022541886592,10.59910309497978
2021-09-24 14:00:00,10.040750470324326,10.548191533012982,10.348085161536106
2021-09-24 15:00:00,11.260895004150642,11.820878907531933,11.607578812205094
2021-09-24 16:00:00,14.843565131755893,15.561629240217965,15.297266654514628
2021-09-24 17:00:00,18.895055552145358,19.78064055589811,19.47316640847532
2021-09-24 18:00:00,19.399289444570652,20.32906007151885,20.006848045000233
2021-09-24 19:00:00,17.90468795360885,18.833466065603947,18.46668507008763
2021-09-24 20:00:00,15.329707189547051,16.15976900321464,15.838119320427827
2021-09-24 21:00:00,12.826630253054674,13.581310131268863,13.217124824746824
2021-09-24 22:00:00,9.73742081957242,10.289707072019086,10.039848598617663
2021-09-24 23:00:00,7.155736052614989,7.518068654957975,7.382167202337546
2021-09-25 00:00:00,5.624607514550932,5.955614218592895,5.809127320989471
2021-09-25 01:00:00,5.010634881547754,5.318659365138651,5.075976576001849
2021-09-25 02:00:00,4.619756378007594,4.929697698219988,4.765785485345978
2021-09-25 03:00:00,4.619339880596325,4.988797719247961,4.784386629603622
2021-09-25 04:00:00,4.979383351309169,5.457992511131898,5.13370262897588
2021-09-25 05:00:00,6.027052559911179,6.709445791871598,6.228941295526703
2021-09-25 06:00:00,8.799781836535475,9.83563229087326,9.140350901186993
2021-09-25 07:00:00,11.410207245448468,12.548029459448495,11.661333397311655
2021-09-25 08:00:00,11.279848359249035,12.263260486069468,11.716957923981996
2021-09-25 09:00:00,10.75820024586746,11.542476420298616,11.13133461356705
2021-09-25 10:00:00,10.207330406582784,10.880240367813522,10.576966387347763
2021-09-25 11:00:00,10.410735318186426,11.034363321048252,10.769351784246654
2021-09-25 12:00:00,10.707119631435798,11.320024072138278,11.076779753562686
2021-09-25 13:00:00,10.597872707844298,11.172838343569499,10.637307503258402
2021-09-25 14:00:00,9.989397979215761,10.54993384747729,10.33345225151961
2021-09-25 15:00:00,11.217239853646209,11.834789808790385,11.597031469762728
2021-09-25 16:00:00,14.782116767647738,15.571810306363586,15.277930715422134
2021-09-25 17:00:00,19.11564035538324,20.086145891852297,19.571631838886344
2021-09-25 18:00:00,19.499940925821935,20.52121300417455,20.05672846981514
2021-09-25 19:00:00,17.94055328484102,18.927897664793477,18.48271369092056
2021-09-25 20:00:00,15.443758798088078,16.398700859569768,15.893541522195662
2021-09-25 21:00:00,12.916972771416148,13.767004579888427,13.272941263983679
2021-09-25 22:00:00,9.757562165907329,10.362738543192592,10.046198333076527
2021-09-25 23:00:00,7.162912172154952,7.541831417848116,7.379317251445739
2021-09-26 00:00:00,5.620550147177265,5.912975005790039,5.802152831716692
2021-09-26 01:00:00,4.9040437173570774,5.176729687773147,5.06795456110948
2021-09-26 02:00:00,4.607182417868774,4.881355590094671,4.757579273360505
2021-09-26 03:00:00,4.612748531685108,4.94056225377933,4.774889549090625
2021-09-26 04:00:00,4.926508375489406,5.340304546210274,5.113852752957333
2021-09-26 05:00:00,6.115925819248967,6.694137966064696,6.203561503925123
2021-09-26 06:00:00,8.7328542110611,9.602873047812931,9.095971483016333
2021-09-26 07:00:00,11.269774231028938,12.260276274186026,11.536589090154866
2021-09-26 08:00:00,11.281550815780017,12.191256174023092,11.707871830807106
2021-09-26 09:00:00,10.776229073739543,11.495195681221965,11.121412121135203
2021-09-26 10:00:00,10.210086987962153,10.8247736122781,10.565849968829104
2021-09-26 11:00:00,10.414898303212166,10.98802397755783,10.759951879855668
2021-09-26 12:00:00,10.707383819238652,11.272416932894597,11.06733912018252
2021-09-26 13:00:00,10.529499575168735,11.060113083463825,10.58046340258435
2021-09-26 14:00:00,9.99336493225312,10.510850736631054,10.326173730184589
2021-09-26 15:00:00,11.215224290769614,11.786098828626173,11.586910668728297
2021-09-26 16:00:00,14.783694956086162,15.51531027952089,15.26484011733536
2021-09-26 17:00:00,19.063351621423006,19.96500231759233,19.526970449694474
2021-09-26 18:00:00,19.500257190681076,20.447338521259027,20.03575124052998
2021-09-26 19:00:00,17.92299581610115,18.83539293457751,18.452448542631384
2021-09-26 20:00:00,15.397654185274554,16.236840787818014,15.8490405041932
2021-09-26 21:00:00,12.871586193263802,13.608704302982916,13.237605186902613
2021-09-26 22:00:00,9.734355248782158,10.273196328001259,10.034633209929096
2021-09-26 23:00:00,7.191605858002042,7.5587846606042834,7.382314649258462
2021-09-27 00:00:00,5.620563754798576,5.943166830205644,5.804662299559725
2021-09-27 01:00:00,4.92346752453699,5.228842480548552,5.074249740792673
2021-09-27 02:00:00,4.622814705553187,4.93295777515806,4.764674259143356
2021-09-27 03:00:00,4.660829007503785,5.052823251458744,4.789918375076443
2021-09-27 04:00:00,5.084747764129655,5.561516239435084,5.1249532989858215
2021-09-27 05:00:00,6.365015518487386,7.023542603362125,6.5219131611432095
2021-09-27 06:00:00,9.178957313507452,10.168534042462303,9.17357042958443
2021-09-27 07:00:00,10.958405345903476,12.091734699633957,11.289520728741989
2021-09-27 08:00:00,11.351399497299154,12.385198122598922,11.77028732890435
2021-09-27 09:00:00,10.785221357681651,11.596062499839212,11.161288820517655
2021-09-27 10:00:00,10.274037797509244,10.951271211323297,10.604878413165975
2021-09-27 11:00:00,10.400773847660258,11.02815196919025,10.766766235789431
2021-09-27 12:00:00,10.705216970075178,11.321676160875356,11.073769358238266
2021-09-27 13:00:00,10.318585930828258,10.896844993726717,10.569252924631956
2021-09-27 14:00:00,10.017072935129741,10.580805544075883,10.33199000385787
2021-09-27 15:00:00,11.24230698497459,11.863322886320795,11.592048232591841
2021-09-27 16:00:00,14.828236785982442,15.622243001078541,15.275239247542437
2021-09-27 17:00:00,18.87559420754469,19.851212653251558,19.477800067837205
2021-09-27 18:00:00,19.38525894598468,20.412040158597218,20.012108611188843
2021-09-27 19:00:00,17.87751883710737,18.870428527267244,18.456808216964987
2021-09-27 20:00:00,15.318253020770783,16.2365765409384,15.839565915432576
2021-09-27 21:00:00,12.781698297988925,13.594475684553815,13.209385551915451
2021-09-27 22:00:00,9.722282989017296,10.31042225744318,10.031676894331182
2021-09-27 23:00:00,7.174146850560605,7.554507458084075,7.378681869965285
2021-09-28 00:00:00,5.615459931722824,5.920351701678879,5.8067429349797175
2021-09-28 01:00:00,4.906772844781585,5.195850084214995,5.076907684457755
2021-09-28 02:00:00,4.596733119068598,4.878822958789909,4.762707537968572
2021-09-28 03:00:00,4.60789783217747,4.958395184601897,4.787206141994005
2021-09-28 04:00:00,4.927303560838094,5.368249542648239,5.128871474054009
2021-09-28 05:00:00,6.335588620038776,6.928405995770947,6.54471973926531
2021-09-28 06:00:00,9.191518507953443,10.06923717075945,9.15706721218484
2021-09-28 07:00:00,10.863064038239829,11.862151162496051,11.278248259974697
2021-09-28 08:00:00,11.347656033059236,12.24175851293327,11.763319877503832
2021-09-28 09:00:00,10.794443942513697,11.543302140858497,11.175597980790114
2021-09-28 10:00:00,10.281755735357203,10.92608089358128,10.621573265505692
2021-09-28 11:00:00,10.524654970926083,11.12348880724735,10.7725691134244
2021-09-28 12:00:00,10.703904847602214,11.293306814454812,11.080149950355489
2021-09-28 13:00:00,10.383864633490175,10.93705554978678,10.640323401384213
2021-09-28 14:00:00,10.059355305692495,10.598755703870308,10.368941552114894
2021-09-28 15:00:00,11.294798231933768,11.889432846269274,11.64104954871367
2021-09-28 16:00:00,14.86527229853899,15.626452281853181,15.3247256256348
2021-09-28 17:00:00,18.962876738190932,19.89957792488692,19.490576038817558
2021-09-28 18:00:00,19.4203510451648,20.405199104860436,20.024220898003588
2021-09-28 19:00:00,17.88909565397275,18.83964460414215,18.471254939174205
2021-09-28 20:00:00,15.42102818496381,16.31608939760869,15.867113579130075
2021-09-28 21:00:00,12.773707351341352,13.530333187499801,13.2141077324234
2021-09-28 22:00:00,9.721766921705383,10.266915947850851,10.033912653164911
2021-09-28 23:00:00,7.162177742289472,7.526925100249448,7.3828047899147755
2021-09-29 00:00:00,5.623673017927871,5.866106914514665,5.783819271571211
2021-09-29 01:00:00,4.921696351757099,5.136759457566,5.0506101269173005
2021-09-29 02:00:00,4.619864555534495,4.853432793291619,4.742788256841938
2021-09-29 03:00:00,4.624822168032781,4.99724766089902,4.785289608851026
2021-09-29 04:00:00,4.9776285405905405,5.53249021082426,5.153139029612778
2021-09-29 05:00:00,6.394783358475018,7.165959489497951,6.616217668134204
2021-09-29 06:00:00,9.317294042084123,10.46037249275089,9.225574242179558
2021-09-29 07:00:00,11.07038893740007,12.302682850339082,11.351038637339796
2021-09-29 08:00:00,11.399710902257048,12.424052609194645,11.790110933184843
2021-09-29 09:00:00,10.799795453564865,11.63690298312813,11.191133963289392
2021-09-29 10:00:00,10.277784608047023,10.989471464616573,10.628044640969792
2021-09-29 11:00:00,10.402654804567689,11.039446884225699,10.775933829933008
2021-09-29 12:00:00,10.709158874455051,11.34534710519118,11.085072396144815
2021-09-29 13:00:00,10.366311205677546,10.948518762140862,10.62048572345861
2021-09-29 14:00:00,10.064449132082435,10.612958210631433,10.364507738152986
2021-09-29 15:00:00,11.27907953251547,11.885835933700983,11.6207324537748
2021-09-29 16:00:00,14.850335845837913,15.710207920534907,15.324591887232284
2021-09-29 17:00:00,18.935937543856234,20.00037999624636,19.51255110007457
2021-09-29 18:00:00,19.404380886177968,20.4698089648744,20.031634493689307
2021-09-29 19:00:00,17.92956919184374,18.941162309446984,18.470139002961858
2021-09-29 20:00:00,15.385065741785553,16.32514131965425,15.85605181562174
2021-09-29 21:00:00,12.759218216709701,13.548691266741814,13.207801855301497
2021-09-29 22:00:00,9.711947109941343,10.265668742845087,10.025724385876803
2021-09-29 23:00:00,7.1669352920772775,7.471973856654003,7.358036343636586
2021-09-30 00:00:00,5.614157802848842,5.838699688093034,5.782887657561514
2021-09-30 01:00:00,4.896895564384879,5.095029231241537,5.047180854634879
2021-09-30 02:00:00,4.600082180077435,4.814981284019221,4.744815226055123
2021-09-30 03:00:00,4.59928086515778,4.922151718911251,4.785120365095189
2021-09-30 04:00:00,4.909124516052143,5.36773713380563,5.1469038989115425
2021-09-30 05:00:00,6.328329255492609,6.960661339432875,6.57695623468822
2021-09-30 06:00:00,9.314488974768887,10.246779317703027,9.202622549466351
2021-09-30 07:00:00,10.883647509137083,11.910763929049365,11.328897252969274
2021-09-30 08:00:00,11.32136666430177,12.230924964671983,11.7715337368281
2021-09-30 09:00:00,10.787919556404786,11.547807138058731,11.198474147403424
2021-09-30 10:00:00,10.269167433018005,10.919062749819958,10.63029178491018
2021-09-30 11:00:00,10.400385322126041,10.986391645317546,10.782175983836352
2021-09-30 12:00:00,10.709176151888064,11.295740278168363,11.091816152682222
2021-09-30 13:00:00,10.369139696949901,10.907339423408972,10.624777841058808
2021-09-30 14:00:00,10.083594980066486,10.59200550064715,10.386397551191354
2021-09-30 15:00:00,11.287575191459085,11.85054774584242,11.63392293489469
2021-09-30 16:00:00,14.864774812855813,15.658683138946884,15.346262212943893
2021-09-30 17:00:00,18.985206337083955,19.969970591142175,19.533145552428554
2021-09-30 18:00:00,19.481450019358004,20.46886238373781,20.056378096536086
2021-09-30 19:00:00,17.909707215133135,18.84528516403812,18.489143678691587
2021-09-30 20:00:00,15.356107732701979,16.209425066780852,15.863985344677898
2021-09-30 21:00:00,12.808775429884795,13.534762458533747,13.221669551395212
2021-09-30 22:00:00,9.696217419915914,10.212157129045584,10.032042051230539
2021-09-30 23:00:00,7.156491137374626,7.450849203663304,7.361969129496308
2021-10-01 00:00:00,6.038589480643191,7.489419409755489,6.569466528306513
2021-10-01 01:00:00,5.042717075669402,6.458750515381144,5.771815049531116
2021-10-01 02:00:00,4.711939941670096,6.197814883784747,5.492858938588913
2021-10-01 03:00:00,4.782556370041824,6.743506339521929,5.721576165395765
2021-10-01 04:00:00,5.068283868972467,7.660232986380561,6.367496493370278
2021-10-01 05:00:00,6.478867934174557,10.156685242416179,8.342397254506174
2021-10-01 06:00:00,9.95200418559253,15.682070077093082,12.005960237779588
2021-10-01 07:00:00,12.078703115805533,18.42170917690254,14.822755495715864
2021-10-01 08:00:00,12.181337897303191,17.437764497276543,14.615937345433334
2021-10-01 09:00:00,11.368109555640999,15.432807157108215,13.18443914984974
2021-10-01 10:00:00,10.617299751958072,13.937741013171532,12.173090314132423
2021-10-01 11:00:00,10.56009222060143,13.48016186617156,12.122640751251001
2021-10-01 12:00:00,10.762550124819978,13.552259321884899,12.342333654450872
2021-10-01 13:00:00,10.69503116328934,13.28677652711354,11.792985714648417
2021-10-01 14:00:00,10.292370267359605,12.810478436309952,11.57614395550752
2021-10-01 15:00:00,11.422272675949289,14.162246984571416,12.878757509436381
2021-10-01 16:00:00,15.193622508650925,18.62424837711183,16.87775528090017
2021-10-01 17:00:00,19.69163655298983,23.793109060927033,21.534774973101538
2021-10-01 18:00:00,19.8365694902957,24.2314428995033,22.127982059760487
2021-10-01 19:00:00,18.572530427597915,22.967876325848007,20.669063578556262
2021-10-01 20:00:00,15.929646192263219,20.204279768166586,17.985220333415587
2021-10-01 21:00:00,13.307774632858582,17.15456987693074,15.14567349860796
2021-10-01 22:00:00,10.171927425325157,12.769006852303198,11.460560593723361
2021-10-01 23:00:00,7.384485770302644,8.931374913194547,8.124774414880132
2021-10-02 00:00:00,5.873476642420142,7.173902504743854,6.394761196856076
2021-10-02 01:00:00,4.997811268894993,6.294157922633149,5.665768381096973
2021-10-02 02:00:00,4.653667027295241,6.004917604080107,5.386689092060124
2021-10-02 03:00:00,4.6911213958033935,6.594804249694948,5.692438875279402
2021-10-02 04:00:00,5.022743392452703,7.61419467766936,6.394628653603454
2021-10-02 05:00:00,6.084452142755618,9.850967730274503,8.072093975033582
2021-10-02 06:00:00,8.94546867329004,14.691858500412119,11.946845774087826
2021-10-02 07:00:00,11.825436217562812,18.22437320098072,14.938520057891315
2021-10-02 08:00:00,12.348840702135336,17.744813287552194,14.642073073232092
2021-10-02 09:00:00,11.610834853007264,15.466325919498695,13.028195468011939
2021-10-02 10:00:00,10.424241063231559,13.54022338747548,12.077001971288347
2021-10-02 11:00:00,10.579328440575061,13.322052489859406,12.086174584425434
2021-10-02 12:00:00,10.982323168800871,13.603925878709621,12.476255400221877
2021-10-02 13:00:00,10.649225937119683,13.085222948011651,11.7265134467896
2021-10-02 14:00:00,10.052393208270008,12.419325392391594,11.430144554251497
2021-10-02 15:00:00,11.278250626069015,13.854318042593894,12.772325272684455
2021-10-02 16:00:00,14.875917882310823,18.10259442758462,16.750511851278446
2021-10-02 17:00:00,19.711978023620173,23.571657666378673,21.501610352273083
2021-10-02 18:00:00,20.082067747698026,24.216410547930337,22.073193558473072
2021-10-02 19:00:00,18.594980632518173,23.049327848776418,20.790099385711905
2021-10-02 20:00:00,16.002072932095828,20.29821177447288,18.09116670666872
2021-10-02 21:00:00,13.729686568060629,17.837495191857112,15.473952649849778
2021-10-02 22:00:00,10.07631420037307,12.838943386696736,11.441939140380423
2021-10-02 23:00:00,7.42578461418163,9.101279119134507,8.193963333844337
2021-10-03 00:00:00,5.8694423889082925,8.059140469331535,6.768435586530845
2021-10-03 01:00:00,5.025929944805079,7.049736500174279,5.955969552168718
2021-10-03 02:00:00,4.707514720712923,6.806089395928237,5.68262080382339
2021-10-03 03:00:00,4.730961436793909,7.250211020920204,5.883793802073104
2021-10-03 04:00:00,5.083569265177541,8.241589343851127,6.500182502074292
2021-10-03 05:00:00,6.085571645782934,10.257250832962617,8.04064257577511
2021-10-03 06:00:00,8.934559415271018,15.081777604204076,11.788768593968626
2021-10-03 07:00:00,12.398906286044873,19.652492567113008,15.269199517837556
2021-10-03 08:00:00,12.416101254564367,18.780226236320676,14.692708632803674
2021-10-03 09:00:00,11.83876022566755,16.921907107724003,13.45895731490279
2021-10-03 10:00:00,11.123918162436675,15.347987915684547,12.778190523975821
2021-10-03 11:00:00,10.724859615052537,14.373659948355142,12.371176012507892
2021-10-03 12:00:00,10.860614876802533,14.354159681382567,12.571355196273421
2021-10-03 13:00:00,10.897775772206929,14.265877709632464,12.303916896999173
2021-10-03 14:00:00,10.125582479821812,13.551557803333868,11.847076305820687
2021-10-03 15:00:00,11.502347706664134,15.246209458318724,13.265753933071194
2021-10-03 16:00:00,15.051090420001241,19.430951148702565,17.179513182671283
2021-10-03 17:00:00,20.037478303491216,24.99197395872064,21.923461363727906
2021-10-03 18:00:00,20.451445917683866,25.870778498399137,22.559668060992276
2021-10-03 19:00:00,18.78393731120255,24.539271628044315,21.155325163562146
2021-10-03 20:00:00,16.054697859893206,21.397986757286592,18.333531752904673
2021-10-03 21:00:00,14.074097914528883,19.133518285959887,15.858263644816056
2021-10-03 22:00:00,10.425703762226375,14.08757326462705,11.817106071356958
2021-10-03 23:00:00,7.623797546569579,9.949674412848882,8.465745169217026
2021-10-04 00:00:00,5.876597319280975,7.5126149634952855,6.597584424257265
2021-10-04 01:00:00,5.14475832088704,6.829296219058942,5.864168407658204
2021-10-04 02:00:00,4.7615011697025915,6.461006289931191,5.566562455760702
2021-10-04 03:00:00,4.814467945222482,7.069947209375823,5.834823508299404
2021-10-04 04:00:00,5.164099071997986,8.32580060542288,6.603042874793814
2021-10-04 05:00:00,6.6434617160403056,11.37306506874408,8.82040184851466
2021-10-04 06:00:00,10.067916757833029,17.006923353909354,12.56036387624597
2021-10-04 07:00:00,12.710090597996265,20.620462463814164,15.842209338955444
2021-10-04 08:00:00,12.639148882556253,19.099117708610095,15.026981148201864
2021-10-04 09:00:00,11.300805072027224,16.108159796364156,13.489019503320346
2021-10-04 10:00:00,10.489775983899833,14.072851929825033,12.236508362722017
2021-10-04 11:00:00,10.493181144322904,13.641057436332131,12.206415647221547
2021-10-04 12:00:00,10.778522147366232,13.784170030734876,12.418169859875777
2021-10-04 13:00:00,10.418324860363262,13.210134453088463,11.811707817687802
2021-10-04 14:00:00,10.120707709306227,12.833006739756563,11.552033264785758
2021-10-04 15:00:00,11.422233758842815,14.372752226434407,12.956218032697548
2021-10-04 16:00:00,15.077169533787263,18.769775470159797,16.99157890683892
2021-10-04 17:00:00,19.623749119479665,24.035813054003498,21.564371461269737
2021-10-04 18:00:00,20.216786353573063,24.94632047930476,22.331521850629038
2021-10-04 19:00:00,18.490790253013653,23.224209360921762,20.706322398131096
2021-10-04 20:00:00,15.920892433584202,20.568249643334948,18.08180433497188
2021-10-04 21:00:00,13.28935557497732,17.37949408077096,15.192430960723504
2021-10-04 22:00:00,10.06721118572188,12.865936832201193,11.390182221390042
2021-10-04 23:00:00,7.639367413387977,9.29876611181542,8.37677131279432
2021-10-05 00:00:00,5.750833542015916,6.543303033177442,6.102737385306122
2021-10-05 01:00:00,4.972244110210507,5.681321649881824,5.344746474464068
2021-10-05 02:00:00,4.661106665153459,5.511103350758045,5.102117212244407
2021-10-05 03:00:00,4.676156504791848,6.384394208435045,5.515696995481643
2021-10-05 04:00:00,4.957130258520794,7.705558965717343,6.332763364511958
2021-10-05 05:00:00,6.3768623389218755,10.349111149814147,8.282699325382787
2021-10-05 06:00:00,9.988637086326412,15.88965106188293,12.105814521961232
2021-10-05 07:00:00,11.728642729665815,18.05918898641693,14.271345374917631
2021-10-05 08:00:00,12.116084909684297,17.407969503811024,14.221868814691895
2021-10-05 09:00:00,11.355114678072095,15.534395870101076,13.059849717526573
2021-10-05 10:00:00,10.56343053960267,13.949530709905464,12.112256196659123
2021-10-05 11:00:00,10.662340739238303,13.497202388822286,12.012549794999796
2021-10-05 12:00:00,11.051349071922967,13.83532915471387,12.43330350518511
2021-10-05 13:00:00,10.749525605991401,13.236445796490283,11.722620955721197
2021-10-05 14:00:00,10.274048720956872,12.558072365016798,11.33266206327671
2021-10-05 15:00:00,11.550177714112634,14.051952482774121,12.736860586383816
2021-10-05 16:00:00,15.404792817849277,19.11965650076542,17.048063900982893
2021-10-05 17:00:00,19.796785779052215,24.309797974720524,21.568784920425692
2021-10-05 18:00:00,19.878715889292003,24.32075937251682,22.00224323252059
2021-10-05 19:00:00,18.35346309730749,22.65508556159626,20.431479319618514
2021-10-05 20:00:00,15.747311144020356,19.848146828629453,17.69140604663554
2021-10-05 21:00:00,13.409650537305204,16.94687613504316,14.912370988648561
2021-10-05 22:00:00,10.031276905069632,12.398187661632628,11.103350825821826
2021-10-05 23:00:00,7.432531760590006,8.46150924967625,7.912832366585578
2021-10-06 00:00:00,5.674588114511145,6.403411123882747,6.084259817175415
2021-10-06 01:00:00,4.931748379441234,5.583565487399173,5.319993208806549
2021-10-06 02:00:00,4.638675533304496,5.416810169993656,5.084420280114704
2021-10-06 03:00:00,4.687336075458294,6.239478003716937,5.497054268508784
2021-10-06 04:00:00,4.948765352746591,7.439777559236001,6.298556783811062
2021-10-06 05:00:00,6.509919115898363,10.107206681647522,8.224998901520815
2021-10-06 06:00:00,9.481558065075125,14.825245916816128,11.727938855177873
2021-10-06 07:00:00,11.591475893451966,17.32767764745736,14.136066193042263
2021-10-06 08:00:00,11.817682018012476,16.618448293982155,14.110038665402547
2021-10-06 09:00:00,11.001749314215633,14.797826078624315,12.989086278545116
2021-10-06 10:00:00,10.655135177079156,13.734594482301,12.137954441607455
2021-10-06 11:00:00,10.481548833748453,13.064385880041279,11.941743503482368
2021-10-06 12:00:00,10.892432560111702,13.430152744275137,12.332380084566019
2021-10-06 13:00:00,10.386165830445151,12.65469691600199,11.57605607988162
2021-10-06 14:00:00,10.156725937356141,12.241760261030887,11.308371349222545
2021-10-06 15:00:00,11.465820659322729,13.750317840947385,12.704600578781548
2021-10-06 16:00:00,15.408641067180438,18.79615927509178,16.9944232580909
2021-10-06 17:00:00,19.82254741709626,23.940156103538587,21.55777574591657
2021-10-06 18:00:00,19.95795699363002,24.012847053943965,21.983530058499152
2021-10-06 19:00:00,18.484947027683056,22.409343787990757,20.384164388823823
2021-10-06 20:00:00,15.886509459299367,19.623402424086606,17.69979762456294
2021-10-06 21:00:00,13.22433903083958,16.446514888909306,14.80864331803573
2021-10-06 22:00:00,10.086070379184367,12.245085864444615,11.134522884568941
2021-10-06 23:00:00,7.297265509460313,8.243238155227298,7.777069085299228
2021-10-07 00:00:00,5.717399102257384,7.188100240921736,6.469035962109795
2021-10-07 01:00:00,4.990213042293952,6.413621600048295,5.722899506036456
2021-10-07 02:00:00,4.709654769117774,6.203348897324058,5.445871972675829
2021-10-07 03:00:00,4.7107388234744985,6.676426835461609,5.692869964991725
2021-10-07 04:00:00,4.987829904075254,7.609455710939418,6.326935397004307
2021-10-07 05:00:00,6.478856334625511,10.266708524343347,8.287426021806045
2021-10-07 06:00:00,9.747637731144971,15.491861489453353,11.97685409161311
2021-10-07 07:00:00,11.824450568106952,18.317816505393026,14.644911185143696
2021-10-07 08:00:00,12.077355363625935,17.73422211881343,14.533746348923563
2021-10-07 09:00:00,11.33735261985847,15.849764962640995,13.378076862795075
2021-10-07 10:00:00,10.686135777190644,14.367914390162273,12.407404559932973
2021-10-07 11:00:00,10.586105526388675,13.819595504949316,12.23968196930447
2021-10-07 12:00:00,10.905339108010713,13.992140492791684,12.463876771418786
2021-10-07 13:00:00,10.721755562590934,13.58875276046733,11.997231748338573
2021-10-07 14:00:00,10.332657622876763,13.117936945199554,11.637940476222534
2021-10-07 15:00:00,11.561623336563043,14.591267948685555,13.044861209359565
2021-10-07 16:00:00,15.309680581257672,19.100743168335967,17.06182698146957
2021-10-07 17:00:00,20.24865947449195,24.77744905094501,21.84290429958539
2021-10-07 18:00:00,20.184432905737403,25.053261056257366,22.337245409337775
2021-10-07 19:00:00,18.9318314101217,23.945240824023063,21.13867806764848
2021-10-07 20:00:00,16.033876819479353,20.904004993166055,18.262583463038112
2021-10-07 21:00:00,13.473276193336226,17.860304675218803,15.445264796543452
2021-10-07 22:00:00,10.212703303652905,13.290823735754953,11.572511713043095
2021-10-07 23:00:00,7.480186765009202,9.369319369779298,8.276489897731517
2021-10-08 00:00:00,6.022010299003327,8.345667045800795,6.953210174658713
2021-10-08 01:00:00,5.100311210662361,7.261105556793726,6.107420820737763
2021-10-08 02:00:00,4.879321840901868,7.147681679141294,5.882753174409975
2021-10-08 03:00:00,4.9375519546289794,7.814002023442675,6.147558392971657
2021-10-08 04:00:00,5.1243411035911475,8.583870280963701,6.740270831939198
2021-10-08 05:00:00,6.6520239487274235,11.393007820030945,8.824652833593849
2021-10-08 06:00:00,10.261763815815982,17.269335100832627,12.643763513040364
2021-10-08 07:00:00,13.038995080145646,21.132339169224934,16.036913791882693
2021-10-08 08:00:00,12.820422446397133,20.266186586493944,15.55584313358449
2021-10-08 09:00:00,11.1218608507577,16.584893726458194,13.752908522600176
2021-10-08 10:00:00,10.500653318554775,14.894416334001104,12.647938588119171
2021-10-08 11:00:00,10.590185056717766,14.563590674193483,12.629165531759082
2021-10-08 12:00:00,10.831441821326509,14.633935551046282,12.816385764002396
2021-10-08 13:00:00,10.4824809302803,14.148747376551075,12.291752793445744
2021-10-08 14:00:00,10.375912743642372,14.106110239901815,12.176503763353821
2021-10-08 15:00:00,11.690967496716377,15.766548859523693,13.627002357921556
2021-10-08 16:00:00,15.445391821177179,20.209224553518705,17.571527712621034
2021-10-08 17:00:00,20.069829408810254,25.453402868666284,22.140240441086767
2021-10-08 18:00:00,20.235413928752482,25.92930757561009,22.775369163299786
2021-10-08 19:00:00,18.750240502752707,24.57706468687386,21.360949683390533
2021-10-08 20:00:00,16.018462711468583,21.686340659319107,18.61184226942484
2021-10-08 21:00:00,13.532356657006678,18.745804524448225,15.790148633139236
2021-10-08 22:00:00,10.185885461746421,13.958840632788673,11.898624594294835
2021-10-08 23:00:00,7.788053775229347,10.326974667162254,8.849837895716146
2021-10-09 00:00:00,6.240481511075033,8.563004166779722,6.897092402899223
2021-10-09 01:00:00,5.190144123725439,7.454578488454926,6.1006564552618725
2021-10-09 02:00:00,4.8866049845586375,7.243232623928272,5.83797716019336
2021-10-09 03:00:00,4.856803357020423,7.638372409363833,6.034884975714627
2021-10-09 04:00:00,5.176606637581363,8.603184669411592,6.661063651655453
2021-10-09 05:00:00,6.227552161033738,10.894764485964357,8.304318771408562
2021-10-09 06:00:00,9.489290343446763,16.450897928871292,12.602809712716557
2021-10-09 07:00:00,12.598807640108959,20.61489995306058,15.752644909418311
2021-10-09 08:00:00,12.65153587947949,19.637324521530868,15.265018267816286
2021-10-09 09:00:00,11.95200293256594,17.52671041766731,13.812526124135056
2021-10-09 10:00:00,10.512805782184456,14.827414949748283,12.514998491039462
2021-10-09 11:00:00,10.549855312337215,14.452259942376783,12.482455246979278
2021-10-09 12:00:00,10.79364641515922,14.528563676405483,12.697788753333784
2021-10-09 13:00:00,10.700460823796446,14.301509679415991,12.312135726911045
2021-10-09 14:00:00,10.122649062909781,13.786303974318646,11.971588625985454
2021-10-09 15:00:00,11.60183424989421,15.604858506911409,13.50808906810159
2021-10-09 16:00:00,15.18784797574663,19.86769442463704,17.363882725586407
2021-10-09 17:00:00,20.16477312283069,25.454494297154678,22.29533234902268
2021-10-09 18:00:00,20.64647905118988,26.585812445581436,22.901160586239758
2021-10-09 19:00:00,18.605229272018615,24.280164626833304,21.12173341243231
2021-10-09 20:00:00,16.368823894951504,21.984389947531167,18.73410717083184
2021-10-09 21:00:00,13.833781741682994,18.83494915746454,15.745057743331415
2021-10-09 22:00:00,10.377856562879884,14.029498197992703,11.811407801197145
2021-10-09 23:00:00,7.577430421174891,10.063985809712088,8.54054818021589
2021-10-10 00:00:00,6.28708012717856,8.269380319925746,6.941515042765913
2021-10-10 01:00:00,5.105186533343531,7.023389478350903,5.947007606116579
2021-10-10 02:00:00,4.832313407721961,6.862561183014239,5.702192866097095
2021-10-10 03:00:00,4.828432908009088,7.506689011743911,6.011875263689973
2021-10-10 04:00:00,5.168038547393379,8.784861261462572,6.790118902067739
2021-10-10 05:00:00,6.186970332057057,11.376918638404907,8.620692153531179
2021-10-10 06:00:00,9.20111106735113,17.026705258193477,12.743410902691595
2021-10-10 07:00:00,12.769947995833096,21.474052164116696,16.31412525291909
2021-10-10 08:00:00,12.659686568426093,20.410257556179186,15.717517386645865
2021-10-10 09:00:00,12.05827360576798,17.71159799942386,14.123797758541603
2021-10-10 10:00:00,10.97579669927734,15.38009658709252,12.750408129613348
2021-10-10 11:00:00,10.900810869426198,14.662039632400695,12.570604117344065
2021-10-10 12:00:00,11.109578479599406,14.696625232982123,12.77500760062194
2021-10-10 13:00:00,10.911392248846548,14.241859914399301,12.342441581480426
2021-10-10 14:00:00,10.366505513999341,13.601649011903525,11.87334029895198
2021-10-10 15:00:00,11.539585163997046,15.05697813753398,13.219400934695894
2021-10-10 16:00:00,15.286430156347713,19.684397962134376,17.303785009060245
2021-10-10 17:00:00,20.027830443593,25.276138719251424,22.23065422678086
2021-10-10 18:00:00,20.66854725210087,26.299130493929983,22.77005454059325
2021-10-10 19:00:00,18.78975812781217,24.433414236054436,21.17531423747614
2021-10-10 20:00:00,16.157511427984698,21.66293370881658,18.54872588007605
2021-10-10 21:00:00,13.674202058729886,18.52324493532131,15.63701381128232
2021-10-10 22:00:00,10.231524087371202,13.592396108786343,11.616069853892899
2021-10-10 23:00:00,7.482377707385456,9.47278368748073,8.315018814025583
2021-10-11 00:00:00,5.848257150829291,7.434130031310494,6.560943278080312
2021-10-11 01:00:00,5.068086466618468,6.608549359530082,5.791273343859002
2021-10-11 02:00:00,4.782567240015277,6.419173678458045,5.534295750807915
2021-10-11 03:00:00,4.801527968378256,6.965524250291763,5.795277203684157
2021-10-11 04:00:00,5.068551279489623,7.9666696210359875,6.456908007822122
2021-10-11 05:00:00,6.540173505861901,10.7815517212373,8.53156260555237
2021-10-11 06:00:00,10.16181280671417,16.672884812541856,12.347629362543092
2021-10-11 07:00:00,12.469282289031955,19.804159369460983,15.411421378179401
2021-10-11 08:00:00,12.664952457963293,18.95389857886864,15.01442870445004
2021-10-11 09:00:00,11.230732988997373,16.082437024102543,13.520349324048228
2021-10-11 10:00:00,10.562643863554255,14.40536173840349,12.423885209902261
2021-10-11 11:00:00,10.542866831120051,13.915953883726571,12.3051752526357
2021-10-11 12:00:00,10.925467169493999,14.144593090246616,12.561791269959086
2021-10-11 13:00:00,10.53814276987665,13.527736834053394,11.971173107871609
2021-10-11 14:00:00,10.170959494187588,13.075236556460407,11.682489182818172
2021-10-11 15:00:00,11.476380608533935,14.635044057503444,13.083538920886218
2021-10-11 16:00:00,15.183268926203766,19.134869634142287,17.14473078318567
2021-10-11 17:00:00,20.013461405066256,24.73257753718818,21.81301798472523
2021-10-11 18:00:00,20.157764346474384,25.318312828213664,22.465111369308996
2021-10-11 19:00:00,18.566771026172006,23.854314462573438,21.013880088733092
2021-10-11 20:00:00,16.377198255326007,21.65195756449242,18.621670843676323
2021-10-11 21:00:00,13.423951388994487,18.136883596703665,15.577064851734526
2021-10-11 22:00:00,10.168307960700663,13.445138283374172,11.670785904624058
2021-10-11 23:00:00,7.670303891664137,9.623005791685557,8.460876764947068
2021-10-12 00:00:00,5.897481019967733,8.150619191065244,6.869833009090736
2021-10-12 01:00:00,5.149448732937314,7.352312999517361,6.101628050634169
2021-10-12 02:00:00,4.864835520968108,7.143471353189004,5.847196038799974
2021-10-12 03:00:00,4.97804716680002,7.707391964366881,6.0532260327403336
2021-10-12 04:00:00,5.442340193893834,8.90732020031609,6.907517223389435
2021-10-12 05:00:00,6.869412813160574,11.764427900692406,8.925845017547292
2021-10-12 06:00:00,10.448053410297682,17.6613988303965,12.940600670594158
2021-10-12 07:00:00,12.645147430069553,21.284493393623837,15.944524677167143
2021-10-12 08:00:00,12.742855013952182,20.11085209204552,15.407068780234143
2021-10-12 09:00:00,11.45117972105367,17.25852093661558,14.00032117179309
2021-10-12 10:00:00,10.637668422891597,15.37376498002722,12.851798357754044
2021-10-12 11:00:00,10.660274152450096,14.915822612628618,12.750909023897599
2021-10-12 12:00:00,10.966667870875755,14.979090799787128,12.972532983464964
2021-10-12 13:00:00,10.6016877283224,14.37120359644161,12.371840120699972
2021-10-12 14:00:00,10.212226309744498,14.04777089634441,12.10586542649457
2021-10-12 15:00:00,11.500311463191457,15.690761822982866,13.570828021455585
2021-10-12 16:00:00,15.492820932746667,20.389616798545543,17.639881613525727
2021-10-12 17:00:00,20.289560354015375,25.96468996631769,22.361718349359702
2021-10-12 18:00:00,20.17603357284088,26.24877724913692,22.903530384723766
2021-10-12 19:00:00,18.733784895375187,24.828063104525153,21.38126641132026
2021-10-12 20:00:00,16.064890407552628,21.74225598569426,18.55657935200948
2021-10-12 21:00:00,13.67724338293621,18.74813048273546,15.882540799727686
2021-10-12 22:00:00,10.402571256079495,14.126458818786912,11.886196892222465
2021-10-12 23:00:00,7.641838179005134,10.206938495690757,8.666168282950792
2021-10-13 00:00:00,6.21941864253893,8.720360390836207,7.008574217819563
2021-10-13 01:00:00,5.324285785096235,7.7494629552149075,6.2312978692166965
2021-10-13 02:00:00,4.936089829801523,7.379367343324108,5.91260058497605
2021-10-13 03:00:00,4.939813158136082,7.868140869695687,6.100682429589803
2021-10-13 04:00:00,5.197233080245909,8.962043382331592,6.752060433164042
2021-10-13 05:00:00,6.850189905212192,12.10663350565812,9.008477497036283
2021-10-13 06:00:00,10.859556726459692,18.652946469870532,13.390217092480656
2021-10-13 07:00:00,12.58852396191792,21.451511972196272,15.541896864822618
2021-10-13 08:00:00,12.747255379909145,20.65471356035289,15.473005435267114
2021-10-13 09:00:00,11.228720314397885,17.58974691948319,14.034543550949143
2021-10-13 10:00:00,10.636135410061925,15.866179410033936,12.936384590903938
2021-10-13 11:00:00,10.79052565156617,15.390793000078283,12.843830009632306
2021-10-13 12:00:00,10.978380816370539,15.288737024096406,12.963093189700304
2021-10-13 13:00:00,10.746034818689743,14.84251889392726,12.487357758065658
2021-10-13 14:00:00,10.504512076498404,14.722489067405133,12.3135801391646
2021-10-13 15:00:00,11.669894771805192,16.304242993317345,13.709787298747028
2021-10-13 16:00:00,15.572558501298696,21.030289368125935,17.74038877254455
2021-10-13 17:00:00,20.468923267116054,26.698968345180052,22.4840821717197
2021-10-13 18:00:00,20.413621216058516,26.94927894221703,22.96923715656847
2021-10-13 19:00:00,18.812273166550668,25.39352820647964,21.497843845650863
2021-10-13 20:00:00,16.24876261875349,22.6205098495307,18.802251939831038
2021-10-13 21:00:00,13.872399316651006,19.737942361940178,16.07835736533211
2021-10-13 22:00:00,10.350013619271772,14.568322646815488,11.99866475162555
2021-10-13 23:00:00,7.706634175042441,10.602176855469237,8.743676783665324
2021-10-14 00:00:00,6.255050174178691,9.134181980935866,7.322249036675044
2021-10-14 01:00:00,5.251953331178636,8.029395368318577,6.34185298288404
2021-10-14 02:00:00,5.007521653478485,7.945025378620164,6.1323931425657285
2021-10-14 03:00:00,5.110315514361131,8.678883772339239,6.38442430242451
2021-10-14 04:00:00,5.36993371690617,9.825736844159264,7.137285743911897
2021-10-14 05:00:00,6.836046708778963,12.967042794251352,9.346729480884187
2021-10-14 06:00:00,10.606515588848511,19.69699319153042,13.834984489342883
2021-10-14 07:00:00,13.23981510723942,24.123912670776658,17.238892794394175
2021-10-14 08:00:00,13.169453809674648,22.271819427197446,16.174247008367875
2021-10-14 09:00:00,11.471787688157535,18.612422833843826,14.421750701194373
2021-10-14 10:00:00,10.616750349316524,16.447936962706567,13.227461105706352
2021-10-14 11:00:00,10.760899054711707,15.780532008231203,13.11063605543184
2021-10-14 12:00:00,11.192758905560158,15.935137806543748,13.300285066940642
2021-10-14 13:00:00,10.887241786479473,15.407404937309444,12.761514824043497
2021-10-14 14:00:00,10.437010444427944,15.161615654366752,12.511260119771865
2021-10-14 15:00:00,11.620179746921316,16.84110091472194,13.98322669946104
2021-10-14 16:00:00,15.560323799823816,21.544273770642224,18.09088449185411
2021-10-14 17:00:00,20.77714521318097,27.742468279955016,22.95624100545829
2021-10-14 18:00:00,20.62277550209542,27.93137606927909,23.429564966389588
2021-10-14 19:00:00,18.81610268639835,26.181410042303803,21.88497152600253
2021-10-14 20:00:00,16.560772540424846,23.719349682777615,19.41142288678454
2021-10-14 21:00:00,13.839159629030036,20.16468517095884,16.29599493372719
2021-10-14 22:00:00,10.38895384559458,14.88333901356933,12.232793240246705
2021-10-14 23:00:00,7.620014380118289,10.63225888719185,8.789060997543167
2021-10-15 00:00:00,5.99898467193005,8.602203831065781,7.033580543704668
2021-10-15 01:00:00,5.230251014395811,7.717865083445249,6.2078880593551125
2021-10-15 02:00:00,4.952221788591014,7.511696425753296,5.954926301169887
2021-10-15 03:00:00,4.924222330374912,7.9929837527457845,6.147348928067233
2021-10-15 04:00:00,5.220553648178424,9.072443022007368,6.825640289139341
2021-10-15 05:00:00,6.787852372889819,12.068917378324105,8.975861199424434
2021-10-15 06:00:00,10.459503811598927,18.313297982709937,13.063853871697104
2021-10-15 07:00:00,12.6989551870797,21.767484150900497,16.15255336838652
2021-10-15 08:00:00,12.969088665221635,21.20733372838481,15.806529477843586
2021-10-15 09:00:00,11.538122816101177,18.243871501088016,14.286337173660371
2021-10-15 10:00:00,10.783434992393387,16.34461859780791,13.203386076315503
2021-10-15 11:00:00,10.886735555507961,15.819344417402082,13.151168169703395
2021-10-15 12:00:00,11.069803438634302,15.75771173139628,13.229108509234065
2021-10-15 13:00:00,10.861602265508651,15.3956349504109,12.818088640009465
2021-10-15 14:00:00,10.472846065571416,15.034610111733569,12.536106818786005
2021-10-15 15:00:00,12.003141745901269,17.05894907165138,14.131692343455388
2021-10-15 16:00:00,15.723932519839117,21.708964169558353,18.106761664143985
2021-10-15 17:00:00,20.870777602408477,27.7373160267395,23.037270188631506
2021-10-15 18:00:00,20.714742244145402,27.877764485602448,23.443135480049474
2021-10-15 19:00:00,18.962144941965214,26.158676748621538,21.96790463077759
2021-10-15 20:00:00,16.499539956345632,23.349823845064904,19.158303767676177
2021-10-15 21:00:00,14.006684575062277,20.005253939433754,16.308385392347247
2021-10-15 22:00:00,10.401272797325714,14.664233150624451,12.107658238096464
2021-10-15 23:00:00,7.636474150852654,10.536684705281578,8.742640286502178
2021-10-16 00:00:00,6.183572515665756,8.420260099526708,6.874641531241994
2021-10-16 01:00:00,5.2140336137110905,7.367586475054467,6.044206563589895
2021-10-16 02:00:00,4.822093762562045,7.083184513675517,5.745924403613474
2021-10-16 03:00:00,4.836741533278573,7.815144799701125,6.094275535973084
2021-10-16 04:00:00,5.144548849150909,9.122016189039844,6.8807768878308915
2021-10-16 05:00:00,6.340194632157769,12.08568198278981,8.868912945131724
2021-10-16 06:00:00,9.232484564589916,17.976169536804218,13.046457998221037
2021-10-16 07:00:00,13.063913596579107,22.905321381343548,16.641735959020107
2021-10-16 08:00:00,12.761005372875033,21.155335834188918,15.765688851968706
2021-10-16 09:00:00,12.423860639616926,19.037370035107845,14.728927827972093
2021-10-16 10:00:00,10.983655903225314,16.282219353802525,13.07819884487369
2021-10-16 11:00:00,10.97639597055875,15.505160983921268,12.940321736709029
2021-10-16 12:00:00,11.18428580411672,15.498882750568926,13.083199743914651
2021-10-16 13:00:00,11.045545763778406,15.050078696906652,12.649863508318909
2021-10-16 14:00:00,10.524900436733617,14.41432039243717,12.21958594772905
2021-10-16 15:00:00,11.711678311488686,15.950668236363548,13.583426328552795
2021-10-16 16:00:00,15.788659353311523,21.099771963986132,17.830825767989158
2021-10-16 17:00:00,20.72971342976023,27.07876136089449,22.99550241218001
2021-10-16 18:00:00,21.206049102339225,28.04230734398907,23.400866939005088
2021-10-16 19:00:00,19.07948314273926,26.021142062774548,21.897542042990843
2021-10-16 20:00:00,16.41435664823933,23.259560113010703,19.194411761687903
2021-10-16 21:00:00,13.94094744093432,20.028383435168845,16.24961776003312
2021-10-16 22:00:00,10.435186865392259,14.66090275830387,12.106747230634312
2021-10-16 23:00:00,7.756698049061538,10.263788412601267,8.645916922289285
2021-10-17 00:00:00,5.998899021853674,8.113506841489764,6.769442604088285
2021-10-17 01:00:00,5.151446256776008,7.228928375799384,5.987055830103331
2021-10-17 02:00:00,4.8456813129053256,7.032831852742906,5.724067682634094
2021-10-17 03:00:00,4.902357101572054,7.808087337373757,6.081595331278352
2021-10-17 04:00:00,5.191318400093014,9.09446353581469,6.855442421264031
2021-10-17 05:00:00,6.5288583794975015,12.183571743755355,8.87650985513497
2021-10-17 06:00:00,9.249609569629488,17.85504116117927,13.03908015481907
2021-10-17 07:00:00,13.170327021470841,22.915524208810332,16.805321350085478
2021-10-17 08:00:00,12.371456679173061,20.81035092560883,15.771159927796658
2021-10-17 09:00:00,12.098970688179067,18.60940165316112,14.492763707005643
2021-10-17 10:00:00,10.87003096735354,16.086577487722593,13.074618535232092
2021-10-17 11:00:00,10.97474810711627,15.49956153048138,12.92860231023019
2021-10-17 12:00:00,11.200707116601777,15.511558337605711,13.08317893841995
2021-10-17 13:00:00,11.161688943595248,15.162751513509242,12.717467671418985
2021-10-17 14:00:00,10.40274102506785,14.277528565451094,12.139285828594392
2021-10-17 15:00:00,11.650290067743006,15.836895687144827,13.557735226382887
2021-10-17 16:00:00,15.436194576810488,20.697096860530547,17.658611123060997
2021-10-17 17:00:00,20.606138641710647,26.913596309039416,22.917583324589184
2021-10-17 18:00:00,21.152648132497692,27.963622618874858,23.372311586675185
2021-10-17 19:00:00,19.10025472461213,26.016290682015274,21.809881761792653
2021-10-17 20:00:00,16.391261725098364,23.171209610461528,19.140137188631034
2021-10-17 21:00:00,13.886764178269315,19.862910478049738,16.173467565073175
2021-10-17 22:00:00,10.441888162948258,14.566543556495802,12.029328435848841
2021-10-17 23:00:00,7.955699309208053,10.396687518944494,8.819809828740663
2021-10-18 00:00:00,5.976383303145591,8.053382607168956,6.789304466745274
2021-10-18 01:00:00,5.373895378421687,7.396276660327184,6.114724662509641
2021-10-18 02:00:00,4.914904210615067,7.043636200845614,5.776196952413618
2021-10-18 03:00:00,4.8852614863619275,7.695416905534783,6.068374578852698
2021-10-18 04:00:00,5.1626851517292724,8.891067595533155,6.819643030166507
2021-10-18 05:00:00,6.6124219358299134,11.996209482313747,9.016842422486377
2021-10-18 06:00:00,10.36682392585617,18.559470692956534,13.380475870337891
2021-10-18 07:00:00,12.384513979682085,21.607325355528634,15.925822874496722
2021-10-18 08:00:00,13.155806948563647,21.14517005207454,16.097830902558528
2021-10-18 09:00:00,11.264036551315272,17.50493429622415,14.123864831979201
2021-10-18 10:00:00,10.756705195508944,15.759268959841148,13.036269406540075
2021-10-18 11:00:00,10.704614750074214,15.020477319754168,12.768061872032586
2021-10-18 12:00:00,11.015975745593606,15.128761749659818,12.985258260121794
2021-10-18 13:00:00,10.836438767842234,14.653996632892829,12.442239688646628
2021-10-18 14:00:00,10.444652567837345,14.152586559016045,12.141367936744647
2021-10-18 15:00:00,12.055164763154561,16.0851630982741,13.751329490623853
2021-10-18 16:00:00,15.69481825062543,20.730620836994884,17.729362176537535
2021-10-18 17:00:00,20.513059294431777,26.51755492436865,22.634130192135423
2021-10-18 18:00:00,20.530423234934638,27.012773281669546,23.222634830437425
2021-10-18 19:00:00,18.83293772335576,25.41255028083695,21.665977649336025
2021-10-18 20:00:00,16.30948477480093,22.737772339911,19.025048261280535
2021-10-18 21:00:00,13.638069835572265,19.25380550258196,16.05099365795793
2021-10-18 22:00:00,10.287819853669852,14.176402890935325,11.959218446830375
2021-10-18 23:00:00,7.608277767315632,9.918291458547655,8.502596279693885
2021-10-19 00:00:00,5.905720640428409,8.055151408330303,6.828277397862553
2021-10-19 01:00:00,5.146643712525499,7.246215726811187,6.068557319439889
2021-10-19 02:00:00,4.910075103972932,7.146897800211083,5.848783403578836
2021-10-19 03:00:00,4.870468397583897,7.843103793868918,6.160396832176869
2021-10-19 04:00:00,5.164375080670566,9.146102422373827,6.968454839932424
2021-10-19 05:00:00,6.672407513655023,12.424102277003199,9.32704263953708
2021-10-19 06:00:00,10.191083749108525,18.91762671131625,13.548921309940393
2021-10-19 07:00:00,12.538649645496953,22.36085768161836,16.423785183647357
2021-10-19 08:00:00,13.454707763977725,21.959965405219325,16.468551849526552
2021-10-19 09:00:00,11.650785625541141,18.331062584571217,14.516996389287431
2021-10-19 10:00:00,10.878546284095137,16.24603274787478,13.262773015895705
2021-10-19 11:00:00,10.899265893016702,15.526706343086836,13.048436689126376
2021-10-19 12:00:00,11.01015169794555,15.380027960831754,13.14961352122986
2021-10-19 13:00:00,10.797382162231665,14.853130623275959,12.632745314520307
2021-10-19 14:00:00,10.40689384533155,14.346025773749203,12.27073915541525
2021-10-19 15:00:00,11.74344683580771,16.02411286391471,13.735626374351273
2021-10-19 16:00:00,16.004409807888173,21.383005068294025,18.032668434841362
2021-10-19 17:00:00,20.53604219952762,27.03961622845257,22.934116882142067
2021-10-19 18:00:00,20.805849966292868,27.84973662913871,23.667268495744747
2021-10-19 19:00:00,18.871923281105385,25.92276256831097,21.971717173040084
2021-10-19 20:00:00,16.35500884857957,23.308900508158146,19.333472273447992
2021-10-19 21:00:00,13.881108791987987,20.083863952375676,16.559027823354693
2021-10-19 22:00:00,10.312593829507813,14.605321056222815,12.209368281994974
2021-10-19 23:00:00,7.660165264378097,10.184403521305565,8.681933128719207
2021-10-20 00:00:00,5.915684680369716,8.48391191727394,6.998722917080085
2021-10-20 01:00:00,5.208209166447613,7.684146818618894,6.246356966826571
2021-10-20 02:00:00,4.920040539357881,7.490313278602805,5.997307017334221
2021-10-20 03:00:00,4.934984298431619,8.007551843002362,6.192301224150143
2021-10-20 04:00:00,5.2651832328816095,9.288934732841748,6.978289224630634
2021-10-20 05:00:00,6.888277260888261,12.771365065633907,9.354738411125503
2021-10-20 06:00:00,10.586423199862972,18.995028158362306,13.50492786407538
2021-10-20 07:00:00,12.866994432880581,23.1543353639898,17.006989861207845
2021-10-20 08:00:00,13.078385461973815,21.683333773813686,16.38224476734383
2021-10-20 09:00:00,11.562134425308452,18.56455350847108,14.718354789104977
2021-10-20 10:00:00,10.817827608589416,16.64083338402399,13.479342573695764
2021-10-20 11:00:00,10.796488452474405,15.85430904242647,13.164319659006601
2021-10-20 12:00:00,10.920175689064234,15.712578189976622,13.27972400156292
2021-10-20 13:00:00,10.669311393141392,15.290932069664763,12.80604015479159
2021-10-20 14:00:00,10.375510497459738,15.080471693116088,12.627973810061658
2021-10-20 15:00:00,11.602362671419641,16.74081276732957,14.032512922216332
2021-10-20 16:00:00,15.593444994563846,21.587569284397983,18.196184440053546
2021-10-20 17:00:00,20.7188265056833,27.75608607564432,23.195813110438483
2021-10-20 18:00:00,20.947877194228745,28.986313886574223,24.110721808909208
2021-10-20 19:00:00,19.166042577109298,27.296015490031568,22.582779668964665
2021-10-20 20:00:00,16.894002713077697,24.56958962627034,20.0326083636238
2021-10-20 21:00:00,14.303172953708877,21.4410217577514,17.10829475968366
2021-10-20 22:00:00,10.529313024810305,15.348247866114622,12.56229942778107
2021-10-20 23:00:00,7.8697559024858466,11.23503669308931,9.108079946661316
2021-10-21 00:00:00,6.275949773218994,8.788023213730522,7.197104385302825
2021-10-21 01:00:00,5.230413623695056,7.545318042606778,6.181645664230598
2021-10-21 02:00:00,4.993264048505086,7.417640725677408,5.8871607575316425
2021-10-21 03:00:00,4.899100258919945,8.04763575413993,6.184047709874983
2021-10-21 04:00:00,5.2122268190702075,9.457224375738509,7.018975134236443
2021-10-21 05:00:00,6.651768153528614,12.842138174405708,9.370307508542307
2021-10-21 06:00:00,10.403120638583646,19.73864948726289,13.891045800724452
2021-10-21 07:00:00,13.24316460716282,23.71704574238094,16.903180876661892
2021-10-21 08:00:00,13.308198870332598,22.292395286835493,16.449575055800246
2021-10-21 09:00:00,11.801577319400701,18.833920489668774,14.63471337596422
2021-10-21 10:00:00,11.166525838633074,16.814522962275817,13.397783371850508
2021-10-21 11:00:00,11.141760054042468,16.037317572484866,13.093268247742339
2021-10-21 12:00:00,11.173527746021273,15.754790499982278,13.175355810731034
2021-10-21 13:00:00,11.420784527589229,15.623208540008573,13.015220746634116
2021-10-21 14:00:00,10.58158471605231,14.663086181687943,12.329146163802264
2021-10-21 15:00:00,11.889554383162306,16.32457924280698,13.83004908565723
2021-10-21 16:00:00,15.813334334587934,21.35311136945535,17.992229585652566
2021-10-21 17:00:00,20.67938817310686,27.28137255159615,22.867263296464728
2021-10-21 18:00:00,20.691435438341152,27.780597944554952,23.55831988691573
2021-10-21 19:00:00,18.651286955963013,25.76839527745796,21.78099855349385
2021-10-21 20:00:00,16.163495523216415,23.10137838011817,19.117665047314784
2021-10-21 21:00:00,13.534421684103364,19.668323555530755,16.143634595139204
2021-10-21 22:00:00,10.608588742071788,14.829083119862183,12.23575723113513
2021-10-21 23:00:00,7.612850249069404,10.095274744887394,8.550730303868402
2021-10-22 00:00:00,6.009668459681969,8.049336786516765,6.827677310838312
2021-10-22 01:00:00,5.117931206440362,7.097884383618728,5.9943483663383965
2021-10-22 02:00:00,4.817752475058427,6.90150169423902,5.7605985125055135
2021-10-22 03:00:00,4.823888628100616,7.582048518810222,6.0614663965637545
2021-10-22 04:00:00,5.168664020423322,8.860695526110373,6.851099916621687
2021-10-22 05:00:00,6.656463666649223,12.00363595021249,9.13139052329268
2021-10-22 06:00:00,10.372680632048034,18.48491001532089,13.475071151906224
2021-10-22 07:00:00,12.174910643361393,21.335100834749223,15.99358532949341
2021-10-22 08:00:00,12.833201275478027,20.792542066820555,15.995264883824387
2021-10-22 09:00:00,11.599230283252629,17.92892565289545,14.489536339602177
2021-10-22 10:00:00,10.937788741921631,16.08624284203856,13.200778948995012
2021-10-22 11:00:00,10.937048821958975,15.442718156828613,12.968205982630666
2021-10-22 12:00:00,10.948928425900874,15.241632901035834,13.085150353150032
2021-10-22 13:00:00,10.865730787742775,14.849980646690138,12.62498742755341
2021-10-22 14:00:00,10.396914455841326,14.266646795869198,12.21975568368214
2021-10-22 15:00:00,11.922897217701008,16.128319344743417,13.74360159399846
2021-10-22 16:00:00,15.753790970052147,21.007873356470256,17.95329674610932
2021-10-22 17:00:00,20.608363015478265,26.871641059789603,22.92674919945375
2021-10-22 18:00:00,20.577559381494208,27.39906117606817,23.489919915297424
2021-10-22 19:00:00,19.008049127102037,25.995290943071566,22.079499192191868
2021-10-22 20:00:00,16.458536820578285,23.55524662648436,19.46096545339019
2021-10-22 21:00:00,13.669173698199288,19.906924846703266,16.438412659065985
2021-10-22 22:00:00,10.683797958237108,14.975325865023617,12.47026749771681
2021-10-22 23:00:00,7.673991437636763,10.22698030310103,8.713540956544795
2021-10-23 00:00:00,6.467268063016532,8.876034607628773,7.100312522263869
2021-10-23 01:00:00,5.258889248767046,7.579196998897511,6.197978765718363
2021-10-23 02:00:00,4.9591302361418945,7.4256577367369925,5.980242472545726
2021-10-23 03:00:00,4.9403616795455205,8.262365027894566,6.375619387015059
2021-10-23 04:00:00,5.340703039532543,9.807903783709813,7.3303091924532
2021-10-23 05:00:00,6.353155023480139,12.849402575298665,9.32569138510189
2021-10-23 06:00:00,9.801107245572089,19.68857213385695,14.280447609641012
2021-10-23 07:00:00,12.782028304180253,23.907422309247263,17.557452150843368
2021-10-23 08:00:00,12.986690597239425,22.497216078327693,16.965825278263015
2021-10-23 09:00:00,12.191543182336044,19.390758257909027,14.998372492948766
2021-10-23 10:00:00,10.899255477157608,16.578351294289934,13.394591888750456
2021-10-23 11:00:00,10.956693417832037,15.864701632344593,13.27343246762967
2021-10-23 12:00:00,11.223630819745935,15.884105005187875,13.445265265498241
2021-10-23 13:00:00,11.037407056729872,15.362390504295169,13.01238261105414
2021-10-23 14:00:00,10.395192400821566,14.595655274134542,12.403376432114435
2021-10-23 15:00:00,11.76888506445855,16.332889369046104,13.91314641706664
2021-10-23 16:00:00,16.10611294358573,21.822889323616174,18.404392646298753
2021-10-23 17:00:00,20.528333596891105,27.439068624717205,23.32230756983352
2021-10-23 18:00:00,21.340715036500185,28.80570991704007,24.035453037355264
2021-10-23 19:00:00,19.03955877962337,26.602297512188418,22.42061445275687
2021-10-23 20:00:00,16.34634010450633,23.7658422303021,19.645394199881267
2021-10-23 21:00:00,13.943604116328123,20.54373329471849,16.641112586368106
2021-10-23 22:00:00,10.552827005497385,15.132535148086337,12.397961977856246
2021-10-23 23:00:00,7.903305266966398,10.601501585296385,8.872066254626414
2021-10-24 00:00:00,6.307546132306408,8.714966027140484,7.241612708692607
2021-10-24 01:00:00,5.216029251219348,7.528249308666857,6.1777957844658244
2021-10-24 02:00:00,4.857067592817146,7.293090030392806,5.915808556208951
2021-10-24 03:00:00,4.826338023980331,8.028647917158148,6.280167327265964
2021-10-24 04:00:00,5.158767743924101,9.450720466425274,7.135578367668061
2021-10-24 05:00:00,6.1890219632618955,12.33504463031199,9.094581672827424
2021-10-24 06:00:00,9.564970809527033,18.890345722744787,13.876297561868157
2021-10-24 07:00:00,13.45382983712399,23.916709003373963,17.631487513602096
2021-10-24 08:00:00,12.721207376915052,21.72368182643429,16.395821333647945
2021-10-24 09:00:00,12.053197655167875,19.22759869970051,14.943882937934507
2021-10-24 10:00:00,10.922446639532502,16.64997460596012,13.506419758243725
2021-10-24 11:00:00,10.987274993299712,15.995227092799428,13.283906495990568
2021-10-24 12:00:00,11.270537908002616,16.03935790497429,13.43506031745818
2021-10-24 13:00:00,11.029135523118862,15.45449987791938,12.991414323842717
2021-10-24 14:00:00,10.420959907115403,14.718856764310642,12.40660238937572
2021-10-24 15:00:00,11.944166602570004,16.613810050179417,13.997662661369485
2021-10-24 16:00:00,15.894691529038086,21.726404440489215,18.377004997332566
2021-10-24 17:00:00,20.452480901019715,27.521980227418375,23.345901310713653
2021-10-24 18:00:00,21.79519797569197,29.98747762767165,24.715358659264293
2021-10-24 19:00:00,19.179439454885205,27.43528676446134,22.74120612447102
2021-10-24 20:00:00,16.747092537821295,25.098013803972673,20.34046170083575
2021-10-24 21:00:00,14.25508242409529,21.77675881896158,17.290239683089148
2021-10-24 22:00:00,10.679200393399794,15.926777376275673,12.764960483294091
2021-10-24 23:00:00,8.496835475510187,11.809776617125634,9.476015356455964
2021-10-25 00:00:00,6.351914217982277,10.754748992295585,8.089660464375804
2021-10-25 01:00:00,5.524737510125438,9.91819139469038,7.206147925849559
2021-10-25 02:00:00,5.271275572310183,9.811433934100677,7.00437210712568
2021-10-25 03:00:00,5.346669424259318,10.630770208788736,7.341870303967956
2021-10-25 04:00:00,5.667778280740714,12.159621688004583,8.220799393429338
2021-10-25 05:00:00,7.431597334927604,16.102052916764734,10.96551394008976
2021-10-25 06:00:00,11.28658368557312,23.653879688499096,16.11677211435311
2021-10-25 07:00:00,13.917450859339125,28.50565774850449,19.63472971237597
2021-10-25 08:00:00,14.443940148685641,27.91092572528119,19.948430944192225
2021-10-25 09:00:00,12.026967163883025,23.254434871613405,16.967653871533876
2021-10-25 10:00:00,11.315723199657599,20.62677162154594,15.41177909226332
2021-10-25 11:00:00,11.272225865479454,19.31035128493249,14.796693644259985
2021-10-25 12:00:00,11.11970101844172,18.553582009255372,14.629670519640428
2021-10-25 13:00:00,10.854237869895224,17.86858713794634,14.089238719866001
2021-10-25 14:00:00,10.641322738950088,17.771915534640033,13.9453230933796
2021-10-25 15:00:00,11.939090733189609,19.60601357556875,15.453478198725133
2021-10-25 16:00:00,16.005032755384164,24.86628201229776,19.769844348619678
2021-10-25 17:00:00,21.091817355585768,31.310059970282406,25.007745248804984
2021-10-25 18:00:00,21.693260140404547,32.583866932538385,25.86544994218458
2021-10-25 19:00:00,20.17715042649855,31.615334920279306,24.74684435186983
2021-10-25 20:00:00,17.21168014829266,28.057503493791476,21.65084894682005
2021-10-25 21:00:00,14.613253158209108,24.304175652245352,18.528694205734148
2021-10-25 22:00:00,11.035699110554633,18.1267759538109,13.8696987758626
2021-10-25 23:00:00,8.13978614594175,13.098280269966738,10.010717909019474
2021-10-26 00:00:00,6.303699269169928,9.798384514064676,7.511738375517767
2021-10-26 01:00:00,5.404803554261753,8.658999446698987,6.609778735540471
2021-10-26 02:00:00,5.14602019974863,8.47770954783769,6.373081268169524
2021-10-26 03:00:00,5.3488191067606845,9.314461186380157,6.794140400704248
2021-10-26 04:00:00,5.59349719623817,10.593192796542771,7.4593892729353435
2021-10-26 05:00:00,6.945755246739534,13.764839516178675,9.756466957678866
2021-10-26 06:00:00,11.302227817345027,21.506793825065277,15.064157520777474
2021-10-26 07:00:00,13.662046498483882,25.657935801520935,17.95219185369316
2021-10-26 08:00:00,13.323324967001643,23.816344678584336,17.534820479463814
2021-10-26 09:00:00,12.01340825935049,20.2135299555773,15.499675883256788
2021-10-26 10:00:00,10.812192965486433,17.464268213866315,13.84051184517216
2021-10-26 11:00:00,10.882353763736468,16.79320738758902,13.516282612044556
2021-10-26 12:00:00,11.100416843891606,16.713722440194445,13.674822377723709
2021-10-26 13:00:00,10.962446835223384,16.37631551240229,13.22809754053644
2021-10-26 14:00:00,10.454758886400025,15.968063801594436,12.993578635614474
2021-10-26 15:00:00,12.147755295292752,18.16761210098109,14.620521512459316
2021-10-26 16:00:00,15.741763449998915,22.756133420211935,18.67370989712725
2021-10-26 17:00:00,21.003321114572728,28.94790013313998,23.878946736350386
2021-10-26 18:00:00,21.25764761960623,29.54609566350387,24.490021538317432
2021-10-26 19:00:00,18.935736710163624,27.17193864382965,22.518648645811897
2021-10-26 20:00:00,16.652332798093624,24.592769842229213,19.952323134378556
2021-10-26 21:00:00,13.798480194014116,20.692736262943622,16.75158466350617
2021-10-26 22:00:00,10.513908601948067,15.339339024794427,12.472276522390324
2021-10-26 23:00:00,7.836482224169138,11.069309311155317,9.10400782941152
2021-10-27 00:00:00,5.903111975942649,7.034263185816095,6.322622505795834
2021-10-27 01:00:00,5.146299380882473,6.16007658157957,5.527851163821065
2021-10-27 02:00:00,4.866872110515893,6.099267972828625,5.356370057622989
2021-10-27 03:00:00,4.967352430989929,7.51373449226981,5.993703470608103
2021-10-27 04:00:00,5.167382849469607,9.297989819330526,7.074894161032509
2021-10-27 05:00:00,6.738872671916863,12.871123088488458,9.579595330696744
2021-10-27 06:00:00,10.556395901695959,19.695625454006112,14.011508071432736
2021-10-27 07:00:00,12.915364721069,22.669691693524335,16.813231439757296
2021-10-27 08:00:00,12.762246745212359,20.762565447975238,16.032239858030614
2021-10-27 09:00:00,11.6249559138036,17.843380991158956,14.284967229778012
2021-10-27 10:00:00,10.700829247082373,15.718655984074465,13.052988037410152
2021-10-27 11:00:00,10.733563095116391,14.909522059113938,12.741074332177554
2021-10-27 12:00:00,10.87094764659664,14.965349348484429,12.943373261288373
2021-10-27 13:00:00,10.582374468046726,14.231407556692279,12.283679928611718
2021-10-27 14:00:00,10.362464527759071,13.705369089319126,11.964074291655875
2021-10-27 15:00:00,11.782319706328185,15.440292658230971,13.534237647824678
2021-10-27 16:00:00,15.45400058833929,20.91076617956715,17.961100337351073
2021-10-27 17:00:00,20.17973594317684,26.79680693869197,22.908832895707064
2021-10-27 18:00:00,20.436763467853893,26.938964606131,23.28673338014483
2021-10-27 19:00:00,18.877049145123884,25.18600094127287,21.64767235375763
2021-10-27 20:00:00,16.203882625727914,22.241364962210056,18.910633928331322
2021-10-27 21:00:00,13.503236452592246,18.716934721086226,15.895211169951981
2021-10-27 22:00:00,10.209334140810435,13.682517008835848,11.7926568141911
2021-10-27 23:00:00,7.7042564292881845,9.190991530982949,8.15603810910511
2021-10-28 00:00:00,5.885343355050613,8.035869228955978,6.85429959389028
2021-10-28 01:00:00,5.1326381005655515,7.233274702898075,6.092821203666588
2021-10-28 02:00:00,4.860636451119286,7.07886140906405,5.87104563010312
2021-10-28 03:00:00,4.844914699560112,7.783681864016091,6.186584256624143
2021-10-28 04:00:00,5.195672380785156,9.203549567293669,7.046625114680279
2021-10-28 05:00:00,6.641584385197179,12.448866809430278,9.394081003858009
2021-10-28 06:00:00,10.463142753908885,19.327853944319482,13.779251421545341
2021-10-28 07:00:00,12.767404970275713,22.805456047684032,16.941503106803484
2021-10-28 08:00:00,12.964506209595502,21.68177167269298,16.540451784942892
2021-10-28 09:00:00,11.584628009077827,18.38920377606219,14.627085711016122
2021-10-28 10:00:00,10.707145884667518,16.077492744767486,13.272520156860658
2021-10-28 11:00:00,10.672146363289093,15.302112372321952,12.955278138877254
2021-10-28 12:00:00,11.018688102711364,15.429213813311915,13.29374193797812
2021-10-28 13:00:00,10.640762353583659,14.7341719699838,12.611657013611492
2021-10-28 14:00:00,10.25928741173489,14.234974861565897,12.265179508505494
2021-10-28 15:00:00,11.660519198354013,15.980819179635818,13.752021072718941
2021-10-28 16:00:00,15.70083850020033,21.097863384774104,17.997473534476924
2021-10-28 17:00:00,20.91900519748939,27.577579582195042,23.450885983738615
2021-10-28 18:00:00,20.606060826568218,27.797753025693545,23.723018321975616
2021-10-28 19:00:00,18.915819486917428,26.307339304109107,22.277315950792513
2021-10-28 20:00:00,16.315961761202615,23.397197226106506,19.50232633651733
2021-10-28 21:00:00,13.929772801308713,20.26533622025479,16.78976714137532
2021-10-28 22:00:00,10.54617802142559,15.03506280109578,12.434430054866276
2021-10-28 23:00:00,7.655660324775238,10.27814080583157,8.75043961807214
2021-10-29 00:00:00,5.968767804975846,8.22383659789727,6.918326716614065
2021-10-29 01:00:00,5.183849537564787,7.393942461510034,6.09916686027362
2021-10-29 02:00:00,4.931731064561213,7.2117067391904754,5.85343469702576
2021-10-29 03:00:00,4.857851797115273,7.808095489123779,6.133563669828656
2021-10-29 04:00:00,5.085876028575838,8.943489337471393,6.873714414565782
2021-10-29 05:00:00,6.584713001367584,12.139507227671631,9.154639405474418
2021-10-29 06:00:00,10.39216458796538,18.922073545462478,13.536949888992808
2021-10-29 07:00:00,12.458460453599535,22.06005953935574,16.387335700937278
2021-10-29 08:00:00,12.83153418962786,21.09744714301943,16.018950407535456
2021-10-29 09:00:00,11.574778040287566,18.14644286446111,14.455230412716782
2021-10-29 10:00:00,10.876641280433605,16.220381784678384,13.28995548240145
2021-10-29 11:00:00,10.90005977601419,15.575118545749776,12.974764711270277
2021-10-29 12:00:00,11.155384838402016,15.608654128525645,13.18128144675747
2021-10-29 13:00:00,10.923954147166832,15.056965103299703,12.617317533259175
2021-10-29 14:00:00,10.567634812587684,14.581761009422577,12.310454735369833
2021-10-29 15:00:00,11.96874617334479,16.330721924522557,13.860954880337989
2021-10-29 16:00:00,15.94826113521497,21.397143174511317,18.103775408724736
2021-10-29 17:00:00,20.50782805824615,27.002051542675638,22.876435278074577
2021-10-29 18:00:00,20.94352448676774,27.91657516589198,23.73731297971666
2021-10-29 19:00:00,18.884501824671823,25.884314341415223,21.945896857125568
2021-10-29 20:00:00,16.806849236384974,23.81155930673728,19.642397865469594
2021-10-29 21:00:00,13.969461961266262,20.310586411789522,16.593035244018964
2021-10-29 22:00:00,10.453387872108127,14.777349021253396,12.28722710418022
2021-10-29 23:00:00,7.753670477590999,10.281345559815481,8.714164259509078
2021-10-30 00:00:00,6.307376684488509,7.486555163274299,6.46735507532921
2021-10-30 01:00:00,5.150666892106287,6.196147166202784,5.54227203470012
2021-10-30 02:00:00,4.797995066109492,6.048895466813495,5.347469228670676
2021-10-30 03:00:00,4.745780018412349,7.324844218202896,6.011203533168441
2021-10-30 04:00:00,5.088763389495642,9.27326625570812,7.145858918913995
2021-10-30 05:00:00,6.292055878755011,12.356137005381688,9.275264789375568
2021-10-30 06:00:00,9.311806997650425,18.322029754918013,13.642279925086802
2021-10-30 07:00:00,12.908013526318065,22.554286551173096,17.001556992086268
2021-10-30 08:00:00,12.325528369741622,20.357261900464284,15.913015092574017
2021-10-30 09:00:00,12.02185321157422,18.33895375323411,14.647190942071907
2021-10-30 10:00:00,11.185616360739509,16.28240337990921,13.523136737808706
2021-10-30 11:00:00,11.006800193784937,15.24765570634367,12.98988790026104
2021-10-30 12:00:00,11.164224076608507,15.32203791072962,13.172305678128268
2021-10-30 13:00:00,10.866163387291872,14.571431855217956,12.584869254277157
2021-10-30 14:00:00,10.367917024600208,13.76206150450512,12.065445139033072
2021-10-30 15:00:00,11.839483895926568,15.553406010308949,13.487305028381149
2021-10-30 16:00:00,15.56087145722016,21.101928785197195,18.07941733507491
2021-10-30 17:00:00,20.224093007969362,26.942980741622957,23.14279178200986
2021-10-30 18:00:00,20.823016163898874,27.424909636108705,23.63316247537323
2021-10-30 19:00:00,18.816439732034183,25.22252746609258,21.808712213472184
2021-10-30 20:00:00,16.27536379786792,22.406561692601024,19.10814357761646
2021-10-30 21:00:00,14.269943366477362,19.56476720946911,16.4343547991051
2021-10-30 22:00:00,10.430322692432313,13.967210572330062,11.926235659275386
2021-10-30 23:00:00,7.516776971448489,9.008821553112337,8.101898005517553
2021-10-31 00:00:00,6.016735769299838,8.109951607007948,6.8643315035379695
2021-10-31 01:00:00,5.188069631603197,7.268378372862728,6.09261819872714
2021-10-31 02:00:00,4.838279093641583,7.03488504851456,5.844083788234153
2021-10-31 03:00:00,4.795673961338686,7.662335091096401,6.182316051925006
2021-10-31 04:00:00,5.125658959752995,8.952731012792356,6.995366730945073
2021-10-31 05:00:00,6.222840849239007,11.783507348556135,8.97291819309929
2021-10-31 06:00:00,9.365383117180972,17.82738885786449,13.433562315709661
2021-10-31 07:00:00,13.75852021833728,23.37050033107405,17.665885558023096
2021-10-31 08:00:00,12.464672396722287,20.814078098454953,16.235756009052114
2021-10-31 09:00:00,12.090743192849244,18.70855301954064,14.893427018196398
2021-10-31 10:00:00,10.83835966071169,16.187623545894173,13.400955985300119
2021-10-31 11:00:00,10.832651686363347,15.417711233478583,13.156625374826868
2021-10-31 12:00:00,11.041766054992237,15.409724779314661,13.296635306031241
2021-10-31 13:00:00,10.826118217087577,14.880090104972528,12.784173779238623
2021-10-31 14:00:00,10.179352694279695,14.116760205122926,12.234980064319602
2021-10-31 15:00:00,11.440561833486914,15.719358226508545,13.686546998328561
2021-10-31 16:00:00,15.53036594426741,20.875747919704224,18.10778598118199
2021-10-31 17:00:00,20.32617136001057,26.697689965621635,23.170100853173256
2021-10-31 18:00:00,21.20047691174445,28.511883842271743,24.15409030283324
2021-10-31 19:00:00,19.016003283601545,26.53196670439686,22.549710205348624
2021-10-31 20:00:00,16.549653887373417,24.10033771587245,20.047092395597954
2021-10-31 21:00:00,14.098665570555868,20.73653230424213,16.93516860100995
2021-10-31 22:00:00,10.600501745834396,15.192859442361424,12.531950307022592
2021-10-31 23:00:00,7.865225911165588,10.5471971577573,8.878566942821445
2021-11-01 00:00:00,6.702320148066919,11.65982559322028,9.048499437876924
2021-11-01 01:00:00,5.374051769879418,10.137336235103271,7.814942017676703
2021-11-01 02:00:00,5.0572283944933405,9.999302534510901,7.613592896463248
2021-11-01 03:00:00,5.082517486754741,11.030844935222454,8.155451298331172
2021-11-01 04:00:00,5.4504970175479315,12.938463795148158,9.395049304385648
2021-11-01 05:00:00,7.442071890444408,17.664946783893345,12.803331207562707
2021-11-01 06:00:00,11.600969032064713,26.760294890634196,18.990087280152654
2021-11-01 07:00:00,16.298813251042287,34.057478986833836,24.73100354395557
2021-11-01 08:00:00,16.198781677259745,32.14592483677604,23.463984244076983
2021-11-01 09:00:00,13.53020650275453,26.63114711813489,19.85546374991801
2021-11-01 10:00:00,12.239104301837955,23.169556302710905,17.628570581586715
2021-11-01 11:00:00,11.555046927718594,21.332339977279457,16.680233233780893
2021-11-01 12:00:00,11.678106568542564,21.233497784888517,16.83481148840845
2021-11-01 13:00:00,11.846485512562552,21.206005180821087,16.63169149659908
2021-11-01 14:00:00,11.065830268017855,20.575945981323105,16.17088042097138
2021-11-01 15:00:00,12.508663790634326,22.761152603117942,17.954249197522397
2021-11-01 16:00:00,17.643069989017047,29.812171493553116,23.581236072875246
2021-11-01 17:00:00,22.681587130788895,36.54830471117924,29.26345396398568
2021-11-01 18:00:00,23.934573556841947,38.674628698343305,30.505102364992403
2021-11-01 19:00:00,20.901939716428064,36.21819643066266,28.51748280858243
2021-11-01 20:00:00,18.877846598229414,34.10157089118321,26.31863461065986
2021-11-01 21:00:00,15.798598963258826,29.607665692245085,22.641202813652296
2021-11-01 22:00:00,11.74550697004564,21.808712715185663,16.762199262625717
2021-11-01 23:00:00,8.909462603398394,15.734886813355697,12.104533642672584
2021-11-02 00:00:00,6.636806412501992,14.520787493530818,10.58807575619214
2021-11-02 01:00:00,5.657268383958801,13.626296721396944,9.7000875122471
2021-11-02 02:00:00,5.4309256801547825,13.669606815066116,9.528929290443452
2021-11-02 03:00:00,5.627419341997674,14.94994872397547,10.175077410937433
2021-11-02 04:00:00,6.071462570406262,17.29867447382633,11.642002139465594
2021-11-02 05:00:00,8.166531622481942,22.875401418640156,15.52213151010016
2021-11-02 06:00:00,12.764587339981217,33.07838060577213,22.729130477734856
2021-11-02 07:00:00,17.18289947267892,41.01270885915283,28.730466137588607
2021-11-02 08:00:00,17.159200355503568,39.89335722641109,28.468823822325827
2021-11-02 09:00:00,13.13713323870237,32.17455339059301,22.80918119858096
2021-11-02 10:00:00,12.304297747084371,27.707480637124245,20.183319516461207
2021-11-02 11:00:00,11.671561406922232,24.76372770403067,18.63638644154601
2021-11-02 12:00:00,11.505867535637108,23.611871557352774,18.171391702078324
2021-11-02 13:00:00,11.919771919338178,23.237008421206376,17.842424182842926
2021-11-02 14:00:00,10.937065364803177,22.19629098357071,16.99371721762987
2021-11-02 15:00:00,12.112943732481321,24.20085746559135,18.621461073019898
2021-11-02 16:00:00,17.413337043363924,31.651991602560848,24.284742052069934
2021-11-02 17:00:00,22.96562745299395,40.56453039466881,31.494600078486982
2021-11-02 18:00:00,24.897206067341116,43.42887519611845,33.17999182736321
2021-11-02 19:00:00,21.703968747071187,40.43975694715871,30.867622179149212
2021-11-02 20:00:00,19.47514613397068,38.05568688487544,28.63812962694773
2021-11-02 21:00:00,16.75258441866884,33.24585474489905,24.967861898767254
2021-11-02 22:00:00,11.933378026927018,24.00352192863614,17.951050997234105
2021-11-02 23:00:00,8.791244285319307,17.10599577258039,12.875933405370391
2021-11-03 00:00:00,6.766914286289393,12.663714130509609,9.41239413630582
2021-11-03 01:00:00,5.631748279371933,11.282744044907323,8.242398945103579
2021-11-03 02:00:00,5.29051228772745,10.927105510828694,7.933812487568412
2021-11-03 03:00:00,5.3452182772888985,11.967828747257784,8.414246819086737
2021-11-03 04:00:00,5.684805452892846,13.921834928511762,9.586601045460382
2021-11-03 05:00:00,7.843203055136438,18.815610368998925,13.200239214092411
2021-11-03 06:00:00,12.36474445390179,28.286976018808527,19.785264475274072
2021-11-03 07:00:00,16.448291649840584,34.64453581889451,24.44341262844478
2021-11-03 08:00:00,16.197182795491205,33.46843787747996,23.949973271574237
2021-11-03 09:00:00,12.88392679504465,26.387765535594347,19.185865903248253
2021-11-03 10:00:00,11.789711469942437,22.16680507969709,16.566693255632202
2021-11-03 11:00:00,11.195067643102334,20.451540245940222,15.872530512154857
2021-11-03 12:00:00,11.3586939838173,20.18944186142222,15.967414642128565
2021-11-03 13:00:00,11.544877493124165,20.06387785868308,15.78069812232212
2021-11-03 14:00:00,10.933643912526055,19.615165972558568,15.393696257030154
2021-11-03 15:00:00,12.31554806577618,21.96253443961151,17.169958507260418
2021-11-03 16:00:00,17.245982756853554,28.73173621777131,22.434328787441487
2021-11-03 17:00:00,23.06342942741234,36.43208985968652,28.91779535915313
2021-11-03 18:00:00,23.626651277858254,37.58068271908943,29.33997966796946
2021-11-03 19:00:00,20.501627453795205,34.606242097954365,27.218025269479647
2021-11-03 20:00:00,18.453018498350193,32.213153092075814,24.85745890946839
2021-11-03 21:00:00,15.174307295633408,27.352551281031904,20.903769636282618
2021-11-03 22:00:00,11.261716777055407,19.82021402365414,15.34041819472344
2021-11-03 23:00:00,8.39978859416928,14.0682215571087,10.985978748360905
2021-11-04 00:00:00,6.473629177233363,11.115068555507904,8.661332415081771
2021-11-04 01:00:00,5.258527073936126,9.67675834361428,7.449895109821384
2021-11-04 02:00:00,4.952336261455934,9.41142128707839,7.178485436600804
2021-11-04 03:00:00,5.0938265535998255,10.44204103907148,7.641034280410071
2021-11-04 04:00:00,5.349202931582248,12.038185356636857,8.665120398462362
2021-11-04 05:00:00,7.670888657303615,16.828991071644634,12.149986476740594
2021-11-04 06:00:00,11.243811940132021,24.78224333975483,17.296211211308517
2021-11-04 07:00:00,16.01658862256909,31.877735242653415,23.072561950726726
2021-11-04 08:00:00,15.568140228277581,30.036214493920525,21.623284450397648
2021-11-04 09:00:00,13.000927459533957,24.963475876978023,18.49694309630251
2021-11-04 10:00:00,11.899642894484895,21.73320676789855,16.541547036674853
2021-11-04 11:00:00,11.37251376704577,19.988747971039018,15.58330682331799
2021-11-04 12:00:00,11.269189171730545,19.490578622961994,15.534482477733956
2021-11-04 13:00:00,11.29323474756822,19.20041338550741,15.281601941419531
2021-11-04 14:00:00,10.971242863386733,19.175094971394444,15.172586758340538
2021-11-04 15:00:00,11.842682445213049,20.769401799821697,16.467064838312314
2021-11-04 16:00:00,17.303275742914032,27.807473037683323,22.109272493179933
2021-11-04 17:00:00,22.495550615007303,34.329066269932255,27.554022471913598
2021-11-04 18:00:00,23.440325130590928,36.01431898831877,28.61532235482364
2021-11-04 19:00:00,20.23902235758041,32.86731282311432,26.185221484407453
2021-11-04 20:00:00,18.131331526157926,30.333803108720918,23.72461687684472
2021-11-04 21:00:00,14.926868879937413,25.593569611649006,19.8623122546759
2021-11-04 22:00:00,11.506311356706952,19.401283437329546,15.176477003463063
2021-11-04 23:00:00,8.37378616984681,13.651914943105917,10.780493551214848
2021-11-05 00:00:00,6.338466071067419,10.200684414799053,8.168184176906212
2021-11-05 01:00:00,5.429378888702383,9.379252568028209,7.326450230282702
2021-11-05 02:00:00,5.225578778512788,9.514026396281752,7.251466433431214
2021-11-05 03:00:00,5.255288022564077,10.921967211690601,7.939175778926348
2021-11-05 04:00:00,5.3883177154861075,12.619618626275185,9.045574818455668
2021-11-05 05:00:00,7.515774024530345,18.18240140450791,12.823807293238918
2021-11-05 06:00:00,12.154015835040141,28.046791115942508,19.473278597614605
2021-11-05 07:00:00,16.10707947960746,34.59198263854074,24.613409404704143
2021-11-05 08:00:00,15.139920196130065,30.427624503350792,21.953559413098418
2021-11-05 09:00:00,12.790532541250563,24.6477538594659,18.274506514977176
2021-11-05 10:00:00,11.462663437524776,20.756577337871338,15.907810808904138
2021-11-05 11:00:00,11.053412953175542,18.751614952282683,15.027048820315235
2021-11-05 12:00:00,11.186073208266192,18.504990132744624,15.129743086038062
2021-11-05 13:00:00,11.18323320520596,17.97122736088829,14.625761917620473
2021-11-05 14:00:00,10.580685277350124,17.171851245965716,14.064277047483632
2021-11-05 15:00:00,11.938762024128144,19.09479650283492,15.738328674273983
2021-11-05 16:00:00,16.777550479472158,25.703079407335373,20.897420273968006
2021-11-05 17:00:00,22.016934059399816,32.63290896356794,26.586778332175882
2021-11-05 18:00:00,22.496999684615226,34.11626796494346,27.512281243138844
2021-11-05 19:00:00,19.934203601924143,31.803584740564812,25.643324688521545
2021-11-05 20:00:00,17.56959057436228,29.039932963120098,23.071997290331634
2021-11-05 21:00:00,14.592984929388834,24.96425617400841,19.621865296728068
2021-11-05 22:00:00,11.399416197954304,18.938342603355135,14.972375258109906
2021-11-05 23:00:00,8.03552873366021,12.308975172081109,10.063066517298537
2021-11-06 00:00:00,6.8499236708128155,10.470337293645024,8.164967651893686
2021-11-06 01:00:00,5.342129696330081,8.672232247440839,6.95399956250669
2021-11-06 02:00:00,5.212029061626729,9.049935165084412,6.951746941729963
2021-11-06 03:00:00,4.99335698305292,10.014298185586016,7.4568768379354005
2021-11-06 04:00:00,5.27540564762609,11.525891620761449,8.441763540767141
2021-11-06 05:00:00,6.507383926869274,15.498637791172214,10.98558383048368
2021-11-06 06:00:00,10.04601525259735,23.6921986425428,16.884146568214888
2021-11-06 07:00:00,14.58108418225295,29.973558034833303,21.384532446875298
2021-11-06 08:00:00,15.866567737153503,29.045353521855674,21.073212723945783
2021-11-06 09:00:00,13.489155342218694,23.844062680471907,17.625007418609457
2021-11-06 10:00:00,11.400875599893585,19.672801188743964,15.338650241234753
2021-11-06 11:00:00,11.500082781932214,18.715019424269155,14.932938360759575
2021-11-06 12:00:00,11.593280721295638,18.45410878880581,14.926195484575503
2021-11-06 13:00:00,11.590422930686765,17.954004048083817,14.607513375122863
2021-11-06 14:00:00,11.089509366886356,17.26872196438116,14.129001008772098
2021-11-06 15:00:00,12.252000103878716,18.96138958916357,15.641115019149323
2021-11-06 16:00:00,16.568432634831744,24.938201259099777,20.38928117085468
2021-11-06 17:00:00,21.174089737699468,31.131180983618922,25.683323678167643
2021-11-06 18:00:00,22.97197040555688,33.67624386511797,27.027673604591563
2021-11-06 19:00:00,19.961439221756446,30.730521327213474,24.840417219513878
2021-11-06 20:00:00,17.20350067307838,27.73095895235092,22.091563178035273
2021-11-06 21:00:00,14.773544959797977,24.091989446876607,18.916301088475322
2021-11-06 22:00:00,11.03712837640474,17.435869022210955,13.874972386247261
2021-11-06 23:00:00,8.053527543322087,11.796883463615508,9.676603955891627
2021-11-07 00:00:00,6.468604517990361,9.874295476220663,8.076167745675253
2021-11-07 01:00:00,5.374451519923232,8.730413113873965,7.062641870800409
2021-11-07 02:00:00,5.105569343699838,8.701778510640397,6.96172685488025
2021-11-07 03:00:00,4.911754947866007,9.730368483971676,7.451403699352392
2021-11-07 04:00:00,5.275399010156753,11.750521478955015,8.708694676372383
2021-11-07 05:00:00,6.390033153363478,15.791490337083092,11.384387026763974
2021-11-07 06:00:00,9.875422083958394,24.014124285347204,17.4484907065077
2021-11-07 07:00:00,14.662534754529645,30.368274222132182,21.821592789153375
2021-11-07 08:00:00,15.039259440828106,28.691268066113576,21.073399495407802
2021-11-07 09:00:00,13.352584470075195,24.07768766903111,18.1452559736886
2021-11-07 10:00:00,11.091927167794438,19.761694886708874,15.609479652076576
2021-11-07 11:00:00,11.199203379900185,18.75922422755278,15.177546183272048
2021-11-07 12:00:00,11.296070226365536,18.526983468704856,15.12988634857521
2021-11-07 13:00:00,11.521866887425217,18.228326839538088,14.84955589209635
2021-11-07 14:00:00,11.173243566664322,17.802862354943983,14.564900978787167
2021-11-07 15:00:00,12.488612515545753,19.664902177326315,16.1263756934718
2021-11-07 16:00:00,16.960360985932578,26.018344254860022,21.23274069647787
2021-11-07 17:00:00,21.49939378021369,32.433844244974445,26.707275286977712
2021-11-07 18:00:00,23.410552554987863,35.524934946874346,28.449766657587354
2021-11-07 19:00:00,20.861187102468907,33.128371314046184,26.50126651556871
2021-11-07 20:00:00,17.722789210476478,29.795599158291303,23.52094110289179
2021-11-07 21:00:00,15.356702470081506,25.917308552101726,20.168011890770575
2021-11-07 22:00:00,11.5901859709186,19.015990447342737,14.903396055092932
2021-11-07 23:00:00,8.749003515416026,13.411720613959572,10.692721266523863
2021-11-08 00:00:00,6.377175184846389,11.446037261438676,8.860876522368088
2021-11-08 01:00:00,5.4183223899679955,10.440014782432428,7.9366059475124064
2021-11-08 02:00:00,5.311981187131622,10.412365320179514,7.792863257039883
2021-11-08 03:00:00,5.197327837915672,11.432092081237126,8.274789882605138
2021-11-08 04:00:00,5.542211904953082,13.367705826678039,9.467730447405721
2021-11-08 05:00:00,7.308503010924578,17.604079040786846,12.604620714342948
2021-11-08 06:00:00,11.854925875004524,26.74902445121254,18.942230880700702
2021-11-08 07:00:00,16.2770959766528,33.352301875274584,24.264145814563978
2021-11-08 08:00:00,16.206635235466962,30.85044921238899,22.55741373987863
2021-11-08 09:00:00,12.650816777249547,24.611194604997625,18.51754418268451
2021-11-08 10:00:00,11.31237511021035,20.880570368809284,16.210562599378648
2021-11-08 11:00:00,11.280068644474351,19.89493906137032,15.803202895016527
2021-11-08 12:00:00,11.140848103173768,19.33636150153382,15.65437801601001
2021-11-08 13:00:00,11.286816527448297,19.192756412476516,15.412741958472665
2021-11-08 14:00:00,10.889182628097721,18.945188954769055,15.10083498182928
2021-11-08 15:00:00,12.011595511915676,20.803978448343983,16.65272867429108
2021-11-08 16:00:00,17.050840898678214,27.712012468425087,22.1598066442647
2021-11-08 17:00:00,22.037757546910367,34.487160717132795,27.85621508912232
2021-11-08 18:00:00,22.944640564920856,36.21554336157828,28.888902596919266
2021-11-08 19:00:00,20.246703891121754,33.61834787371111,26.88029327959932
2021-11-08 20:00:00,18.17242631306625,31.135598756876327,24.447009607981933
2021-11-08 21:00:00,15.120602218377568,26.453425805563,20.713640317573823
2021-11-08 22:00:00,11.390182885689772,19.60179657541598,15.432509775017856
2021-11-08 23:00:00,8.383847832001894,13.906371576062933,11.0209434899403
2021-11-09 00:00:00,6.3387713457683095,10.886979605633453,8.50761932523444
2021-11-09 01:00:00,5.34137679111323,9.618214716813096,7.466183538890321
2021-11-09 02:00:00,5.080839582463454,9.530461776018617,7.269810957266187
2021-11-09 03:00:00,5.156373080711102,10.693335870388799,7.799509364376569
2021-11-09 04:00:00,5.621307166208869,12.316439051909168,8.913909840473982
2021-11-09 05:00:00,7.280690465736773,16.503928522478862,11.906126209431472
2021-11-09 06:00:00,11.997132976433017,25.547924406466944,18.16719339367132
2021-11-09 07:00:00,15.725702282417963,31.263160996663938,22.57882501744032
2021-11-09 08:00:00,15.072047889138993,29.072873756181163,21.234688660653244
2021-11-09 09:00:00,12.832666411238083,24.234962410770727,18.251785234213973
2021-11-09 10:00:00,11.446517195614632,20.964416277938223,16.203596057923644
2021-11-09 11:00:00,11.23937055853513,19.60517924093355,15.495600803381643
2021-11-09 12:00:00,11.505885535527264,19.512896275993924,15.723743069613029
2021-11-09 13:00:00,11.572811746243287,19.25064667250251,15.370810546985593
2021-11-09 14:00:00,10.73916587347253,18.469179239136547,14.803389900210666
2021-11-09 15:00:00,12.359207955019539,20.897815254240353,16.61752061502642
2021-11-09 16:00:00,17.009047157881128,27.058284291475797,21.66748841975838
2021-11-09 17:00:00,22.199509570691134,33.422446050407245,27.094866281738152
2021-11-09 18:00:00,22.632333848080673,34.103568020108135,27.583313333450125
2021-11-09 19:00:00,20.045996907529194,31.982895921787406,25.847139430811183
2021-11-09 20:00:00,17.59503595117322,29.161386194944576,23.183882917956645
2021-11-09 21:00:00,14.552155498333793,24.723150533994737,19.551040377004306
2021-11-09 22:00:00,10.989740441711325,18.16264787937652,14.527047465204083
2021-11-09 23:00:00,8.359519481726837,13.085148751601663,10.496695065888202
2021-11-10 00:00:00,6.238916445005895,10.406462822769061,8.316216782123881
2021-11-10 01:00:00,5.2244015805446,9.190600275810494,7.305332560785761
2021-11-10 02:00:00,4.9263787097807485,8.989749396374213,7.055009105840052
2021-11-10 03:00:00,5.224624347548982,10.292419878422402,7.7281769106593305
2021-11-10 04:00:00,5.427124534266577,12.082721304941341,8.83075039820783
2021-11-10 05:00:00,7.644021252590832,16.897757841245994,12.381300495779278
2021-11-10 06:00:00,11.759470700010965,25.48142424459689,18.198101023436166
2021-11-10 07:00:00,15.245566221412412,31.22305088716904,22.552131248078368
2021-11-10 08:00:00,15.295779296493256,29.91442682050301,21.820392946663155
2021-11-10 09:00:00,12.392114435513058,23.972528025507014,18.097993479919467
2021-11-10 10:00:00,11.125766150473149,20.41950029711372,15.94807908764281
2021-11-10 11:00:00,11.035191560429158,19.378808422607808,15.473602210900447
2021-11-10 12:00:00,11.252197485660231,19.21411847216036,15.580971016772237
2021-11-10 13:00:00,11.308184007794344,18.988685443018326,15.256709876249461
2021-11-10 14:00:00,11.641450952593756,20.33996253454565,15.988490933893083
2021-11-10 15:00:00,12.390023209077702,21.62736528465458,17.114057043954933
2021-11-10 16:00:00,17.247473775497387,28.083782567181654,22.407581642471648
2021-11-10 17:00:00,22.180186484048594,34.42293134639876,27.884707234377622
2021-11-10 18:00:00,23.003767820070085,35.743612367519624,28.651671342742763
2021-11-10 19:00:00,20.1007273959629,32.66698384325637,26.35399988500375
2021-11-10 20:00:00,17.76007553617058,29.792589321362794,23.6713541679079
2021-11-10 21:00:00,14.912458671931155,25.430394133988028,20.124281622141662
2021-11-10 22:00:00,11.400928512292229,19.022581911555957,15.074884803282805
2021-11-10 23:00:00,8.644216170554243,13.679072123756589,10.895854082331322
2021-11-11 00:00:00,6.334706863471468,10.817983106429349,8.518365583480062
2021-11-11 01:00:00,5.397244256588639,9.863836875331817,7.668931894156667
2021-11-11 02:00:00,5.088846821834249,9.72233090285445,7.4617421903054115
2021-11-11 03:00:00,5.144914938275544,10.7374352840738,7.962493810444057
2021-11-11 04:00:00,5.849390131180377,12.844860790316838,9.375079707127663
2021-11-11 05:00:00,7.529505463685157,16.760156502278754,12.234460698244908
2021-11-11 06:00:00,11.7192754688752,25.40698980286813,18.14619429513505
2021-11-11 07:00:00,15.650338064852916,31.393103122160422,22.954508053976202
2021-11-11 08:00:00,15.363314689650784,29.67970851767687,21.86371254017141
2021-11-11 09:00:00,12.334548727592917,24.17200016929659,18.3732514713258
2021-11-11 10:00:00,11.326231711327319,21.235868868256635,16.50640463006251
2021-11-11 11:00:00,11.109818685343177,19.713616262777197,15.66886405302843
2021-11-11 12:00:00,11.24439432508999,19.283505273125122,15.65588599890642
2021-11-11 13:00:00,11.316985352986993,19.071982295707752,15.408012903494477
2021-11-11 14:00:00,11.0177211375715,18.96724986806769,15.190467868247412
2021-11-11 15:00:00,12.037648612968777,20.71392986462927,16.63774460244813
2021-11-11 16:00:00,17.216437351643876,27.643251742829154,22.249521303300902
2021-11-11 17:00:00,22.218812714002325,34.39534107220714,27.884618993642757
2021-11-11 18:00:00,23.06095039562648,36.23759831461802,29.06677107722539
2021-11-11 19:00:00,20.323181696394474,33.51948043811747,26.911748308910298
2021-11-11 20:00:00,17.999625383519668,30.792119611518853,24.268036885189932
2021-11-11 21:00:00,14.749380307855876,25.697070410339155,20.243115203716016
2021-11-11 22:00:00,11.167349048496538,19.05215834187477,15.123038302527375
2021-11-11 23:00:00,8.220603966600738,13.42853984746806,10.754716239013106
2021-11-12 00:00:00,6.446656424518936,10.904763995698984,8.524545686478124
2021-11-12 01:00:00,5.366922326581584,9.662095922246115,7.547791962178034
2021-11-12 02:00:00,5.055480945341486,9.48351915378419,7.314866035942118
2021-11-12 03:00:00,5.109706567133455,10.502479786058236,7.813536494193729
2021-11-12 04:00:00,5.542026398563981,12.204442694322472,8.960878279436226
2021-11-12 05:00:00,7.258270733891886,16.296070161330572,11.952024246369087
2021-11-12 06:00:00,11.725538570686311,25.251585744322526,18.156154186562333
2021-11-12 07:00:00,15.291864944455012,31.138714253125503,22.64145869478414
2021-11-12 08:00:00,15.57854845298761,29.64011326185108,21.59394325519624
2021-11-12 09:00:00,12.46075498021937,24.339350448754995,18.34543570699443
2021-11-12 10:00:00,11.397284054617378,21.341043965320523,16.484171797141446
2021-11-12 11:00:00,10.986717923531742,19.33850248815795,15.397109148086146
2021-11-12 12:00:00,11.114088800613338,19.05998008910208,15.510040286871206
2021-11-12 13:00:00,11.196603151103549,18.861634433672553,15.215326257963957
2021-11-12 14:00:00,10.788078521422973,18.598281822249543,14.908121143114396
2021-11-12 15:00:00,12.131046101055274,20.81011337063138,16.59382340865702
2021-11-12 16:00:00,17.10086705566221,27.345454816612758,21.97220303090416
2021-11-12 17:00:00,22.389254015973922,34.24638189140516,27.82286946114458
2021-11-12 18:00:00,22.466835746998918,34.694622951606185,28.0628146661892
2021-11-12 19:00:00,20.091502313861696,32.67038784129616,26.32764712546942
2021-11-12 20:00:00,18.186271354141365,30.639297568263217,24.211748891559875
2021-11-12 21:00:00,15.230626634545837,26.050804427580076,20.422247265476177
2021-11-12 22:00:00,10.841004002793781,18.242920350145052,14.57084501058371
2021-11-12 23:00:00,8.054922058169748,12.930632400854366,10.41824795230996
2021-11-13 00:00:00,6.784381240189447,11.00963085132077,8.545921217101625
2021-11-13 01:00:00,5.433245261717782,9.466481358699673,7.4356413178074146
2021-11-13 02:00:00,5.013751706120805,9.120760065544616,7.113526917630141
2021-11-13 03:00:00,5.063566102905454,10.094054934842672,7.60106406867404
2021-11-13 04:00:00,5.55803020733553,12.064541775699357,8.819192279714285
2021-11-13 05:00:00,6.613991970953791,15.604505391442387,11.176092319685957
2021-11-13 06:00:00,10.441391255669497,23.814145916342724,17.20071851901007
2021-11-13 07:00:00,15.898003735108768,31.137066981909896,22.877166750996118
2021-11-13 08:00:00,15.266634466327552,29.254270306273398,21.279229546345636
2021-11-13 09:00:00,12.784810344596076,23.866753689352795,17.867673196740718
2021-11-13 10:00:00,11.125049747511115,20.23714148528944,15.859893681181125
2021-11-13 11:00:00,11.029723499202909,18.9924686369116,15.243943704378488
2021-11-13 12:00:00,11.186067986627094,18.69521834156925,15.20141062155685
2021-11-13 13:00:00,11.18908201820001,18.432617592749864,15.03266956446674
2021-11-13 14:00:00,10.607226082024665,17.987370350695144,14.574098763805601
2021-11-13 15:00:00,12.248903666586319,20.30433604793759,16.429182096467926
2021-11-13 16:00:00,16.635895507469307,26.26114293837558,21.265667941787264
2021-11-13 17:00:00,21.28558005632839,32.32924146548278,26.613220187473267
2021-11-13 18:00:00,22.644627618940017,34.20455780945488,27.383680668016563
2021-11-13 19:00:00,20.03108978886742,31.637459900391498,25.5947590446665
2021-11-13 20:00:00,17.653193467613125,29.207750848843283,23.1628906228079
2021-11-13 21:00:00,15.036692073188496,25.04484678633494,19.610745398390982
2021-11-13 22:00:00,11.267008952327286,18.411060991207748,14.578524783049131
2021-11-13 23:00:00,8.115374586822464,12.793603085580454,10.335865488645561
2021-11-14 00:00:00,6.510933132388688,9.964967060318394,8.004773808823028
2021-11-14 01:00:00,5.680934535038528,9.024199733745059,7.229258643599001
2021-11-14 02:00:00,4.9725279969272105,8.417570559616086,6.716608529328856
2021-11-14 03:00:00,4.935245978443418,9.507784333763736,7.296033459831076
2021-11-14 04:00:00,5.49093052743975,11.559205829262574,8.620252184219012
2021-11-14 05:00:00,6.373490379306823,15.290753758428847,11.076115826061823
2021-11-14 06:00:00,10.219553904137033,23.79491773699413,17.233872905930404
2021-11-14 07:00:00,14.766981055270806,30.316057043103292,21.82541587605151
2021-11-14 08:00:00,15.01702060672439,28.57498661025852,20.87931931898739
2021-11-14 09:00:00,12.509029172051065,23.192372406029186,17.510591688295605
2021-11-14 10:00:00,11.176505295805615,19.430481574625258,15.51468806026472
2021-11-14 11:00:00,11.142379862614742,18.256276529687927,14.883160391858844
2021-11-14 12:00:00,11.117713346021619,17.862688319688665,14.774757559796068
2021-11-14 13:00:00,11.092201251378977,17.348446067521895,14.343288114892983
2021-11-14 14:00:00,10.496187960756151,16.571215372696983,13.813114890298998
2021-11-14 15:00:00,11.90730600607969,18.503736611116004,15.411988596432877
2021-11-14 16:00:00,16.393922171437065,24.671937408718264,20.396453002635944
2021-11-14 17:00:00,21.43902707300678,32.07727566789072,26.43285550025058
2021-11-14 18:00:00,22.70627576076925,34.317020480963734,27.584187673694768
2021-11-14 19:00:00,20.435445819674495,32.33325951110217,26.00721714105257
2021-11-14 20:00:00,17.552602364754428,29.40306097436823,23.296874392147117
2021-11-14 21:00:00,14.78955806106069,24.81501749487482,19.43984902736848
2021-11-14 22:00:00,11.621559537050727,18.608555833339913,14.70752751046962
2021-11-14 23:00:00,8.087464452024673,12.098770625703168,9.926996113595353
2021-11-15 00:00:00,6.338467175023962,9.920602770244042,8.015802403381457
2021-11-15 01:00:00,5.198769808099184,8.614774699853793,6.952709035175993
2021-11-15 02:00:00,4.893178125805922,8.424154638716441,6.720057736797914
2021-11-15 03:00:00,4.903329300354171,9.59093664128568,7.314276644069369
2021-11-15 04:00:00,5.320682087858505,11.774680712511897,8.644542181519668
2021-11-15 05:00:00,7.038514277970562,16.58358438849154,11.997604456098715
2021-11-15 06:00:00,11.368644420069275,25.766984844724888,17.99385850202257
2021-11-15 07:00:00,14.857941664231378,31.604764945916013,22.785946015601333
2021-11-15 08:00:00,15.542371986414532,29.874876889920092,21.686566737498985
2021-11-15 09:00:00,12.516784089742721,23.468789272485292,17.842732791545384
2021-11-15 10:00:00,11.227591987656577,19.637644285495654,15.504302108936818
2021-11-15 11:00:00,11.177346172696765,18.51209251340969,14.953335873442043
2021-11-15 12:00:00,11.288732358884394,18.26312844242114,14.970298929605082
2021-11-15 13:00:00,11.4164345348823,17.885234860301278,14.641110168775144
2021-11-15 14:00:00,10.751899077112034,17.033241919300586,14.00899932849492
2021-11-15 15:00:00,12.24119690522316,19.06131727819395,15.630870604068596
2021-11-15 16:00:00,16.93572561597272,25.443276668486998,20.884034969667614
2021-11-15 17:00:00,21.69773865479356,31.818178361871542,26.302812847473923
2021-11-15 18:00:00,22.384108546319066,33.36138607058838,27.060935102112502
2021-11-15 19:00:00,19.66566955019143,30.876160917445553,25.178445343149182
2021-11-15 20:00:00,17.343796373402427,28.40417064418041,22.760668986279537
2021-11-15 21:00:00,14.28697392531128,24.137295291660433,19.206989547684994
2021-11-15 22:00:00,10.893222141085507,17.655769765520585,14.184651117028706
2021-11-15 23:00:00,8.133286129303384,12.087240666719406,9.935165653623711
2021-11-16 00:00:00,6.109580766809719,10.358878889561584,8.28231541409131
2021-11-16 01:00:00,5.2491920438004875,9.34248416770233,7.3942409648910665
2021-11-16 02:00:00,4.993435790720033,9.212779149395516,7.168418495255407
2021-11-16 03:00:00,4.977782964555482,10.068096535000322,7.614321625499175
2021-11-16 04:00:00,5.187026078672953,11.571921492395221,8.621590032862771
2021-11-16 05:00:00,7.046754189101581,15.760871928817597,11.611662635637888
2021-11-16 06:00:00,11.291450904924057,24.213071628351024,17.28121228925105
2021-11-16 07:00:00,15.194993055420996,30.333857116273915,22.305220058561186
2021-11-16 08:00:00,15.083750653363488,28.93704736890935,21.23828481728446
2021-11-16 09:00:00,12.652036107737379,24.28381161971602,18.41243562027488
2021-11-16 10:00:00,11.551011723137686,21.438112361903205,16.653723913338506
2021-11-16 11:00:00,11.482301686545096,20.437249713947942,16.11451546502045
2021-11-16 12:00:00,11.84508901753506,20.414695133760606,16.43293409629335
2021-11-16 13:00:00,11.87675962042514,20.21906073759255,16.07460585267227
2021-11-16 14:00:00,11.552639130364245,20.105548459311688,15.867993094715366
2021-11-16 15:00:00,12.922505122719443,22.37055073969959,17.59535029649536
2021-11-16 16:00:00,17.74484752377873,28.694301765497382,22.919805899351115
2021-11-16 17:00:00,22.348194052585345,34.681025530696054,28.144238544238718
2021-11-16 18:00:00,23.29404447450552,36.12764948087637,28.94054926551876
2021-11-16 19:00:00,20.176256861451307,32.95035701332421,26.55733875478655
2021-11-16 20:00:00,18.230251385825067,30.574215088755167,24.320694115512172
2021-11-16 21:00:00,14.79479837531517,25.618253723676105,20.22344751136284
2021-11-16 22:00:00,11.087152812979802,18.811931293960075,14.983636771766108
2021-11-16 23:00:00,8.142790060029416,13.386192325169453,10.71096559505603
2021-11-17 00:00:00,6.566889169330985,11.643345479836475,9.133683296101509
2021-11-17 01:00:00,5.554639820861859,10.447459811190313,8.129827932908613
2021-11-17 02:00:00,5.1434986305826715,10.189353439326958,7.816603208434015
2021-11-17 03:00:00,5.155328331591677,11.229083191369167,8.360920714526689
2021-11-17 04:00:00,5.476484500798819,13.146497307896343,9.600246579372667
2021-11-17 05:00:00,7.238663396207852,17.710515328529674,12.969194516739618
2021-11-17 06:00:00,12.061752774431069,27.638447792294315,19.94378861849774
2021-11-17 07:00:00,16.405126823604732,34.82251364967647,25.458267146388494
2021-11-17 08:00:00,15.645677814318413,32.858868591334314,23.931030297740914
2021-11-17 09:00:00,12.987728975528404,27.521933262893974,20.753306000583063
2021-11-17 10:00:00,11.732557335773784,23.81693377772964,18.205078699769505
2021-11-17 11:00:00,11.315815241088467,21.76380416015788,17.02547296314511
2021-11-17 12:00:00,11.35467023240232,20.961905305623137,16.815692912731183
2021-11-17 13:00:00,11.566189901206203,20.557405497898657,16.393661579857486
2021-11-17 14:00:00,11.015862534129413,20.041366958699,15.953264650705114
2021-11-17 15:00:00,12.046248128680222,21.955562483364506,17.516390877805765
2021-11-17 16:00:00,17.249994365311565,29.300994142428117,23.331890558078765
2021-11-17 17:00:00,22.85755131499678,36.92675453894427,29.746725504387886
2021-11-17 18:00:00,23.50949143490454,38.329848622623295,30.569311709423815
2021-11-17 19:00:00,20.544191046854564,35.39195532916739,28.22196859902692
2021-11-17 20:00:00,18.70235224413814,33.45862979060915,26.237349421777452
2021-11-17 21:00:00,15.244435787536238,28.068484533749942,21.90563209791233
2021-11-17 22:00:00,11.637682958013562,20.815484913341542,16.370245184397593
2021-11-17 23:00:00,8.429476542514667,14.599828222229343,11.580607572102736
2021-11-18 00:00:00,6.473896656951055,12.7012000686049,9.67199835999757
2021-11-18 01:00:00,5.460662448967829,11.512968164749987,8.637179583414502
2021-11-18 02:00:00,5.305869292430252,11.760479162327709,8.62376221022414
2021-11-18 03:00:00,5.334890056522744,12.832463538666117,9.157948450315812
2021-11-18 04:00:00,5.919910311352289,15.111098987196176,10.563410117621562
2021-11-18 05:00:00,8.039387864023814,20.435992089108513,14.34164562924084
2021-11-18 06:00:00,12.442909510965704,29.429570038600456,20.87460211183513
2021-11-18 07:00:00,16.247310553258686,35.91505946165887,25.853887036182744
2021-11-18 08:00:00,16.90095308368817,35.55033700177304,25.81619106089155
2021-11-18 09:00:00,13.505798506511288,29.573134583504462,21.816975471843772
2021-11-18 10:00:00,11.707279010939752,25.099296423639693,18.78720520828779
2021-11-18 11:00:00,11.33904738593975,23.095531152379532,17.668404559233245
2021-11-18 12:00:00,11.260088444426309,22.118411311320212,17.36662036470901
2021-11-18 13:00:00,11.595160970092142,21.963908781179097,17.13304076723941
2021-11-18 14:00:00,10.831253886321079,21.376591362009254,16.639868369751255
2021-11-18 15:00:00,12.078283383544939,23.584268753748844,18.375383043323296
2021-11-18 16:00:00,17.543736739212843,30.659639297989063,24.016941399390202
2021-11-18 17:00:00,22.908424972672005,37.829664026145664,30.091261387985732
2021-11-18 18:00:00,23.795852317127107,39.18536563843964,30.65879822319326
2021-11-18 19:00:00,20.535698766804927,35.86316267218804,28.30285329241343
2021-11-18 20:00:00,18.34687512192996,33.25490323632462,25.85965152222874
2021-11-18 21:00:00,15.3682425939794,28.82128776343837,22.152869593701237
2021-11-18 22:00:00,11.356278789828048,21.136527352263844,16.413370570511187
2021-11-18 23:00:00,8.390924353431563,15.33126545392976,11.909664595089227
2021-11-19 00:00:00,6.565537768333164,13.362450142560382,10.016706128635555
2021-11-19 01:00:00,5.613096637168433,12.30216798152585,9.145328016438134
2021-11-19 02:00:00,5.4139437467356855,12.333013269139984,8.963230588378565
2021-11-19 03:00:00,5.308897810264963,13.298062697628492,9.45895289279587
2021-11-19 04:00:00,5.893703070012123,15.215849605209877,10.783678244316024
2021-11-19 05:00:00,7.514676575096687,19.593292612534764,13.998491093150758
2021-11-19 06:00:00,12.060167831698307,29.076287195331297,20.736638002342467
2021-11-19 07:00:00,16.371183037684382,36.19506869846449,25.860310918758074
2021-11-19 08:00:00,16.915430322549845,35.77035845799463,25.949509061146646
2021-11-19 09:00:00,13.353645708306326,29.849356068879533,21.86432826654052
2021-11-19 10:00:00,12.132939397616376,26.39826990828073,19.68862299187381
2021-11-19 11:00:00,11.87273580858575,25.26913368899498,19.002073490374972
2021-11-19 12:00:00,12.01996448384624,25.130269520286785,19.20050636815123
2021-11-19 13:00:00,12.253188951320245,24.88721720847908,18.93105353591485
2021-11-19 14:00:00,11.34460726702837,23.96108231794027,18.21591454711956
2021-11-19 15:00:00,13.089545909292275,27.197312504111164,20.726325406807312
2021-11-19 16:00:00,18.307466577814555,33.893879417137086,26.17254652637162
2021-11-19 17:00:00,23.388878364722007,41.16599745925397,32.39435550670045
2021-11-19 18:00:00,24.703354111599147,42.43372759972732,32.95824016947258
2021-11-19 19:00:00,21.651403106810967,39.3159552107378,30.62704436926107
2021-11-19 20:00:00,19.023758843202884,36.213104793923954,27.80331960105751
2021-11-19 21:00:00,15.6644006808698,30.850234920973957,23.545692742717325
2021-11-19 22:00:00,11.92633868991777,23.377809040791693,17.835646330499838
2021-11-19 23:00:00,8.891567778977798,16.893263901681536,12.916727338858564
2021-11-20 00:00:00,7.747452999604828,16.86264158925238,12.279197025251037
2021-11-20 01:00:00,5.9321881025489,15.008899472098772,10.811526581508613
2021-11-20 02:00:00,5.631362833662516,14.81800130092622,10.502388250481529
2021-11-20 03:00:00,5.592950972808981,15.863595718424031,11.1123069602983
2021-11-20 04:00:00,6.022825729947754,18.281131552295292,12.630971750400755
2021-11-20 05:00:00,6.933048590193916,22.701023941732732,15.610047795816863
2021-11-20 06:00:00,11.557375691449641,33.267042532539,23.38967249440645
2021-11-20 07:00:00,16.90127402241148,42.52926263662324,30.599681350577367
2021-11-20 08:00:00,17.353552793554414,41.71469337858493,29.850570501071587
2021-11-20 09:00:00,15.549413919291752,37.43282023296631,26.44662391032549
2021-11-20 10:00:00,13.218439868449941,32.51422843617253,23.650765389811287
2021-11-20 11:00:00,12.80616561521884,30.84143481796792,22.680161326311296
2021-11-20 12:00:00,12.573184204001977,29.60311546419509,22.01636675464143
2021-11-20 13:00:00,12.557881992206571,29.024147044409773,21.670378130017088
2021-11-20 14:00:00,12.63902137581886,29.534280760417587,21.942107647888257
2021-11-20 15:00:00,14.132878161296698,32.77271570227332,24.340110745775867
2021-11-20 16:00:00,19.09175822369782,40.0370536388414,30.01600323177931
2021-11-20 17:00:00,23.974024914051636,46.58296771133821,35.935929716836256
2021-11-20 18:00:00,26.21784357556729,49.73579865573548,38.39763671649932
2021-11-20 19:00:00,23.252690170600697,46.25625981637918,34.49392168071082
2021-11-20 20:00:00,19.64815296468101,41.925089525222965,31.312407667455897
2021-11-20 21:00:00,17.109865431027252,36.708625912271394,27.14993278694971
2021-11-20 22:00:00,12.724308316689422,27.285461947516996,20.21620383648477
2021-11-20 23:00:00,9.215414909308196,19.713619802700794,14.619257883841751
2021-11-21 00:00:00,7.4166457026975845,17.4079278229482,12.523729455234129
2021-11-21 01:00:00,6.340458987277681,16.352568283030624,11.545872820272608
2021-11-21 02:00:00,6.417446365866566,16.614590308699736,11.668392895754659
2021-11-21 03:00:00,5.8414949202613755,17.348948063463432,11.875607365468412
2021-11-21 04:00:00,6.374237239841716,20.364551763994598,13.814903855544067
2021-11-21 05:00:00,7.5321844571756,25.976271055879675,17.487213131332698
2021-11-21 06:00:00,12.599601711697874,37.53208198823301,26.099745726570735
2021-11-21 07:00:00,18.50468444544239,47.66154282397902,34.183123916930015
2021-11-21 08:00:00,17.97728411372039,45.95455184070038,32.83278491375975
2021-11-21 09:00:00,15.36897788002531,39.14742056166065,27.555229812265637
2021-11-21 10:00:00,13.055116912889298,33.57308047416429,24.112280218780203
2021-11-21 11:00:00,12.156208498562195,29.799825457606953,21.978418166233524
2021-11-21 12:00:00,12.304205386182122,28.759705188574248,21.432014658988393
2021-11-21 13:00:00,12.077350295200427,27.841735416698686,20.85704429502525
2021-11-21 14:00:00,11.951262154185605,27.68383639574938,20.72525393721378
2021-11-21 15:00:00,13.325638739886267,30.956174683928143,23.07621786163807
2021-11-21 16:00:00,18.418661899960227,38.3568058878642,28.841897897292636
2021-11-21 17:00:00,23.387149128874853,45.3102609113754,35.05244967492849
2021-11-21 18:00:00,26.162000355515012,49.46304760216528,38.12489075220776
2021-11-21 19:00:00,23.31838107627808,46.887364839717335,34.80432658702122
2021-11-21 20:00:00,19.964409252230567,43.496449556839394,32.3060308426986
2021-11-21 21:00:00,17.319823326190097,38.15044338454721,27.97786586586797
2021-11-21 22:00:00,13.155629266638392,28.867325762779135,21.156904410863955
2021-11-21 23:00:00,9.905741879509232,21.404353067492718,15.785616246281156
2021-11-22 00:00:00,8.251206669644755,21.869273910089646,15.28383068599455
2021-11-22 01:00:00,6.523753949807394,20.548094688297144,14.021622150258302
2021-11-22 02:00:00,6.653948559897767,20.960884520425267,14.233681689985712
2021-11-22 03:00:00,6.380300950170194,22.178887079678557,14.743589112889147
2021-11-22 04:00:00,7.500076546997729,26.515563390022304,17.567387714397668
2021-11-22 05:00:00,9.449640780280339,32.963492676862316,22.218593339494973
2021-11-22 06:00:00,14.758376258950287,46.05286742406558,31.881238301057852
2021-11-22 07:00:00,20.434342555264276,57.66266410420525,40.17863859685791
2021-11-22 08:00:00,19.734891962904808,55.98343701851038,39.6213897244164
2021-11-22 09:00:00,14.83529586456245,44.59962093534639,31.10593911869141
2021-11-22 10:00:00,12.980865201233566,39.08895992762933,27.42612288054826
2021-11-22 11:00:00,12.806298406057147,35.8616122214275,25.825674453715088
2021-11-22 12:00:00,12.39684055313132,34.15518013929979,24.79817685321959
2021-11-22 13:00:00,13.625221271307067,33.60867469456325,24.392188734473386
2021-11-22 14:00:00,12.663828279319238,33.026077577859326,23.815473953622643
2021-11-22 15:00:00,13.654565696285488,34.730497859463,25.27215207734723
2021-11-22 16:00:00,19.38373925844761,42.96106626988538,32.11159078203745
2021-11-22 17:00:00,24.03708900530186,49.68061621358773,37.9545482156227
2021-11-22 18:00:00,27.061978511478486,54.17597733397605,41.01598937848006
2021-11-22 19:00:00,23.31915483541574,49.43963465724762,36.74794340459527
2021-11-22 20:00:00,20.419398558726378,45.67635636443105,33.982584370129814
2021-11-22 21:00:00,16.762542063579204,39.27521628603274,28.949627379897674
2021-11-22 22:00:00,12.304848550390652,29.20678065397659,21.476063683296672
2021-11-22 23:00:00,8.944467205918295,21.385361219117872,15.607646867490683
2021-11-23 00:00:00,7.180146085286959,16.46270076963583,11.807605887231471
2021-11-23 01:00:00,6.066708837390882,14.985198018168587,10.564388227875982
2021-11-23 02:00:00,5.989161057649056,15.133145626917246,10.463925217026032
2021-11-23 03:00:00,6.201038046430786,16.699995991803476,11.352446849511916
2021-11-23 04:00:00,6.687812604609045,19.48660416713781,13.144579952030547
2021-11-23 05:00:00,8.809812473266847,25.605307349498215,17.559778852891238
2021-11-23 06:00:00,14.267609962481831,37.77922339219357,26.567278429138668
2021-11-23 07:00:00,17.47711850161143,44.60865951810333,30.925117926652675
2021-11-23 08:00:00,18.010384902570806,43.2526842201085,30.722100023973297
2021-11-23 09:00:00,14.600767787280207,36.74534176686883,25.8199894974752
2021-11-23 10:00:00,12.964183054823891,32.284894852830135,22.8959681228689
2021-11-23 11:00:00,12.462427532875841,30.046613508001542,21.821755039802454
2021-11-23 12:00:00,12.899403269667054,29.58062704911715,21.722744035182487
2021-11-23 13:00:00,13.51844477526477,29.594529365266663,21.7510335538982
2021-11-23 14:00:00,12.596434897202306,28.800937776811956,21.132540146613483
2021-11-23 15:00:00,13.894964233504398,31.35553020043648,22.971296055274724
2021-11-23 16:00:00,19.182235359744013,38.69667228693006,29.180499421731554
2021-11-23 17:00:00,23.78728689924317,44.96577647810302,34.71712810753671
2021-11-23 18:00:00,25.890172005775522,47.468005243756444,36.21688450413694
2021-11-23 19:00:00,22.36275771100601,43.869083169825345,33.21702560333769
2021-11-23 20:00:00,19.707826519171316,40.519036009722484,30.45573295305822
2021-11-23 21:00:00,15.932652263720836,33.87472389437167,25.239312337359745
2021-11-23 22:00:00,11.906298861665187,24.986528893121942,18.73511998413907
2021-11-23 23:00:00,8.607836752049126,17.859135691865124,13.306385164907415
2021-11-24 00:00:00,7.260681917775078,14.545148220611251,10.812890864032546
2021-11-24 01:00:00,5.86582757740386,12.892667970113306,9.439744718777906
2021-11-24 02:00:00,5.6643201510443735,12.91621726464461,9.326779024754796
2021-11-24 03:00:00,5.629181221676165,14.315164299099585,9.996666778153608
2021-11-24 04:00:00,5.873366000063454,16.683311157921267,11.541138749262059
2021-11-24 05:00:00,8.139796078616342,22.815373790070264,15.933377159754892
2021-11-24 06:00:00,12.749880767596014,34.513209090353364,24.097354336346093
2021-11-24 07:00:00,17.51666269707738,42.84791348219327,30.249173934995987
2021-11-24 08:00:00,17.598040631710845,40.68159810642844,29.13662044104903
2021-11-24 09:00:00,14.064491099795495,33.42422370856086,24.020668338379718
2021-11-24 10:00:00,12.428657565259256,28.764273399855167,21.061662823046902
2021-11-24 11:00:00,12.556159318014092,27.151252341185696,20.433196272000718
2021-11-24 12:00:00,12.33767146418472,26.12188912481295,19.849483216179706
2021-11-24 13:00:00,13.352027922186272,26.816127564392772,20.369320815013218
2021-11-24 14:00:00,12.317156669508444,26.08655978557543,19.55162256634682
2021-11-24 15:00:00,13.34534365343462,28.367534707476036,21.24246650800575
2021-11-24 16:00:00,18.91328301216156,36.4016137734901,28.129487904878516
2021-11-24 17:00:00,23.663649563698787,43.44728147318274,34.04015046112073
2021-11-24 18:00:00,25.732357745553028,46.32380315477063,35.336025768783344
2021-11-24 19:00:00,21.68248456705798,42.264927287295,32.137249884665074
2021-11-24 20:00:00,19.702547803621997,39.623641492155464,29.96485347283405
2021-11-24 21:00:00,16.321479115634535,33.74607010158265,25.458491973055448
2021-11-24 22:00:00,12.292931532403635,24.605489877801233,18.73476512358024
2021-11-24 23:00:00,8.90612267246333,17.203831757078987,13.111454042418067
2021-11-25 00:00:00,6.980146960816477,15.400774881635563,11.355304635571843
2021-11-25 01:00:00,5.799417642922965,13.988538061181325,10.207525469958805
2021-11-25 02:00:00,5.680209240985085,14.127594253910313,10.109773921778311
2021-11-25 03:00:00,5.679969936087207,15.43795658534273,10.798930017031383
2021-11-25 04:00:00,6.2352764978697035,18.278314231383394,12.675511666792529
2021-11-25 05:00:00,8.277300999663067,24.12907886905729,16.916082426165413
2021-11-25 06:00:00,13.36409654944086,35.76252160978484,25.272587707183064
2021-11-25 07:00:00,17.52358839872858,43.37098859278006,30.643635234090105
2021-11-25 08:00:00,17.763988270483285,42.41619345337337,30.697352528344556
2021-11-25 09:00:00,15.096869724988158,36.79135024186261,26.6612097134072
2021-11-25 10:00:00,13.206251041745894,32.31118795724473,23.42045748698535
2021-11-25 11:00:00,12.466600452242973,29.962473946912187,22.08867180145736
2021-11-25 12:00:00,12.357583099980246,28.751525094724258,21.573647719754035
2021-11-25 13:00:00,13.410033437992205,29.654324845102437,22.112059782148002
2021-11-25 14:00:00,12.13321875313291,28.507326423335655,21.01500048172062
2021-11-25 15:00:00,13.590309482421983,31.179123860962168,23.080154794273877
2021-11-25 16:00:00,19.060327824633106,39.084156665056604,29.737790237664004
2021-11-25 17:00:00,23.68776578634953,45.21805949209145,35.298589416344484
2021-11-25 18:00:00,26.661187940647878,48.66480858328774,37.498831468541155
2021-11-25 19:00:00,22.602773621914277,44.46693032244957,34.146952565191434
2021-11-25 20:00:00,20.28860618349871,42.31107484795749,32.07025441889147
2021-11-25 21:00:00,16.398891637510268,35.38633593506507,26.61821475795679
2021-11-25 22:00:00,12.562270223803127,26.968984587926144,20.33945918543489
2021-11-25 23:00:00,9.35158693562221,19.634305102596425,14.66584768344667
2021-11-26 00:00:00,7.4270266380339365,16.770000718177375,12.285797273396268
2021-11-26 01:00:00,6.009684899577162,15.041666428073205,10.863014492137927
2021-11-26 02:00:00,5.853357657550313,15.000140709275156,10.72673123913977
2021-11-26 03:00:00,5.745420963512585,16.24754310262864,11.341987344475992
2021-11-26 04:00:00,6.173879119063648,18.85806434669932,13.052312241723389
2021-11-26 05:00:00,8.688903873352434,25.911345412420346,18.10743558243697
2021-11-26 06:00:00,13.775582818627067,37.36705760283225,26.77990216017564
2021-11-26 07:00:00,18.443272240273174,46.610639626617726,33.51537610617768
2021-11-26 08:00:00,18.39003450209731,45.252589922221276,32.90447598573437
2021-11-26 09:00:00,14.145427590776489,37.49272363883549,26.80722097786385
2021-11-26 10:00:00,11.984391516645045,31.190568372470718,22.819709654864713
2021-11-26 11:00:00,11.799667524399883,29.333802553806514,21.85053947151696
2021-11-26 12:00:00,12.07067209147902,29.067879962673885,21.86602661961481
2021-11-26 13:00:00,12.791880659164041,29.274043634725444,21.94809725904921
2021-11-26 14:00:00,12.204267776428182,28.973001679726405,21.642820583891012
2021-11-26 15:00:00,13.811192974771487,31.87931744372926,23.677742079819208
2021-11-26 16:00:00,18.93910918585868,39.698164822539994,30.289684491122866
2021-11-26 17:00:00,24.05378080228798,46.578313852064234,36.270888106733196
2021-11-26 18:00:00,26.048892768605977,49.28132545117885,38.11826368779221
2021-11-26 19:00:00,22.574202986714486,46.38063469534234,35.41123243079215
2021-11-26 20:00:00,21.020440722979995,44.49133866987428,33.82468815125731
2021-11-26 21:00:00,17.173431762779924,38.10705735830514,28.467008579621158
2021-11-26 22:00:00,12.691610678952232,28.281134966558664,21.171178030459128
2021-11-26 23:00:00,9.5522726696579,20.643394963266694,15.484366067222977
2021-11-27 00:00:00,8.247839490628003,18.903708026060087,13.670136105322621
2021-11-27 01:00:00,6.627186605720223,17.185875351220304,12.076005113234244
2021-11-27 02:00:00,6.188826922164801,16.95072724874835,11.715572272805344
2021-11-27 03:00:00,6.095182135398103,18.60728011750237,12.571651792135269
2021-11-27 04:00:00,6.7779967880832785,22.03365048189277,14.832676533329698
2021-11-27 05:00:00,7.764418362991179,27.66633109827075,18.59074413092214
2021-11-27 06:00:00,12.818623295262558,41.28177232564452,28.448699753167435
2021-11-27 07:00:00,19.173186361618296,52.42109838397216,37.201997445271964
2021-11-27 08:00:00,19.65004049518475,51.35308809070925,36.68455420703256
2021-11-27 09:00:00,16.513859512275953,43.81867104081413,30.96866023991467
2021-11-27 10:00:00,13.781271791767422,36.46076378329581,25.924030303187863
2021-11-27 11:00:00,13.275860655990607,34.041618276879625,24.493720804155576
2021-11-27 12:00:00,13.344432986962532,32.620598623554315,23.826640324581753
2021-11-27 13:00:00,13.268116605061179,31.560727333132032,23.19267856988102
2021-11-27 14:00:00,13.071913602085163,31.060813250718674,22.795688790511154
2021-11-27 15:00:00,14.078372643572957,32.75476406713155,24.30574117630594
2021-11-27 16:00:00,18.212941141250205,38.63734757914178,29.22483878209953
2021-11-27 17:00:00,23.361143053116038,45.05358254280905,35.015461694957224
2021-11-27 18:00:00,25.59591594601644,47.09729339395157,36.7153535590437
2021-11-27 19:00:00,22.922399698497383,43.89727002583472,33.106276507119475
2021-11-27 20:00:00,19.190688502841216,40.4425404759822,30.37618794308291
2021-11-27 21:00:00,16.749865492537275,35.47172058591749,26.44637730477917
2021-11-27 22:00:00,12.785585657391028,26.817409532063596,20.0189315697478
2021-11-27 23:00:00,9.034012275979055,18.92727123547655,14.23372806930499
2021-11-28 00:00:00,7.567346758771045,13.035717838595827,10.022959746722316
2021-11-28 01:00:00,6.158883986299288,11.427745809361003,8.683460406610337
2021-11-28 02:00:00,5.605434559870522,11.108174072313316,8.30305365446633
2021-11-28 03:00:00,5.374176631544042,12.435849725930382,8.994909769671994
2021-11-28 04:00:00,5.8283584699208575,15.216774865506148,10.773432389820597
2021-11-28 05:00:00,7.128963317035087,20.774379370099737,14.330525613713021
2021-11-28 06:00:00,11.53176417463159,31.928730822671575,22.598945993783563
2021-11-28 07:00:00,16.195680856771343,38.08879908822432,27.4322999975669
2021-11-28 08:00:00,17.000521826291212,35.95317654575943,26.328700501049127
2021-11-28 09:00:00,14.859394499290097,29.86582736817158,22.0078812447272
2021-11-28 10:00:00,12.405088103985296,24.556280913720965,18.567392394076183
2021-11-28 11:00:00,12.106041897294533,22.68581535545776,17.5295869373707
2021-11-28 12:00:00,12.161987184216375,22.212355385842848,17.457594812266358
2021-11-28 13:00:00,12.319104920954821,21.637751193204423,17.227933551489784
2021-11-28 14:00:00,12.086536920527521,21.134061616400423,16.759359844425095
2021-11-28 15:00:00,13.477240139896285,23.326065396768552,18.705254755211225
2021-11-28 16:00:00,17.374379011112264,29.61374578495575,23.68030207259533
2021-11-28 17:00:00,22.988432333812028,37.533139802501026,30.437326111902525
2021-11-28 18:00:00,24.413070170119244,40.06047727996281,31.7229020999765
2021-11-28 19:00:00,21.30569067259415,37.06831093895813,28.98811369669002
2021-11-28 20:00:00,17.994147704345412,33.42982354305933,25.99093959699839
2021-11-28 21:00:00,15.543312687496782,29.21615181621395,22.40509709368826
2021-11-28 22:00:00,11.840844006975235,21.218016729966127,16.581653251229728
2021-11-28 23:00:00,8.48281813683053,13.950312717170316,11.194832680155871
2021-11-29 00:00:00,6.491267848762608,11.146072024303667,8.86475356897883
2021-11-29 01:00:00,5.512249867771126,10.022956284741761,7.984000373538514
2021-11-29 02:00:00,5.123442143710726,9.904763921095599,7.736776457643048
2021-11-29 03:00:00,5.130478094818665,11.492213879581096,8.603624436085871
2021-11-29 04:00:00,5.511138034110497,14.229125355323976,10.367436782961144
2021-11-29 05:00:00,7.286302649896445,19.91623626374869,14.387796341763051
2021-11-29 06:00:00,12.356059736777539,31.469230668105123,22.370131564377036
2021-11-29 07:00:00,15.584782988941937,36.87171717438606,26.852748850435702
2021-11-29 08:00:00,16.582781343852332,35.06841174936257,25.546046922578263
2021-11-29 09:00:00,13.303972088918668,27.80885790587979,20.83804431376449
2021-11-29 10:00:00,11.860541309934536,23.60695029908257,18.218571230269283
2021-11-29 11:00:00,11.6964726242348,21.925140725532906,17.27204339375854
2021-11-29 12:00:00,11.894445714438246,21.611999967478173,17.356833451791445
2021-11-29 13:00:00,12.215461986124103,21.473551218015004,17.150570157567778
2021-11-29 14:00:00,11.498499163839861,20.541728413444435,16.456753559357814
2021-11-29 15:00:00,13.217838677605123,23.18191674076299,18.464264709540956
2021-11-29 16:00:00,17.970296015484013,30.427461405193306,24.405849928119178
2021-11-29 17:00:00,22.750707924797037,37.33234401143058,30.400251368809766
2021-11-29 18:00:00,24.51416488845178,40.68236430223995,32.43208571298273
2021-11-29 19:00:00,20.82559421789605,37.16383082040713,29.51836479710676
2021-11-29 20:00:00,18.721019237458584,34.77130992205867,27.299865950879283
2021-11-29 21:00:00,15.50431382970465,29.80950684339755,23.158313234768425
2021-11-29 22:00:00,11.8436589943911,21.988264704360805,17.219873954962093
2021-11-29 23:00:00,8.762780163726015,14.585516592814859,11.683359074299082
2021-11-30 00:00:00,6.403846403664617,12.8284307346565,10.056000900303244
2021-11-30 01:00:00,5.533766095306792,11.786823240239183,9.123966887663364
2021-11-30 02:00:00,5.24028406910844,11.672465382383626,8.94444146756752
2021-11-30 03:00:00,5.319693349557421,13.09288844717029,9.718790544365092
2021-11-30 04:00:00,5.655364203732945,15.447635519938407,11.282537485878882
2021-11-30 05:00:00,7.559161682547973,21.017276368981978,15.360414766544048
2021-11-30 06:00:00,12.107346351533492,32.82207868610083,23.779017800702487
2021-11-30 07:00:00,17.388336506483423,41.725362294171134,30.68434343539712
2021-11-30 08:00:00,17.498476712798986,39.47232549560881,29.31274872701287
2021-11-30 09:00:00,13.372483748893885,31.29766568793849,23.485317150692385
2021-11-30 10:00:00,12.257758297042415,26.83683787126636,20.655300111963523
2021-11-30 11:00:00,11.554918560327547,24.386637366170394,19.10315561835438
2021-11-30 12:00:00,11.991850300460797,23.930745170388835,18.920053114225656
2021-11-30 13:00:00,11.990391943997281,23.43916776071789,18.52898657447152
2021-11-30 14:00:00,11.16578365011408,22.8011411313311,17.978667300281305
2021-11-30 15:00:00,13.004879881429504,26.01326036650472,20.39247280834567
2021-11-30 16:00:00,17.75256858796012,33.51490976021783,26.548358242110023
2021-11-30 17:00:00,23.1932766338368,41.97993395702756,33.69407422195311
2021-11-30 18:00:00,24.93716181949906,44.371357764922614,35.09269528223533
2021-11-30 19:00:00,21.87031622629047,41.65432718799252,32.99593640429715
2021-11-30 20:00:00,19.354354308045544,38.73754628072222,30.254658357111776
2021-11-30 21:00:00,16.753107387488207,35.059901023760354,27.07901263633875
2021-11-30 22:00:00,12.628863744254396,26.54424988415139,20.499032706140053
2021-11-30 23:00:00,9.880623679400033,19.772474173697805,15.293300422369617
2021-12-01 00:00:00,7.753898619990819,23.122754786748928,16.744369628250514
2021-12-01 01:00:00,6.460967985942316,21.788596165146693,15.466958236621345
2021-12-01 02:00:00,6.288869785721339,21.6102429791424,15.187868874647025
2021-12-01 03:00:00,6.3156874945989205,23.08763807066899,16.024473779145072
2021-12-01 04:00:00,7.119725697335743,26.849186593085797,18.65298373534137
2021-12-01 05:00:00,9.139644645287376,34.10945569417904,23.9086697967037
2021-12-01 06:00:00,14.755233545294912,46.85379384985861,34.03561688793045
2021-12-01 07:00:00,20.358345748522538,58.916047164447065,42.94666287532582
2021-12-01 08:00:00,20.887385874664105,59.9417020035126,43.98405856571682
2021-12-01 09:00:00,14.997034532906307,47.044856337524564,34.18077238852461
2021-12-01 10:00:00,13.18200127936568,42.424614429017026,30.849188574601403
2021-12-01 11:00:00,12.532813656441892,38.439788963722606,28.422714039132043
2021-12-01 12:00:00,12.807548686176922,36.80925303423204,27.687902838795548
2021-12-01 13:00:00,14.161529677758688,36.75833369034606,27.535558455279162
2021-12-01 14:00:00,12.730213360899263,35.40274205838973,26.277417610849856
2021-12-01 15:00:00,14.517688970613088,38.422193809669416,28.660644087633823
2021-12-01 16:00:00,19.926998331633005,46.249947053594994,35.60547179912842
2021-12-01 17:00:00,24.845814653143528,53.64208198709115,42.10687256126019
2021-12-01 18:00:00,27.316063323311496,57.1170556429082,44.18410748686847
2021-12-01 19:00:00,23.855952584985175,53.460182980794606,40.85735958269373
2021-12-01 20:00:00,21.097521420062073,50.43721660614804,38.3586448434318
2021-12-01 21:00:00,17.284226874078378,43.59728484404173,32.86602950052702
2021-12-01 22:00:00,12.851850206339105,32.90700285666467,24.725321306224316
2021-12-01 23:00:00,9.5721328310977,24.559250450581573,18.315595488384094
2021-12-02 00:00:00,7.913192794245989,23.904543681177966,16.956954574365373
2021-12-02 01:00:00,6.515794417329842,22.18516269432411,15.46758008175336
2021-12-02 02:00:00,6.447914221206712,22.389820670176423,15.501479072878723
2021-12-02 03:00:00,6.670789708783893,24.276872087354963,16.660239594957293
2021-12-02 04:00:00,7.153923216341893,26.904672926388507,18.439876884959272
2021-12-02 05:00:00,9.50380965267612,34.732920533394385,24.176648147385862
2021-12-02 06:00:00,14.656123774121538,49.34819533494575,35.093414010311605
2021-12-02 07:00:00,20.69104324043231,60.70163110129935,43.80624586586224
2021-12-02 08:00:00,21.376066034981392,61.09048826602129,44.31336158041754
2021-12-02 09:00:00,16.388835374590585,53.5022272653356,37.82115119361826
2021-12-02 10:00:00,13.899375158210768,44.50048891258928,31.981419595760272
2021-12-02 11:00:00,12.893350022507395,39.918200077983556,29.228955743003674
2021-12-02 12:00:00,13.114202786008718,37.69046209819559,27.97886763388346
2021-12-02 13:00:00,13.828347446053371,36.538012522781905,27.098352968013224
2021-12-02 14:00:00,12.242642487948068,34.67788918505753,25.51082459386188
2021-12-02 15:00:00,14.123796686227278,38.073328300275726,28.08180968408987
2021-12-02 16:00:00,20.206985753474346,47.073947546507064,35.738169494520236
2021-12-02 17:00:00,25.426318683006134,54.817741071592735,42.59215513195472
2021-12-02 18:00:00,27.469688912676155,58.263712964648846,44.78910665391925
2021-12-02 19:00:00,24.185105619252916,55.439367512429286,41.8655822019471
2021-12-02 20:00:00,21.555232257473467,52.4386145713294,39.36037368503218
2021-12-02 21:00:00,17.743483903736053,45.358055481728606,33.6901235119564
2021-12-02 22:00:00,13.43843896002075,34.48560827775716,25.705287123803817
2021-12-02 23:00:00,9.611619507771124,25.245607924307745,18.558466897645864
2021-12-03 00:00:00,8.01119369323323,23.797063034863434,16.908562409811445
2021-12-03 01:00:00,6.700834526658601,23.057289282220363,15.971843679622816
2021-12-03 02:00:00,6.357878392918316,22.13803284239816,15.300110695807549
2021-12-03 03:00:00,6.790739041731551,24.900794067234447,16.966578564497784
2021-12-03 04:00:00,7.221629265826573,27.6632173089649,18.979522962815654
2021-12-03 05:00:00,10.147394277137309,36.33232470756058,25.347890912640974
2021-12-03 06:00:00,15.865260020965131,51.238056673381585,36.57250932639703
2021-12-03 07:00:00,21.108138718871384,59.918121918448115,43.34350445537727
2021-12-03 08:00:00,21.017404865326128,59.87502918217747,43.740885175639114
2021-12-03 09:00:00,15.348882172160721,50.6980794030367,36.182492892121566
2021-12-03 10:00:00,13.659251302860662,44.10830935095556,31.79038790401024
2021-12-03 11:00:00,13.044852487672472,39.84559445652934,29.20029505032532
2021-12-03 12:00:00,12.411110632732314,36.93084740826174,27.199194962471328
2021-12-03 13:00:00,13.282219423645131,36.72399784454482,27.292336332392864
2021-12-03 14:00:00,12.455970727941793,35.54305481806598,26.169146071714227
2021-12-03 15:00:00,15.021076720321238,40.44056754089661,29.703727626138946
2021-12-03 16:00:00,20.406155955621863,49.623253517620185,37.16878417175363
2021-12-03 17:00:00,25.7824333126437,57.83152159305894,44.50615259511044
2021-12-03 18:00:00,27.840758764884487,61.105324962177455,46.529790682024604
2021-12-03 19:00:00,24.08947910826869,56.5396647995577,42.60642179315265
2021-12-03 20:00:00,21.274531245482027,52.47360253025178,39.462921697967396
2021-12-03 21:00:00,17.857108451028846,45.41648402417376,33.82335502912482
2021-12-03 22:00:00,12.56446128825226,32.507699090653084,24.230603921691117
2021-12-03 23:00:00,9.278999921102605,24.094397447539396,17.83248006584855
2021-12-04 00:00:00,8.792772423909287,19.099024734695476,14.211536575437242
2021-12-04 01:00:00,6.399994965298008,16.3037492378638,11.719659812642277
2021-12-04 02:00:00,6.101045466226821,15.736655336274678,11.266488117425665
2021-12-04 03:00:00,5.652140018984994,16.345133876900334,11.540508211902875
2021-12-04 04:00:00,6.1662664115766885,18.881967116873568,13.226156911560805
2021-12-04 05:00:00,7.025408182857505,23.100513745701818,16.168130747944822
2021-12-04 06:00:00,12.095650605404316,33.912178171981054,24.55905685921857
2021-12-04 07:00:00,17.529332095202356,42.70626916345076,31.65202946021257
2021-12-04 08:00:00,17.71523535900594,41.654620267666836,30.789137347778613
2021-12-04 09:00:00,16.013412361270507,37.342901949109276,27.110608706692993
2021-12-04 10:00:00,13.662977185858015,32.102686849807895,23.66349683929637
2021-12-04 11:00:00,12.838373308019667,29.93597824276489,22.548493585884803
2021-12-04 12:00:00,12.800067394454336,30.64677627173233,23.142345496487565
2021-12-04 13:00:00,12.69847492055444,29.739463628928217,22.44263063230911
2021-12-04 14:00:00,12.52505008551192,29.916305511592395,22.482690775384295
2021-12-04 15:00:00,14.602821942727331,33.75090518209954,25.536207709865128
2021-12-04 16:00:00,19.161164910578297,41.09030518018598,31.250708777527137
2021-12-04 17:00:00,24.64832637962089,49.33248474822684,38.43810015265462
2021-12-04 18:00:00,26.608409713412804,51.44993957283512,40.195577028583834
2021-12-04 19:00:00,23.68416613591421,49.06527355019155,36.91369156202971
2021-12-04 20:00:00,19.848869003962196,44.04352317714223,33.05182662489056
2021-12-04 21:00:00,17.972868663703125,39.355599664713225,29.523523797801804
2021-12-04 22:00:00,13.719257143010807,29.694347248301693,22.2797369883811
2021-12-04 23:00:00,9.58031993564758,20.877045233478558,15.703793151197193
2021-12-05 00:00:00,7.193957295312859,18.648636596546986,13.762934835867968
2021-12-05 01:00:00,6.153133691382652,17.528899089800156,12.702788061757415
2021-12-05 02:00:00,6.044119654915017,17.848298536002478,12.746510721631664
2021-12-05 03:00:00,6.041436503684673,19.447976508174744,13.714461397258269
2021-12-05 04:00:00,7.047069588415368,23.50267561334771,16.44342432587743
2021-12-05 05:00:00,7.768619940403883,29.20297212651992,20.352355656975973
2021-12-05 06:00:00,12.247686805105603,41.39338461654816,29.491119687182103
2021-12-05 07:00:00,19.029331436683673,52.6945133275841,38.82020346661276
2021-12-05 08:00:00,20.295890038521126,53.19336224460768,39.177464395633
2021-12-05 09:00:00,16.354580946295386,45.17986496679702,32.74631127323957
2021-12-05 10:00:00,13.430360338424792,37.46560513948334,27.68286454152734
2021-12-05 11:00:00,12.8381122272645,34.08091545549369,25.388259347499353
2021-12-05 12:00:00,12.416019152473911,32.222929779477866,24.37192483133632
2021-12-05 13:00:00,12.450973437556357,31.192854718099433,23.77719220900599
2021-12-05 14:00:00,12.359851017363011,31.474638378271308,23.76606635131362
2021-12-05 15:00:00,14.514663455945616,35.28248901471298,26.719654492455362
2021-12-05 16:00:00,19.44251118685797,44.1070415243021,33.87485823529049
2021-12-05 17:00:00,24.45755074148941,51.64435818531928,40.305546160191334
2021-12-05 18:00:00,26.875181800973248,55.77185230906767,43.33681376019813
2021-12-05 19:00:00,24.632352714331326,53.691487278410435,40.69487233367079
2021-12-05 20:00:00,20.67931554465909,49.09323039523534,36.908621717710304
2021-12-05 21:00:00,18.232552988960045,43.85270073996017,32.96863072858196
2021-12-05 22:00:00,14.555427131452335,35.312609480349764,26.15132609875554
2021-12-05 23:00:00,10.351754887079364,25.487874229905884,18.630278168712948
2021-12-06 00:00:00,8.357223201211237,25.154874640643865,18.226561221866785
2021-12-06 01:00:00,6.999159902416758,23.949820937175684,16.983635593152766
2021-12-06 02:00:00,6.524104878613397,23.767645007549593,16.525811060064065
2021-12-06 03:00:00,6.773885053356294,25.87291452228317,17.712447128033883
2021-12-06 04:00:00,7.177685034694825,30.036088712304473,20.389413341775043
2021-12-06 05:00:00,9.738568537945731,38.005151785213066,26.27666764981096
2021-12-06 06:00:00,15.119497862748084,52.308697926233265,37.25696451148162
2021-12-06 07:00:00,21.826327533288783,59.8203894920187,43.76783226261284
2021-12-06 08:00:00,20.797640819270487,58.262932705772045,42.80569254160629
2021-12-06 09:00:00,16.13546190513819,50.61755428135949,36.422626758963155
2021-12-06 10:00:00,13.65264820943765,44.92305669746321,32.343722322666416
2021-12-06 11:00:00,12.831549096586572,41.3882081900812,30.23836542064899
2021-12-06 12:00:00,12.612822430636125,39.31163205856051,28.965363031124348
2021-12-06 13:00:00,13.709943125298699,39.08027563969301,29.032139161373713
2021-12-06 14:00:00,12.64881983221443,38.02642946986187,27.79247955485866
2021-12-06 15:00:00,14.905446446768886,42.07569403881128,30.636413848070543
2021-12-06 16:00:00,20.06854985992068,50.06912951293973,37.817438840634075
2021-12-06 17:00:00,26.385189481326577,59.79729862901168,46.28211083340583
2021-12-06 18:00:00,27.68316454569662,61.22161291876511,46.98299472522521
2021-12-06 19:00:00,24.494500196173817,58.32550535038198,44.07097062315502
2021-12-06 20:00:00,22.2407551663804,55.56961462366785,41.714066498224604
2021-12-06 21:00:00,17.951867638927716,47.843348580323955,35.52268350016366
2021-12-06 22:00:00,13.7293725780401,36.50864188151128,27.13374997928874
2021-12-06 23:00:00,10.216815992437747,27.59646822167616,20.172344486553598
2021-12-07 00:00:00,7.806285423316472,24.921527178993543,17.738691898844664
2021-12-07 01:00:00,7.421137185045445,26.4912806250907,18.327605272265746
2021-12-07 02:00:00,6.6937465818544455,24.584674408426334,16.981390099681644
2021-12-07 03:00:00,7.71695097416163,28.77547694758215,19.770591850791835
2021-12-07 04:00:00,7.63745555295971,32.55037845635889,22.130158444384076
2021-12-07 05:00:00,10.085467675572495,41.3344834540975,28.408359298602402
2021-12-07 06:00:00,15.699850999521955,56.68999339458979,40.16101377430525
2021-12-07 07:00:00,22.43997208605203,69.84794644368053,50.239460787343006
2021-12-07 08:00:00,22.220827497796638,69.16078685400797,50.08385313425018
2021-12-07 09:00:00,18.05201041300535,61.17445347063298,43.57961964734726
2021-12-07 10:00:00,14.559591060680543,51.135812956574846,36.48417684487124
2021-12-07 11:00:00,13.361778283060158,45.68603766101968,33.09391978972117
2021-12-07 12:00:00,13.115672017697728,43.15844023787322,31.377564603987672
2021-12-07 13:00:00,14.315070707850793,42.434021103032215,31.145451725269375
2021-12-07 14:00:00,13.956591698427786,42.08467446658926,30.492470934188347
2021-12-07 15:00:00,14.787294649531963,44.257748105762566,32.04568657395524
2021-12-07 16:00:00,20.921987287330364,53.059299219502094,39.854267442859026
2021-12-07 17:00:00,25.72405769683324,60.01325909961457,46.232488308161486
2021-12-07 18:00:00,28.081674734978716,62.70829970301026,48.079827719102866
2021-12-07 19:00:00,24.108554036258575,56.96196002516857,42.92155572192944
2021-12-07 20:00:00,21.704354113877784,53.979048802252315,40.698259929402305
2021-12-07 21:00:00,17.75268521294529,45.82497470485087,34.15850068685398
2021-12-07 22:00:00,13.305157879137795,33.9931388537442,25.30286537739075
2021-12-07 23:00:00,9.350181012713387,24.343677475780456,18.059526407464528
2021-12-08 00:00:00,7.386349285043469,18.849585118660155,13.796214529574163
2021-12-08 01:00:00,6.282497572018424,18.061463630520155,12.903340419321653
2021-12-08 02:00:00,6.072142092285038,18.33371358278766,12.943240758749454
2021-12-08 03:00:00,6.231398365509843,20.07260134808705,13.897186807926934
2021-12-08 04:00:00,6.627239537570844,23.56675562686692,16.195219667816012
2021-12-08 05:00:00,8.976472886215815,31.523788897357875,21.945221021515806
2021-12-08 06:00:00,14.623205234525917,45.091874786416724,32.32820338038555
2021-12-08 07:00:00,20.32907934435925,56.28920601913351,40.77086199634565
2021-12-08 08:00:00,20.605877630814685,55.63655207729238,40.633539470931794
2021-12-08 09:00:00,16.026215895733696,47.29206841555417,33.99964048987125
2021-12-08 10:00:00,14.003482038323064,40.80988923869208,29.541989558327632
2021-12-08 11:00:00,12.689782143035794,36.30730753842051,26.88713978204069
2021-12-08 12:00:00,12.247169782998434,34.06266852278991,25.471991265960753
2021-12-08 13:00:00,13.113554382907644,33.69211652649061,25.26100872776004
2021-12-08 14:00:00,12.126888719030262,32.92162566809239,24.374131087611083
2021-12-08 15:00:00,14.33276234263304,36.7854013280589,27.05149896165691
2021-12-08 16:00:00,20.421230301636903,46.19275606702181,35.1008116746726
2021-12-08 17:00:00,25.55682326179458,53.96134800090424,41.88961985988387
2021-12-08 18:00:00,27.543824993941048,56.55582973552957,43.362516906307874
2021-12-08 19:00:00,24.50115285908343,53.235636347043354,40.43736624294941
2021-12-08 20:00:00,21.085498466663022,48.49888249637298,36.70346806462597
2021-12-08 21:00:00,17.350895139064306,41.3234863291148,31.071477898974425
2021-12-08 22:00:00,12.91457005669524,30.670182923681896,23.089384349419458
2021-12-08 23:00:00,9.409916666210082,22.21121317457762,16.597712299687636
2021-12-09 00:00:00,7.389393908968846,19.42107712267863,14.230072928251461
2021-12-09 01:00:00,6.125765624596872,18.186842441527542,13.094605335557695
2021-12-09 02:00:00,5.907047110542937,18.231290112439225,12.948413452306717
2021-12-09 03:00:00,6.03590716145267,19.904962546715286,13.975437610551879
2021-12-09 04:00:00,6.551913548769184,23.79123691523054,16.495023665192864
2021-12-09 05:00:00,9.02602013417366,31.76153466652116,22.33081996349936
2021-12-09 06:00:00,14.09613933830109,45.87892210563317,33.03095279010926
2021-12-09 07:00:00,19.85872765217641,57.137766848213275,41.555293817492824
2021-12-09 08:00:00,21.436628147457498,58.08727513576835,42.58861161678544
2021-12-09 09:00:00,15.630650232420289,48.34154060993328,34.686549180616275
2021-12-09 10:00:00,13.49175168017418,41.02524385134702,29.715855291586188
2021-12-09 11:00:00,13.241733959311745,37.57462747103296,27.848135263050022
2021-12-09 12:00:00,12.998536636327213,35.614048372026225,26.438563148870273
2021-12-09 13:00:00,13.892653700403649,35.49201214949792,26.590594316288435
2021-12-09 14:00:00,12.64388443699928,33.93596077777047,25.189220778341692
2021-12-09 15:00:00,14.427008290402894,37.34524669424487,27.816990927814196
2021-12-09 16:00:00,19.96042533533985,46.42830956298775,35.30368407214215
2021-12-09 17:00:00,25.877853367745065,56.51690032806684,43.85676301825484
2021-12-09 18:00:00,28.114516060454864,59.98805566462242,46.201723396513266
2021-12-09 19:00:00,24.543229396361003,56.11344934781053,42.53458561983358
2021-12-09 20:00:00,21.879611086235837,52.37851917036791,39.55771673740192
2021-12-09 21:00:00,17.940994812816573,44.45295399503562,33.25068936529948
2021-12-09 22:00:00,13.274945548485153,33.09155899619264,24.755768654004108
2021-12-09 23:00:00,9.567695013024576,23.76633260719046,17.693313129053738
2021-12-10 00:00:00,7.418002438498171,18.697858970098928,13.641644137369134
2021-12-10 01:00:00,6.358569256975824,17.132971968520916,12.259785327424098
2021-12-10 02:00:00,6.224806518993795,16.67595925689345,11.970867592663616
2021-12-10 03:00:00,6.008659950717817,18.048216141689664,12.583420158913944
2021-12-10 04:00:00,6.246606697032425,20.610378879483406,14.280183075266143
2021-12-10 05:00:00,8.481911026946822,27.099089578421555,19.151921898726474
2021-12-10 06:00:00,13.563233361447152,39.381201247957044,28.3720535401974
2021-12-10 07:00:00,19.05869488038005,48.75684633384972,35.30475518424503
2021-12-10 08:00:00,19.64602596750592,47.87918567812848,35.561650406591525
2021-12-10 09:00:00,15.104218199274287,39.94686288735356,28.94023096306382
2021-12-10 10:00:00,12.977242666513009,34.919610713808474,25.49326159250235
2021-12-10 11:00:00,12.570652854260166,32.598747975933065,24.405328981733266
2021-12-10 12:00:00,12.93817500132844,32.35065795395019,24.22036646471321
2021-12-10 13:00:00,13.282348902950195,31.875788431734183,23.956039996225037
2021-12-10 14:00:00,12.095004531793881,30.83823487795303,22.97347829955742
2021-12-10 15:00:00,14.003531313841853,34.32302505950941,25.62541725437504
2021-12-10 16:00:00,20.096088335216592,42.93659241836723,32.88434201779136
2021-12-10 17:00:00,24.922517021875837,49.69810990078436,38.655755135776516
2021-12-10 18:00:00,26.697277136450257,52.33070966601907,40.551250956804694
2021-12-10 19:00:00,23.33570045961049,48.578295821414045,37.25536353970523
2021-12-10 20:00:00,21.085327979972547,46.75882558427459,35.562456020609154
2021-12-10 21:00:00,17.181617597311718,39.73294187440247,29.97393766201522
2021-12-10 22:00:00,12.90330774661334,29.596783678306387,22.316997782439774
2021-12-10 23:00:00,9.463544179556843,21.377760557039664,16.10163201200424
2021-12-11 00:00:00,8.671361579688977,21.12489691091622,15.82142010200823
2021-12-11 01:00:00,6.474433326632909,18.997549154650674,13.889521799533911
2021-12-11 02:00:00,6.259960929338358,19.13586819420132,13.817965325540937
2021-12-11 03:00:00,6.283103652379906,20.9082390559244,14.857834103094554
2021-12-11 04:00:00,7.218091218933173,24.8967969435122,17.710297969085143
2021-12-11 05:00:00,7.665764274299979,30.694325102394934,21.658844625146173
2021-12-11 06:00:00,12.863161594297576,44.75885281656554,32.41511589752988
2021-12-11 07:00:00,19.677575220289523,57.4348801787265,42.29783866543898
2021-12-11 08:00:00,19.715444119915947,56.60866871227594,41.76935713190988
2021-12-11 09:00:00,16.820465224767002,49.446503681813525,36.44225951092102
2021-12-11 10:00:00,13.74326845501161,41.631488597179455,30.878649941982072
2021-12-11 11:00:00,13.49442512065835,38.14163031984051,28.629369479124776
2021-12-11 12:00:00,13.008774315210006,36.13028940352567,27.265329163996267
2021-12-11 13:00:00,12.97812088961445,35.12938423769989,26.67858610167551
2021-12-11 14:00:00,12.904106445337094,35.28850059727354,26.638176653355746
2021-12-11 15:00:00,15.1292874273708,39.67349034640389,30.04978673839649
2021-12-11 16:00:00,19.370605527927932,46.59627840125893,35.78040983191355
2021-12-11 17:00:00,25.3462665107243,55.812313559821874,43.51757841912601
2021-12-11 18:00:00,27.704994953832067,59.20587038527321,46.65900343954142
2021-12-11 19:00:00,24.893833948318314,57.061674654649,43.252864147976496
2021-12-11 20:00:00,21.12126527605103,52.38882485430208,39.39588014274577
2021-12-11 21:00:00,18.718561824831678,46.91275344689288,35.36008103433585
2021-12-11 22:00:00,14.488144663800865,35.62207537650517,26.76130571039345
2021-12-11 23:00:00,10.009408884356558,25.42744735290058,19.0823083434361
2021-12-12 00:00:00,7.836117541926986,24.03405696496032,17.593817419542855
2021-12-12 01:00:00,7.1098749460534005,24.90287132457029,17.82892805073046
2021-12-12 02:00:00,7.4758224885682285,25.526080083391832,18.291911409266863
2021-12-12 03:00:00,6.759348959024576,27.053545919616262,18.942401466587693
2021-12-12 04:00:00,7.555992847440604,32.14796079859553,22.43076712369596
2021-12-12 05:00:00,9.317836453880851,39.95399242867754,28.00907649968081
2021-12-12 06:00:00,13.853207132235509,50.50996930480216,36.657836889485274
2021-12-12 07:00:00,20.193472437377498,64.91495001072597,47.852735055211845
2021-12-12 08:00:00,21.85582565898274,69.00222272874785,50.79143866829009
2021-12-12 09:00:00,17.274181511348047,61.39397239020967,44.64085161335891
2021-12-12 10:00:00,15.105758242736492,53.86686415206932,39.4669983768635
2021-12-12 11:00:00,13.784054574840006,48.98459621732957,35.927758536977514
2021-12-12 12:00:00,13.405435996343462,45.87835178751376,33.963944122857484
2021-12-12 13:00:00,13.288467997006514,44.01002442124932,32.78690997696012
2021-12-12 14:00:00,13.649384588605802,44.67180088639726,33.10926526768145
2021-12-12 15:00:00,16.67847804411553,50.4561383246962,37.41739926242935
2021-12-12 16:00:00,21.17343802741854,58.66219258691769,44.203063186929796
2021-12-12 17:00:00,26.58627236779822,67.16503218392191,51.4359624497792
2021-12-12 18:00:00,28.64871733847336,70.78627806897167,54.73734986562454
2021-12-12 19:00:00,26.10293667922508,68.97145313242737,51.93272147000276
2021-12-12 20:00:00,22.202063715833326,63.98268520526141,47.37317380757324
2021-12-12 21:00:00,20.051393201632962,56.591604126627104,41.99662605628102
2021-12-12 22:00:00,14.997719007473142,41.40419106656093,30.740462825515994
2021-12-12 23:00:00,10.944836654367741,29.55057476152154,21.811646829702937
2021-12-13 00:00:00,8.564137148410131,27.683203088097738,20.014599824343364
2021-12-13 01:00:00,6.89198538288182,26.807669956620373,18.955138712335504
2021-12-13 02:00:00,7.273370712111978,27.532481806518483,19.292056189190415
2021-12-13 03:00:00,7.294362959420975,30.138576592874745,20.850653261000666
2021-12-13 04:00:00,7.766110920694108,35.210492217730234,24.221723006123863
2021-12-13 05:00:00,10.508986549592379,44.12550377351726,30.92343278769263
2021-12-13 06:00:00,16.174479435717156,59.634112397171535,43.0929620769505
2021-12-13 07:00:00,23.308675534982637,75.66772289396997,55.11766188485321
2021-12-13 08:00:00,23.17316527201896,76.52902085958765,56.058216199682455
2021-12-13 09:00:00,17.59922552910703,68.55021606744462,49.08284731653996
2021-12-13 10:00:00,15.544970059800965,61.8539799130554,44.26100911840813
2021-12-13 11:00:00,14.540814572209216,56.39154723448082,40.607886154204635
2021-12-13 12:00:00,14.782796635207534,53.17531343796432,38.42181539239211
2021-12-13 13:00:00,15.156347812589862,49.987505865677335,36.41942061373881
2021-12-13 14:00:00,15.498048200470537,50.35285484090677,36.586131177743184
2021-12-13 15:00:00,15.92597988472867,52.51045016432708,38.11339146731479
2021-12-13 16:00:00,21.484386054176444,61.12007293458531,45.835714631921434
2021-12-13 17:00:00,26.55071212202344,71.29838737197402,54.29203428570139
2021-12-13 18:00:00,29.429960394176046,76.17299085403049,57.9304642585795
2021-12-13 19:00:00,26.693491871264172,76.37252219065279,56.96317296217834
2021-12-13 20:00:00,23.905438734060823,72.04402577520244,53.09041866387163
2021-12-13 21:00:00,19.765937190638837,61.73690784441431,45.371211506516524
2021-12-13 22:00:00,14.485996861207742,43.953334865548314,32.44311808239819
2021-12-13 23:00:00,10.99210511024224,31.93088065562811,23.50640942347325
2021-12-14 00:00:00,8.70523743979698,28.493859684984034,20.41379140880671
2021-12-14 01:00:00,7.558907931933426,28.05265274724555,19.728247164836894
2021-12-14 02:00:00,7.603574943840676,28.680105001814297,19.99111615541681
2021-12-14 03:00:00,7.771568320192648,31.602610530111214,21.87986450861455
2021-12-14 04:00:00,8.021798422633053,35.93896382479152,24.75759527418528
2021-12-14 05:00:00,10.35284116483886,42.179176970714806,29.645941880799153
2021-12-14 06:00:00,15.595643027292592,55.907990780244106,40.42158446063034
2021-12-14 07:00:00,23.76172380426898,72.66936347525348,53.84075649722665
2021-12-14 08:00:00,22.535835775681967,73.36701442569615,53.892394871989566
2021-12-14 09:00:00,17.16865366497113,65.5560026139203,47.085620644392506
2021-12-14 10:00:00,14.938974280276469,58.71684433964697,42.02717975964483
2021-12-14 11:00:00,14.077049125945097,54.31789730521877,39.35031673064036
2021-12-14 12:00:00,13.615039508568755,50.626388910016686,36.843424780875615
2021-12-14 13:00:00,15.369893320964,50.38794142194028,37.123173162466955
2021-12-14 14:00:00,14.358277289754506,49.93757396824426,36.0367319654951
2021-12-14 15:00:00,16.04900497010988,53.96688257478404,39.00143894078382
2021-12-14 16:00:00,22.712248884475887,63.29211608264466,47.54532336475656
2021-12-14 17:00:00,27.24534610656799,70.51324846979746,54.0980517038682
2021-12-14 18:00:00,29.603777078548898,74.13805422133392,56.73102328315207
2021-12-14 19:00:00,26.256205762997265,71.16854309135068,53.316431617087254
2021-12-14 20:00:00,23.555767808482894,66.94572079063134,49.839085909866725
2021-12-14 21:00:00,19.04456961924339,56.55037142688768,41.839067091891714
2021-12-14 22:00:00,13.826022871063556,40.52550150970559,30.1365011401414
2021-12-14 23:00:00,10.110134728311209,28.371503438453797,21.098257782066625
2021-12-15 00:00:00,8.134246572958673,21.009305126669968,15.093695253686391
2021-12-15 01:00:00,6.788835536255679,19.090125645803713,13.407573964732173
2021-12-15 02:00:00,6.703554319361134,19.089412291689506,13.381950189367636
2021-12-15 03:00:00,6.571827360374747,20.409147885673054,14.12354438734749
2021-12-15 04:00:00,7.059041084315671,23.776990662983252,16.387088435838084
2021-12-15 05:00:00,9.622117563716888,30.76096940137173,21.70062692210829
2021-12-15 06:00:00,13.857813633131746,42.898904499399976,30.51006428547829
2021-12-15 07:00:00,20.17515450718907,53.89187521431801,39.09782546187655
2021-12-15 08:00:00,20.312988893554003,52.26333553057496,38.53478150881737
2021-12-15 09:00:00,15.779591888498873,43.802941195433405,31.43105635004749
2021-12-15 10:00:00,13.879683421708384,38.3234433518626,27.75033654422954
2021-12-15 11:00:00,13.181241596285359,35.48924614594302,26.057469206932762
2021-12-15 12:00:00,13.147061774797834,33.786538670879686,25.104035842154552
2021-12-15 13:00:00,14.382748339047883,34.0911056233713,25.524253229699113
2021-12-15 14:00:00,13.10859509629679,33.2236218688053,24.515511375200855
2021-12-15 15:00:00,14.02968239317304,34.913863866919336,25.913044001351604
2021-12-15 16:00:00,20.017633202689822,43.8539705216196,33.238215296290804
2021-12-15 17:00:00,25.777638596998994,52.27338561620198,40.85896625397612
2021-12-15 18:00:00,27.001721130214076,53.91290501947089,41.73708069845433
2021-12-15 19:00:00,23.94538735618317,50.77642413305488,38.7078890014819
2021-12-15 20:00:00,20.847619579446413,47.14728464260938,35.69887189993149
2021-12-15 21:00:00,16.961371680896416,40.13472323207813,30.15248453681176
2021-12-15 22:00:00,12.763517561250328,29.654474450306992,22.390263064448288
2021-12-15 23:00:00,9.33405217436934,21.168185746810643,15.928240809706308
2021-12-16 00:00:00,7.259368625262102,16.389910015946178,12.276057995100459
2021-12-16 01:00:00,6.082683007040739,14.92102556623767,11.000081276851013
2021-12-16 02:00:00,5.844582592696399,14.940897535392736,10.876273408854395
2021-12-16 03:00:00,6.55929913129467,17.596690589061826,12.65190104620366
2021-12-16 04:00:00,6.311151639404919,20.053239658475917,14.102601874897664
2021-12-16 05:00:00,8.223823391926228,26.827250493123753,19.0382840742879
2021-12-16 06:00:00,13.942275278629456,41.27488940158069,29.87660638580578
2021-12-16 07:00:00,19.742793491112224,51.75068074872812,37.55157051946174
2021-12-16 08:00:00,19.99713095591005,49.70348826839304,36.642131507513646
2021-12-16 09:00:00,14.939509692171127,39.460614246276506,28.920412762437785
2021-12-16 10:00:00,12.947403528959683,33.06214007642348,24.54123996649177
2021-12-16 11:00:00,12.297773223828733,29.87847646478783,22.703341995465767
2021-12-16 12:00:00,12.281446012851712,28.881228498481455,22.125455580067044
2021-12-16 13:00:00,13.427547013633953,29.444389901401568,22.651903894475073
2021-12-16 14:00:00,11.981549789598189,28.313244406579802,21.496899720090433
2021-12-16 15:00:00,14.114688370956822,32.26251504637705,24.500792052562005
2021-12-16 16:00:00,19.848041549115294,41.4250051356735,31.97908783834751
2021-12-16 17:00:00,25.004965088547298,49.55085339454194,39.22918339814297
2021-12-16 18:00:00,26.732291272447043,52.598307961986634,41.0345361764045
2021-12-16 19:00:00,23.55824390758861,49.82500240860951,38.28720991758269
2021-12-16 20:00:00,20.742624518001602,46.02299753322966,35.27878741542909
2021-12-16 21:00:00,17.225401761925713,39.75634716371539,30.240455291819917
2021-12-16 22:00:00,12.857931584789704,28.87217757050763,22.056007282845684
2021-12-16 23:00:00,9.37300392697669,20.328217960495465,15.565536654538585
2021-12-17 00:00:00,7.161814820254758,17.386012406044454,13.010734897759347
2021-12-17 01:00:00,6.333164772116789,16.3722435215461,12.119941453118317
2021-12-17 02:00:00,5.823763493083851,15.95975205529685,11.583820886287684
2021-12-17 03:00:00,5.978025953935643,17.581675244702623,12.571332352803891
2021-12-17 04:00:00,6.585275247661669,20.601450239637316,14.69057079568997
2021-12-17 05:00:00,8.564840092160114,27.599146400435544,19.738058906652235
2021-12-17 06:00:00,14.077956336379048,40.97156521089036,30.035155222168278
2021-12-17 07:00:00,18.901640691304685,50.029501856251926,36.817755928140166
2021-12-17 08:00:00,20.469385934449633,50.337401221681475,37.71289852299424
2021-12-17 09:00:00,15.211261419353376,41.57278846647169,30.42006130403536
2021-12-17 10:00:00,12.680360017580055,34.3604807522813,25.548552430894482
2021-12-17 11:00:00,11.732492635358225,30.918867127125687,23.536532455390915
2021-12-17 12:00:00,11.872691893084806,30.016696133521734,22.988885450585506
2021-12-17 13:00:00,12.749391490949284,30.18226305288736,23.16000612394051
2021-12-17 14:00:00,12.044097438202476,29.726096399645705,22.62260977185023
2021-12-17 15:00:00,14.233748258887475,33.76074639299922,25.664001124900217
2021-12-17 16:00:00,19.352617631316136,42.06116560456702,32.430973049797444
2021-12-17 17:00:00,25.498136880852375,51.61475660122516,40.70537022490788
2021-12-17 18:00:00,26.623990202663762,52.74512840146454,41.28527698327447
2021-12-17 19:00:00,23.277778803510195,49.160284480032935,38.178886915151494
2021-12-17 20:00:00,20.56666552029843,45.62313960270039,35.21322899808633
2021-12-17 21:00:00,16.572639119744863,37.64951216768902,28.91907597316452
2021-12-17 22:00:00,12.351112480740754,28.099232554434135,21.596729304911943
2021-12-17 23:00:00,9.551349695636183,21.001710476180346,16.140856407471095
2021-12-18 00:00:00,7.799980008352118,17.706929189777984,13.542184243024243
2021-12-18 01:00:00,6.114887164415081,15.545371194372102,11.657752837208713
2021-12-18 02:00:00,5.823679424697376,15.463312193671419,11.420038427748668
2021-12-18 03:00:00,5.774575408989186,16.87786778591093,12.282859341289246
2021-12-18 04:00:00,6.82250421689529,20.743428281649695,14.975066192257467
2021-12-18 05:00:00,7.341350766750253,25.724169027926823,18.42192749696868
2021-12-18 06:00:00,12.742907963978881,40.124794259985315,29.38356004650227
2021-12-18 07:00:00,19.004133519027793,49.92008496439679,37.56668748717994
2021-12-18 08:00:00,18.744640181430686,47.8621914903426,35.861643991494276
2021-12-18 09:00:00,16.687187058640593,42.70762781002018,31.558569362509296
2021-12-18 10:00:00,13.378415875040654,35.11297496652831,26.544191871350257
2021-12-18 11:00:00,12.965150980798676,32.25880262621028,24.5380638006339
2021-12-18 12:00:00,12.577456114901633,31.452915215102237,24.180772176076914
2021-12-18 13:00:00,12.728809516962999,30.752106491604447,23.85597779005709
2021-12-18 14:00:00,12.257296851687007,30.425630146116728,23.455091100187285
2021-12-18 15:00:00,14.611828698711633,34.30833380905831,26.472012697218087
2021-12-18 16:00:00,19.15005256426728,42.84748822889667,33.37721869750364
2021-12-18 17:00:00,24.358049273555103,49.667843370311424,39.57722788488687
2021-12-18 18:00:00,26.471622858682952,52.02088967863896,41.37213119495772
2021-12-18 19:00:00,23.66535871170686,48.516782280792995,37.476686579877736
2021-12-18 20:00:00,19.99049384532099,44.421003668214134,34.15764641648782
2021-12-18 21:00:00,17.513692145825278,39.5773724404869,30.302466697000803
2021-12-18 22:00:00,12.962754228141632,28.89712271252728,22.22609373510646
2021-12-18 23:00:00,9.409893983246382,20.43740778304183,15.869407243368224
2021-12-19 00:00:00,7.047752932169967,17.744442406152828,13.532183120027554
2021-12-19 01:00:00,6.140869245314755,16.709903840571567,12.526338012427056
2021-12-19 02:00:00,5.899259131073761,16.704040198558282,12.386724689117926
2021-12-19 03:00:00,6.2433159409987855,18.807331431961043,13.82753688461022
2021-12-19 04:00:00,6.778826420001875,21.815647940143617,15.885339743104229
2021-12-19 05:00:00,7.590363445877384,27.263334892258698,19.752855383524768
2021-12-19 06:00:00,12.063852569318017,39.430447651861925,29.077373714805375
2021-12-19 07:00:00,18.64757231395357,50.42116320323169,38.11453567239155
2021-12-19 08:00:00,18.959090193383375,50.50614919210067,38.10413401237298
2021-12-19 09:00:00,16.718556978159487,44.47458661010378,33.09441125248094
2021-12-19 10:00:00,13.818156267644003,37.95438058405677,28.457537610639836
2021-12-19 11:00:00,12.951464499133387,34.439960648480024,26.420838691789864
2021-12-19 12:00:00,12.9741806923487,33.48096545590568,25.797019141497124
2021-12-19 13:00:00,13.014921948970679,32.59578219146297,25.10448580321139
2021-12-19 14:00:00,12.85382622319799,32.65398216888338,25.070117368970482
2021-12-19 15:00:00,14.857890216110006,36.52299445308271,28.28800325818211
2021-12-19 16:00:00,19.218720211704092,43.94728738226044,34.27201595575197
2021-12-19 17:00:00,25.178503264648853,53.8761386550034,42.6617943587756
2021-12-19 18:00:00,27.138555176649504,56.37522051555615,44.623166455528796
2021-12-19 19:00:00,24.36848448018051,53.609392125898474,41.32646867194923
2021-12-19 20:00:00,20.506284539730903,49.083059924677904,37.65120639827827
2021-12-19 21:00:00,18.427915063904937,43.99834654660075,33.733198972281166
2021-12-19 22:00:00,14.2749062966255,33.785249156505266,25.751412823744463
2021-12-19 23:00:00,9.516213832708333,22.978487328557193,17.604190763046173
2021-12-20 00:00:00,8.142951128744787,20.26061208146813,15.285836330653144
2021-12-20 01:00:00,6.270024413202431,18.02534050495918,13.30189031117839
2021-12-20 02:00:00,6.289512370211749,18.382664547473606,13.40625197640301
2021-12-20 03:00:00,6.035435405970979,19.67241204860894,14.162952951623605
2021-12-20 04:00:00,6.337326154618529,22.966687009002207,16.35347962838401
2021-12-20 05:00:00,8.8468244298627,30.741241753241148,22.136722953822506
2021-12-20 06:00:00,14.760742032723414,44.65860988833484,32.95177346632003
2021-12-20 07:00:00,18.901584861444434,52.972683215509335,39.1229006687962
2021-12-20 08:00:00,20.350264395469654,52.43693861583792,39.59564063264407
2021-12-20 09:00:00,15.218232973813894,42.75641931595318,31.604060327824975
2021-12-20 10:00:00,13.553275170481976,37.27801310142623,27.77518233974255
2021-12-20 11:00:00,13.408603113591884,34.728256315863234,26.493965879299147
2021-12-20 12:00:00,13.020799021691273,33.74818246389063,25.770851893009706
2021-12-20 13:00:00,14.487810944824894,34.90197877896449,26.687217239599505
2021-12-20 14:00:00,13.140290992802457,34.23625142031494,25.835987380870243
2021-12-20 15:00:00,14.164134932307055,36.96230663931125,27.935675140010108
2021-12-20 16:00:00,19.86047320329508,45.1654956708199,35.24139278114035
2021-12-20 17:00:00,24.836507764443727,52.36219606249212,41.56934969647627
2021-12-20 18:00:00,26.92032572188539,54.534963305061495,42.94609740467241
2021-12-20 19:00:00,23.126260199266486,49.98875918408181,39.0102934103086
2021-12-20 20:00:00,20.843711740407244,46.690567798024745,36.42167262175504
2021-12-20 21:00:00,17.212150180107106,39.845746589200765,30.69298496270443
2021-12-20 22:00:00,12.867390801757681,29.365162954434606,22.64174025350851
2021-12-20 23:00:00,9.41220301314749,21.00682505744825,16.250432246677107
2021-12-21 00:00:00,7.41247389764596,16.079548070078467,12.19134240249114
2021-12-21 01:00:00,6.031830439942927,14.317742051696536,10.822768229626284
2021-12-21 02:00:00,5.808720034729763,14.362181262215204,10.67352148781504
2021-12-21 03:00:00,5.9742944677118635,16.255329755428058,11.832729541753679
2021-12-21 04:00:00,6.090449986667809,18.929214714169163,13.59571553073131
2021-12-21 05:00:00,8.385966444139624,25.71132549320902,18.700557733469715
2021-12-21 06:00:00,13.848259355148912,39.22407237866014,28.814055788539928
2021-12-21 07:00:00,18.86264940980987,48.21309134398269,35.51124200111963
2021-12-21 08:00:00,18.486516469347947,44.81562320453394,33.7151104329611
2021-12-21 09:00:00,14.633665452022333,35.907496018569006,26.900417553320576
2021-12-21 10:00:00,12.942807625444278,31.001839084425928,23.519065979529387
2021-12-21 11:00:00,12.718423143335304,29.04960494626537,22.511223623515686
2021-12-21 12:00:00,13.05302814737739,28.761288365370376,22.41456313113988
2021-12-21 13:00:00,13.455259359382318,28.658348915597948,22.319878369445913
2021-12-21 14:00:00,12.200226216341886,27.74939217431728,21.417192144518722
2021-12-21 15:00:00,13.903000784055761,30.8658204008685,24.06186664233493
2021-12-21 16:00:00,19.224388051923583,38.785103509482326,30.77401894206744
2021-12-21 17:00:00,24.23584667183638,46.02093425709043,37.09062807457522
2021-12-21 18:00:00,26.367753888615134,49.39217085305516,39.25995751329371
2021-12-21 19:00:00,22.74413492696978,45.90465062351268,36.26233780935559
2021-12-21 20:00:00,20.619395877891584,43.25030097383988,33.78198765206594
2021-12-21 21:00:00,16.65828693590273,36.701018896463076,28.493315371606503
2021-12-21 22:00:00,12.202331884115216,26.493800332902097,20.678610810409733
2021-12-21 23:00:00,9.17373480401387,18.8619487391128,14.824474937217332
2021-12-22 00:00:00,7.261855694392025,16.8999115199397,13.002771343199154
2021-12-22 01:00:00,5.9518737567312385,14.985183724383038,11.422538310801869
2021-12-22 02:00:00,5.9307400201889156,15.366406337247604,11.543038932133832
2021-12-22 03:00:00,5.835291599785346,16.77096180722896,12.304946681916174
2021-12-22 04:00:00,6.5016193810183225,19.58733951046603,14.23310764291164
2021-12-22 05:00:00,8.337067265956684,25.562464977573118,18.770102943980266
2021-12-22 06:00:00,13.117233201632656,37.45588567602522,27.93584043889495
2021-12-22 07:00:00,18.879179894194454,47.49261748505526,35.598545653700604
2021-12-22 08:00:00,18.821291747113197,46.53591093908569,35.329911674552314
2021-12-22 09:00:00,15.388190860100211,39.54898773000501,29.907713851841024
2021-12-22 10:00:00,13.491124253955393,34.18048508328495,25.72659991126392
2021-12-22 11:00:00,12.19549703140633,30.965260128065644,23.944568739190085
2021-12-22 12:00:00,12.457384475906657,30.372624844492492,23.671399807300844
2021-12-22 13:00:00,13.460342952971432,30.56733570685056,23.86713365709881
2021-12-22 14:00:00,11.93322026054861,29.49980209418197,22.790621082746625
2021-12-22 15:00:00,13.498982026444137,32.77988718029053,25.24322821951817
2021-12-22 16:00:00,20.095309123034106,42.4498770788686,33.503195202850335
2021-12-22 17:00:00,24.353759774703267,48.904101971804046,39.23057485568397
2021-12-22 18:00:00,26.566315858870684,51.733328597514614,41.1019620387832
2021-12-22 19:00:00,22.845166686723232,47.324385032815734,37.54387750713712
2021-12-22 20:00:00,20.827757099981763,45.26574980394871,35.56392809148056
2021-12-22 21:00:00,16.885325422465588,38.15252287289271,29.74820955345922
2021-12-22 22:00:00,12.91380121006635,28.225944783921285,22.21744953857623
2021-12-22 23:00:00,9.258296617719862,20.08688535712197,15.734076763786456
2021-12-23 00:00:00,7.253398190021738,15.439304453001919,11.90202610718931
2021-12-23 01:00:00,5.834589814082765,13.46889868523452,10.285577170047706
2021-12-23 02:00:00,5.6951021447364205,13.502249048341513,10.201371213748516
2021-12-23 03:00:00,5.632427805842327,15.101927560713852,11.099282312902254
2021-12-23 04:00:00,6.0294687545657775,17.963741910491397,13.059458938231955
2021-12-23 05:00:00,8.469694647196967,24.927464922408333,18.22013107472158
2021-12-23 06:00:00,13.850385012301592,38.18118507585925,28.270301478839666
2021-12-23 07:00:00,18.80567102561424,46.77365208941129,34.684364435548076
2021-12-23 08:00:00,18.525884593517407,44.00826571717489,33.24574140712044
2021-12-23 09:00:00,14.970142610100211,36.14065290923286,27.04062069976949
2021-12-23 10:00:00,13.64555098510505,31.341574326392145,23.82140028804979
2021-12-23 11:00:00,12.61491458916259,27.943931489059896,21.793446830444786
2021-12-23 12:00:00,12.301681203507624,26.299500367459153,20.733828976855676
2021-12-23 13:00:00,12.958232773080875,26.01912059544968,20.600395681011502
2021-12-23 14:00:00,11.78720256005839,25.062489740685653,19.661857141648962
2021-12-23 15:00:00,13.061797824534926,27.545211758920008,21.64256830265273
2021-12-23 16:00:00,18.262369645612402,35.07347420542666,28.176418163106295
2021-12-23 17:00:00,23.970674599524642,42.81673203859233,35.086495869221565
2021-12-23 18:00:00,25.394783866118804,44.890439027215805,35.87120285665944
2021-12-23 19:00:00,22.200729800497122,41.566678944751864,33.378445026996445
2021-12-23 20:00:00,19.162059302164757,37.90268096719678,30.124232277016528
2021-12-23 21:00:00,15.739947417747246,32.08068239401724,25.37856753864266
2021-12-23 22:00:00,11.509715989144885,23.093026665730203,18.38874014812085
2021-12-23 23:00:00,8.60961791507302,16.345366095697734,13.134171588152622
2021-12-24 00:00:00,6.70583976333511,12.162419685305297,9.927045277920971
2021-12-24 01:00:00,5.445409364828241,10.76767085583944,8.664662881130896
2021-12-24 02:00:00,5.18391019134722,10.811213633051464,8.591500747122984
2021-12-24 03:00:00,5.22420323475637,12.741523947960458,9.770196755704378
2021-12-24 04:00:00,5.875342485784832,15.99565618392631,12.077338515566469
2021-12-24 05:00:00,7.91817852487322,22.62979048082045,17.043737181606584
2021-12-24 06:00:00,12.34684995806862,34.81751326293335,25.686170276989426
2021-12-24 07:00:00,17.11145719511511,42.91298043542194,32.04984881176083
2021-12-24 08:00:00,17.549053524047928,40.15201394643907,30.401245765340448
2021-12-24 09:00:00,14.03873347265793,32.03626997546278,24.681348718076556
2021-12-24 10:00:00,12.369875177109746,26.97972415134768,21.152097422134574
2021-12-24 11:00:00,11.835075271557255,24.508754983955612,19.642624046874786
2021-12-24 12:00:00,11.789474681311809,23.535679902865265,19.103981992985123
2021-12-24 13:00:00,13.117774576764425,24.14052854607804,19.606882828718483
2021-12-24 14:00:00,11.753012132448458,22.58546042807619,18.219730098178253
2021-12-24 15:00:00,13.029451334821466,24.819711042003895,20.02414064223959
2021-12-24 16:00:00,18.838441774579547,33.75521922026066,27.594916836996806
2021-12-24 17:00:00,23.505739800666596,41.441262472836904,34.22449115150221
2021-12-24 18:00:00,25.441696327066428,44.80153507948248,36.346904097123954
2021-12-24 19:00:00,22.135572014581832,41.708126323126265,33.670718927934686
2021-12-24 20:00:00,19.978759835870996,39.57525251720409,31.47770775888594
2021-12-24 21:00:00,16.269930532147495,33.84889076433526,26.811354550946003
2021-12-24 22:00:00,12.20172831366529,24.287746816801743,19.367919547689734
2021-12-24 23:00:00,8.659777874298195,15.738444956257268,12.770820171497444
2021-12-25 00:00:00,7.521230582420121,14.94684498665909,11.776039365224497
2021-12-25 01:00:00,5.7584414560705515,12.943755135059652,10.1750160496788
2021-12-25 02:00:00,5.458289900066859,12.966109794657111,10.020412627139427
2021-12-25 03:00:00,5.388188763271966,14.55020220444072,11.016889170161269
2021-12-25 04:00:00,5.927651851923538,17.509543541779774,13.063981601542817
2021-12-25 05:00:00,7.095547340231462,23.017163520100176,16.965275650939528
2021-12-25 06:00:00,11.645452176792896,35.47808976976355,26.54551165999201
2021-12-25 07:00:00,16.892959673165837,44.37387736022522,33.75240021797008
2021-12-25 08:00:00,16.78443693818551,38.913938629696624,30.0209690560336
2021-12-25 09:00:00,15.30982784980472,33.81353440330437,25.863416371099756
2021-12-25 10:00:00,13.41072723373713,29.218391306731775,22.942667038123194
2021-12-25 11:00:00,12.680433286333399,26.805639110691914,21.464176730832698
2021-12-25 12:00:00,12.520311917455818,26.15013134270318,20.939176045609035
2021-12-25 13:00:00,12.789103069490096,25.899596534421566,20.801210689734287
2021-12-25 14:00:00,12.292364305676342,25.49658717056744,20.452006590636287
2021-12-25 15:00:00,13.846632338643717,29.25536376060447,23.524441265084413
2021-12-25 16:00:00,18.280191574569546,36.5502355977725,29.48389783041845
2021-12-25 17:00:00,24.07762092674849,44.93359062950492,36.876420311832554
2021-12-25 18:00:00,26.06543842737104,47.70689047449283,38.75227836370876
2021-12-25 19:00:00,23.111787812474148,44.15654558194248,34.99220945278102
2021-12-25 20:00:00,19.360713538918837,39.42004217122775,31.326052923461507
2021-12-25 21:00:00,16.73254909217489,34.117109694794074,27.03148170218244
2021-12-25 22:00:00,12.370305951185783,24.8063545377744,19.812407292391498
2021-12-25 23:00:00,8.831666493900556,17.186633117040916,13.852014931532604
2021-12-26 00:00:00,7.471946618876034,15.37661771128719,12.244269868893891
2021-12-26 01:00:00,6.1847284319814175,13.905674143031321,10.93646397795045
2021-12-26 02:00:00,5.550042554798218,13.544144785161668,10.545673190536707
2021-12-26 03:00:00,5.493828827868876,15.160698245210549,11.553840116079622
2021-12-26 04:00:00,5.994435054383267,18.102496634920453,13.628242812171466
2021-12-26 05:00:00,7.0570271994541605,24.122309752657284,17.96406147582171
2021-12-26 06:00:00,11.519716713096148,36.90618389796341,27.898561568770475
2021-12-26 07:00:00,18.512679043394126,47.4222884501092,36.614372658549605
2021-12-26 08:00:00,18.99224253985141,45.495288426280126,35.0621951637622
2021-12-26 09:00:00,15.57563099412379,37.93646042414462,28.979593640097033
2021-12-26 10:00:00,13.500292740939331,32.30516123142333,25.257866870266703
2021-12-26 11:00:00,12.424979456542744,28.811401173889546,22.983909184497943
2021-12-26 12:00:00,12.677228853548634,28.390565867689208,22.69511151132388
2021-12-26 13:00:00,12.461430882903665,27.345105155370884,21.91997425740081
2021-12-26 14:00:00,12.134278628362406,27.21658270906846,21.839283917005837
2021-12-26 15:00:00,14.1014128873845,30.605900709775245,24.55456433374617
2021-12-26 16:00:00,18.18951518673353,37.340052701945574,30.13084441627083
2021-12-26 17:00:00,24.195731736886344,45.920680472477834,37.82166696001766
2021-12-26 18:00:00,25.973754319403515,49.07740410194582,39.939463554104634
2021-12-26 19:00:00,23.38386508249076,46.1298343303093,36.664403291492945
2021-12-26 20:00:00,19.289366042800147,41.446074747127916,33.108215295849355
2021-12-26 21:00:00,17.201486170881424,37.12930515676416,29.339253554299965
2021-12-26 22:00:00,13.228447396707553,27.792977375293955,22.051865910891078
2021-12-26 23:00:00,9.558368270509778,19.250695270132816,15.533592027466394
2021-12-27 00:00:00,7.064189798853213,16.008729023168854,12.530827608760635
2021-12-27 01:00:00,5.747216098316376,13.886448321551944,10.80101508265245
2021-12-27 02:00:00,5.693796450736468,14.604217517180238,11.135385861030723
2021-12-27 03:00:00,5.623942836772497,16.20318337942791,12.117018747513237
2021-12-27 04:00:00,6.008031800498143,19.302215831113717,14.262382640426917
2021-12-27 05:00:00,8.30536621004052,26.755087202338185,19.842640267946106
2021-12-27 06:00:00,14.448500874455986,41.639938686222756,31.36368316897212
2021-12-27 07:00:00,19.377774416058763,50.82702878514216,38.36624923989232
2021-12-27 08:00:00,18.82661246866992,47.298935778116444,36.35627278680482
2021-12-27 09:00:00,14.191534347817676,36.62742397550664,28.0411397772695
2021-12-27 10:00:00,12.886524752832965,31.580146096814072,24.458497782541016
2021-12-27 11:00:00,12.335578623150358,28.92984653948629,22.860704285561766
2021-12-27 12:00:00,12.759567869923536,28.33257650105412,22.627749499591413
2021-12-27 13:00:00,13.269186830597086,28.11131131264331,22.442528522959574
2021-12-27 14:00:00,12.129093162139752,26.985592538945838,21.427858101625123
2021-12-27 15:00:00,13.651243570902247,30.21126357875056,24.007748062944717
2021-12-27 16:00:00,19.335302181644835,38.374087677299194,30.85487623000004
2021-12-27 17:00:00,23.634183655271638,44.77487329716394,36.6434687574924
2021-12-27 18:00:00,25.30169021100979,47.03832483729485,38.13475394807213
2021-12-27 19:00:00,22.03679704333369,43.56711339287137,35.26067830644901
2021-12-27 20:00:00,20.497042658874314,42.12026559664196,33.86691675350295
2021-12-27 21:00:00,16.56759965524751,35.716829419346354,28.480240334052176
2021-12-27 22:00:00,12.169690581927478,25.824713460776334,20.662057788231767
2021-12-27 23:00:00,8.824364924196813,18.05333106167138,14.481675248343013
2021-12-28 00:00:00,6.863009385871269,15.923503530114262,12.56646476609255
2021-12-28 01:00:00,5.729317713990295,14.706960495236855,11.439174244748362
2021-12-28 02:00:00,5.7129714393203335,15.003649814405506,11.502263148124205
2021-12-28 03:00:00,5.779093645724043,16.714853913475245,12.552391425710667
2021-12-28 04:00:00,5.98806916367241,19.19652611113382,14.29822814798425
2021-12-28 05:00:00,8.477763207188982,26.358405642358775,19.71332138005191
2021-12-28 06:00:00,13.246689810372565,38.27632910924254,29.1140145018198
2021-12-28 07:00:00,19.055136774289117,47.315318877894896,36.30870512063172
2021-12-28 08:00:00,18.470417700297375,45.25455151782468,35.076096817225284
2021-12-28 09:00:00,14.282213281836311,37.416383412086404,28.782752106138066
2021-12-28 10:00:00,13.185477831649292,33.93923485418948,26.38694333117274
2021-12-28 11:00:00,12.163649608197716,30.93331665981355,24.451297694294016
2021-12-28 12:00:00,12.643805409440144,30.725457657087773,24.269511293554665
2021-12-28 13:00:00,13.685087483010754,31.38252354908736,24.8551512841349
2021-12-28 14:00:00,12.643649711866383,31.100833607869344,24.24649504791821
2021-12-28 15:00:00,14.273055894040471,33.85411489532949,26.484571668191894
2021-12-28 16:00:00,19.44611679914169,41.59497318041065,33.2088498885073
2021-12-28 17:00:00,24.67462707435145,48.99965816896413,39.93917153733032
2021-12-28 18:00:00,26.41312351786502,50.37208286261125,40.684623114531085
2021-12-28 19:00:00,22.705289302654087,46.224334176773496,37.25319625112669
2021-12-28 20:00:00,20.118045928801127,42.95209106222,34.43180388939505
2021-12-28 21:00:00,16.716959066604772,37.147197117242065,29.52286337974644
2021-12-28 22:00:00,12.67651089628611,27.754223439814286,22.085756645795918
2021-12-28 23:00:00,9.37115679995394,20.233091012954606,16.03711265546641
2021-12-29 00:00:00,7.044248544877625,15.669001242787209,12.094764480713446
2021-12-29 01:00:00,5.946176262569896,14.040676289103427,10.702198151770569
2021-12-29 02:00:00,5.683022114654252,13.935995828951114,10.51641667604831
2021-12-29 03:00:00,5.7639771957975725,15.713797097565902,11.594410454584697
2021-12-29 04:00:00,6.155325355256048,18.57984914571684,13.58697979772945
2021-12-29 05:00:00,8.252712622757105,24.914618634412463,18.369482301145542
2021-12-29 06:00:00,14.062415510868412,38.542289403317035,28.69962583757235
2021-12-29 07:00:00,18.861532977561968,46.91331717767754,35.35053465037272
2021-12-29 08:00:00,18.5186458713182,43.683770729148144,33.34237256876691
2021-12-29 09:00:00,14.353835330528849,34.31357044571978,26.16646301119375
2021-12-29 10:00:00,12.818319104217546,28.999773288538414,22.265613209192683
2021-12-29 11:00:00,12.428284391470603,26.710880578038534,21.116625530557872
2021-12-29 12:00:00,12.421123384363742,26.07714863733746,20.79135637671108
2021-12-29 13:00:00,13.156587906937391,26.212480378644248,20.860978664934304
2021-12-29 14:00:00,12.50518723543195,25.856429173392833,20.526972852266105
2021-12-29 15:00:00,13.062654360658614,27.58455982183084,21.90724585666322
2021-12-29 16:00:00,18.417083836952372,35.32405419147848,28.566226986955485
2021-12-29 17:00:00,24.13135842222719,43.08454316313922,35.35076753951289
2021-12-29 18:00:00,25.184760771355826,44.79125679280082,36.1037483200579
2021-12-29 19:00:00,21.48042671358052,40.780173225853595,32.88532767829288
2021-12-29 20:00:00,19.169791497586022,37.84617085466059,30.32277628596092
2021-12-29 21:00:00,15.870909910823613,32.506841737844965,25.883823241769818
2021-12-29 22:00:00,11.82157825963065,23.542178265425708,18.916698662245995
2021-12-29 23:00:00,8.38401934496486,16.235077885622868,13.07625433641119
2021-12-30 00:00:00,6.63468965489963,13.350868114687207,10.71430737937188
2021-12-30 01:00:00,5.467177977307739,12.00413282775965,9.560876258352684
2021-12-30 02:00:00,5.290841998534647,11.9952087680627,9.437495924832785
2021-12-30 03:00:00,5.278834726124094,13.283152644882776,10.240226127357058
2021-12-30 04:00:00,5.663598036197108,15.966730205258383,12.150419426162617
2021-12-30 05:00:00,7.775385416962005,21.76300769818673,16.653316358195795
2021-12-30 06:00:00,11.977855687990177,32.913442367782366,24.97454602917659
2021-12-30 07:00:00,17.74154221793504,42.18515382666671,32.28942927872272
2021-12-30 08:00:00,17.373030006164786,39.78698513193944,30.598096684204272
2021-12-30 09:00:00,14.031993384002929,32.71563200730254,25.397204572781007
2021-12-30 10:00:00,12.64118141530371,28.602532666716243,22.403441883746865
2021-12-30 11:00:00,12.69421444484666,27.39993628680814,21.840088426429652
2021-12-30 12:00:00,12.160191756827123,26.04914641270896,20.972585813228548
2021-12-30 13:00:00,12.942152454466589,26.34279381942517,21.107390773180697
2021-12-30 14:00:00,11.957664397941581,25.620005393003396,20.44804504840432
2021-12-30 15:00:00,13.344710617073606,28.71451961635791,22.957191445358276
2021-12-30 16:00:00,18.704003158606934,36.816705496103395,29.791136445739728
2021-12-30 17:00:00,24.270533576095335,44.94739527302209,36.96518760680975
2021-12-30 18:00:00,26.293494055828624,48.01373492601517,38.839770454365286
2021-12-30 19:00:00,23.037158476290752,45.0186147772615,36.451445876290876
2021-12-30 20:00:00,20.044628371393244,41.58719013626515,33.25303686379181
2021-12-30 21:00:00,16.274029458183307,34.602481483698206,27.60125813819364
2021-12-30 22:00:00,12.386100459034676,25.618573195224492,20.450051239011305
2021-12-30 23:00:00,9.191107191316684,18.32957646786658,14.713341224600056
2021-12-31 00:00:00,7.30175302041663,16.278101699292634,12.78133231467107
2021-12-31 01:00:00,6.003161222296626,14.70676553671134,11.42434716966367
2021-12-31 02:00:00,5.7515972037123815,14.81413511373593,11.316062459135313
2021-12-31 03:00:00,5.717028359653507,16.154516992491146,12.085100954991916
2021-12-31 04:00:00,6.062675333955219,18.786534042006984,13.939451707910742
2021-12-31 05:00:00,8.75534329109719,25.766116771881844,19.266357920894006
2021-12-31 06:00:00,13.664750300467956,37.330049649674116,28.35356592643219
2021-12-31 07:00:00,19.521962919902524,47.257348959685785,36.08173081094237
2021-12-31 08:00:00,19.026198960482777,45.313784611101774,35.13152068881242
2021-12-31 09:00:00,14.849499640073423,37.415526931326006,28.47068198936842
2021-12-31 10:00:00,13.126835002226562,32.81477316985815,25.389909625153866
2021-12-31 11:00:00,12.123144657537702,29.766088218451678,23.517663194741047
2021-12-31 12:00:00,12.270302747208277,29.00727425902032,23.013042820430936
2021-12-31 13:00:00,13.16855489520454,29.90735219678867,23.664300338594845
2021-12-31 14:00:00,11.551127035157636,27.86028064524742,21.971198129604645
2021-12-31 15:00:00,13.647763556450949,30.952258036580773,24.310648034760916
2021-12-31 16:00:00,19.243765129697195,38.643714740569344,31.136728915303337
2021-12-31 17:00:00,24.048457617073506,45.232423690036626,37.23454480920762
2021-12-31 18:00:00,25.315040235888034,46.63554983521343,37.80020899801881
2021-12-31 19:00:00,21.79498164623522,42.40250342082983,34.41046048343607
2021-12-31 20:00:00,19.946696412739968,39.82488041608021,32.238146290870176
2021-12-31 21:00:00,16.0435572338489,32.97288202717024,26.594981326906876
2021-12-31 22:00:00,11.95643320317707,24.186188680200857,19.5132242843958
2021-12-31 23:00:00,8.825900936662055,17.423187899372504,14.10678520401464
